Region,Geo_ID,Region Type,Variable,Common Name,Units,Description,Historical median climate,"Mid-century median climate, moderate scenario","End-of-century median climate, moderate scenario","Mid-century median climate, high scenario","End-of-century median climate, high scenario"
Nova Scotia,12,Province,am,Accumulated Moisture,mm,"The average estimated difference between total precipitation and evapotranspiration over a running total of 3 months. For each year, the difference between total precipitation and Thornthwaite potential evaporation is calculated for a three-month moving window. The annual value is then summed over those 12 values.",885,936,942,935,926
Annapolis,1205,Census Division,am,Accumulated Moisture,mm,"The average estimated difference between total precipitation and evapotranspiration over a running total of 3 months. For each year, the difference between total precipitation and Thornthwaite potential evaporation is calculated for a three-month moving window. The annual value is then summed over those 12 values.",821,884,884,891,891
Antigonish,1214,Census Division,am,Accumulated Moisture,mm,"The average estimated difference between total precipitation and evapotranspiration over a running total of 3 months. For each year, the difference between total precipitation and Thornthwaite potential evaporation is calculated for a three-month moving window. The annual value is then summed over those 12 values.",889,934,935,923,915
Cape Breton,1217,Census Division,am,Accumulated Moisture,mm,"The average estimated difference between total precipitation and evapotranspiration over a running total of 3 months. For each year, the difference between total precipitation and Thornthwaite potential evaporation is calculated for a three-month moving window. The annual value is then summed over those 12 values.","1,054","1,113","1,109","1,098","1,069"
Colchester,1210,Census Division,am,Accumulated Moisture,mm,"The average estimated difference between total precipitation and evapotranspiration over a running total of 3 months. For each year, the difference between total precipitation and Thornthwaite potential evaporation is calculated for a three-month moving window. The annual value is then summed over those 12 values.",807,863,857,852,847
Cumberland,1211,Census Division,am,Accumulated Moisture,mm,"The average estimated difference between total precipitation and evapotranspiration over a running total of 3 months. For each year, the difference between total precipitation and Thornthwaite potential evaporation is calculated for a three-month moving window. The annual value is then summed over those 12 values.",727,793,777,780,779
Digby,1203,Census Division,am,Accumulated Moisture,mm,"The average estimated difference between total precipitation and evapotranspiration over a running total of 3 months. For each year, the difference between total precipitation and Thornthwaite potential evaporation is calculated for a three-month moving window. The annual value is then summed over those 12 values.",794,850,856,858,850
Guysborough,1213,Census Division,am,Accumulated Moisture,mm,"The average estimated difference between total precipitation and evapotranspiration over a running total of 3 months. For each year, the difference between total precipitation and Thornthwaite potential evaporation is calculated for a three-month moving window. The annual value is then summed over those 12 values.",931,976,981,968,962
Halifax,1209,Census Division,am,Accumulated Moisture,mm,"The average estimated difference between total precipitation and evapotranspiration over a running total of 3 months. For each year, the difference between total precipitation and Thornthwaite potential evaporation is calculated for a three-month moving window. The annual value is then summed over those 12 values.",916,972,971,968,969
Hants,1208,Census Division,am,Accumulated Moisture,mm,"The average estimated difference between total precipitation and evapotranspiration over a running total of 3 months. For each year, the difference between total precipitation and Thornthwaite potential evaporation is calculated for a three-month moving window. The annual value is then summed over those 12 values.",841,904,898,897,899
Inverness,1215,Census Division,am,Accumulated Moisture,mm,"The average estimated difference between total precipitation and evapotranspiration over a running total of 3 months. For each year, the difference between total precipitation and Thornthwaite potential evaporation is calculated for a three-month moving window. The annual value is then summed over those 12 values.",980,"1,034","1,038","1,020","1,002"
Kings,1207,Census Division,am,Accumulated Moisture,mm,"The average estimated difference between total precipitation and evapotranspiration over a running total of 3 months. For each year, the difference between total precipitation and Thornthwaite potential evaporation is calculated for a three-month moving window. The annual value is then summed over those 12 values.",791,855,847,851,854
Lunenburg,1206,Census Division,am,Accumulated Moisture,mm,"The average estimated difference between total precipitation and evapotranspiration over a running total of 3 months. For each year, the difference between total precipitation and Thornthwaite potential evaporation is calculated for a three-month moving window. The annual value is then summed over those 12 values.",910,983,973,980,973
Pictou,1212,Census Division,am,Accumulated Moisture,mm,"The average estimated difference between total precipitation and evapotranspiration over a running total of 3 months. For each year, the difference between total precipitation and Thornthwaite potential evaporation is calculated for a three-month moving window. The annual value is then summed over those 12 values.",845,893,890,882,877
Queens,1204,Census Division / Consolidated Census Subdivision,am,Accumulated Moisture,mm,"The average estimated difference between total precipitation and evapotranspiration over a running total of 3 months. For each year, the difference between total precipitation and Thornthwaite potential evaporation is calculated for a three-month moving window. The annual value is then summed over those 12 values.",910,981,973,983,965
Richmond,1216,Census Division / Consolidated Census Subdivision,am,Accumulated Moisture,mm,"The average estimated difference between total precipitation and evapotranspiration over a running total of 3 months. For each year, the difference between total precipitation and Thornthwaite potential evaporation is calculated for a three-month moving window. The annual value is then summed over those 12 values.",976,"1,018","1,024","1,003",975
Shelburne,1201,Census Division / Consolidated Census Subdivision,am,Accumulated Moisture,mm,"The average estimated difference between total precipitation and evapotranspiration over a running total of 3 months. For each year, the difference between total precipitation and Thornthwaite potential evaporation is calculated for a three-month moving window. The annual value is then summed over those 12 values.",849,914,909,917,883
Victoria,1218,Census Division / Consolidated Census Subdivision,am,Accumulated Moisture,mm,"The average estimated difference between total precipitation and evapotranspiration over a running total of 3 months. For each year, the difference between total precipitation and Thornthwaite potential evaporation is calculated for a three-month moving window. The annual value is then summed over those 12 values.","1,071","1,134","1,137","1,125","1,112"
Yarmouth,1202,Census Division,am,Accumulated Moisture,mm,"The average estimated difference between total precipitation and evapotranspiration over a running total of 3 months. For each year, the difference between total precipitation and Thornthwaite potential evaporation is calculated for a three-month moving window. The annual value is then summed over those 12 values.",809,865,866,868,841
"Annapolis, Subd. A",1205004,Consolidated Census Subdivision,am,Accumulated Moisture,mm,"The average estimated difference between total precipitation and evapotranspiration over a running total of 3 months. For each year, the difference between total precipitation and Thornthwaite potential evaporation is calculated for a three-month moving window. The annual value is then summed over those 12 values.",789,848,850,858,864
"Annapolis, Subd. B",1205009,Consolidated Census Subdivision,am,Accumulated Moisture,mm,"The average estimated difference between total precipitation and evapotranspiration over a running total of 3 months. For each year, the difference between total precipitation and Thornthwaite potential evaporation is calculated for a three-month moving window. The annual value is then summed over those 12 values.",780,839,837,845,850
"Annapolis, Subd. C",1205014,Consolidated Census Subdivision,am,Accumulated Moisture,mm,"The average estimated difference between total precipitation and evapotranspiration over a running total of 3 months. For each year, the difference between total precipitation and Thornthwaite potential evaporation is calculated for a three-month moving window. The annual value is then summed over those 12 values.",750,808,805,810,812
"Annapolis, Subd. D",1205001,Consolidated Census Subdivision,am,Accumulated Moisture,mm,"The average estimated difference between total precipitation and evapotranspiration over a running total of 3 months. For each year, the difference between total precipitation and Thornthwaite potential evaporation is calculated for a three-month moving window. The annual value is then summed over those 12 values.",848,913,913,920,917
"Antigonish, Subd. A",1214001,Consolidated Census Subdivision,am,Accumulated Moisture,mm,"The average estimated difference between total precipitation and evapotranspiration over a running total of 3 months. For each year, the difference between total precipitation and Thornthwaite potential evaporation is calculated for a three-month moving window. The annual value is then summed over those 12 values.",880,927,926,916,908
"Antigonish, Subd. B",1214006,Consolidated Census Subdivision,am,Accumulated Moisture,mm,"The average estimated difference between total precipitation and evapotranspiration over a running total of 3 months. For each year, the difference between total precipitation and Thornthwaite potential evaporation is calculated for a three-month moving window. The annual value is then summed over those 12 values.",906,948,953,939,929
Argyle,1202001,Consolidated Census Subdivision,am,Accumulated Moisture,mm,"The average estimated difference between total precipitation and evapotranspiration over a running total of 3 months. For each year, the difference between total precipitation and Thornthwaite potential evaporation is calculated for a three-month moving window. The annual value is then summed over those 12 values.",819,878,877,880,852
Cape Breton - Outlying Areas,1217030A,Consolidated Census Subdivision,am,Accumulated Moisture,mm,"The average estimated difference between total precipitation and evapotranspiration over a running total of 3 months. For each year, the difference between total precipitation and Thornthwaite potential evaporation is calculated for a three-month moving window. The annual value is then summed over those 12 values.","1,052","1,111","1,107","1,095","1,065"
Chester,1206009,Consolidated Census Subdivision,am,Accumulated Moisture,mm,"The average estimated difference between total precipitation and evapotranspiration over a running total of 3 months. For each year, the difference between total precipitation and Thornthwaite potential evaporation is calculated for a three-month moving window. The annual value is then summed over those 12 values.",902,972,963,969,967
Clare,1203001,Consolidated Census Subdivision,am,Accumulated Moisture,mm,"The average estimated difference between total precipitation and evapotranspiration over a running total of 3 months. For each year, the difference between total precipitation and Thornthwaite potential evaporation is calculated for a three-month moving window. The annual value is then summed over those 12 values.",770,820,824,827,821
"Colchester, Subd. A",1210012,Consolidated Census Subdivision,am,Accumulated Moisture,mm,"The average estimated difference between total precipitation and evapotranspiration over a running total of 3 months. For each year, the difference between total precipitation and Thornthwaite potential evaporation is calculated for a three-month moving window. The annual value is then summed over those 12 values.",781,846,836,833,832
"Colchester, Subd. B",1210008,Consolidated Census Subdivision,am,Accumulated Moisture,mm,"The average estimated difference between total precipitation and evapotranspiration over a running total of 3 months. For each year, the difference between total precipitation and Thornthwaite potential evaporation is calculated for a three-month moving window. The annual value is then summed over those 12 values.",783,835,829,824,819
"Colchester, Subd. C",1210001,Consolidated Census Subdivision,am,Accumulated Moisture,mm,"The average estimated difference between total precipitation and evapotranspiration over a running total of 3 months. For each year, the difference between total precipitation and Thornthwaite potential evaporation is calculated for a three-month moving window. The annual value is then summed over those 12 values.",848,901,899,891,889
"Cumberland, Subd. A",1211001,Consolidated Census Subdivision,am,Accumulated Moisture,mm,"The average estimated difference between total precipitation and evapotranspiration over a running total of 3 months. For each year, the difference between total precipitation and Thornthwaite potential evaporation is calculated for a three-month moving window. The annual value is then summed over those 12 values.",736,804,785,793,799
"Cumberland, Subd. B",1211006,Consolidated Census Subdivision,am,Accumulated Moisture,mm,"The average estimated difference between total precipitation and evapotranspiration over a running total of 3 months. For each year, the difference between total precipitation and Thornthwaite potential evaporation is calculated for a three-month moving window. The annual value is then summed over those 12 values.",752,821,803,807,806
"Cumberland, Subd. C",1211009,Consolidated Census Subdivision,am,Accumulated Moisture,mm,"The average estimated difference between total precipitation and evapotranspiration over a running total of 3 months. For each year, the difference between total precipitation and Thornthwaite potential evaporation is calculated for a three-month moving window. The annual value is then summed over those 12 values.",702,764,747,750,746
"Cumberland, Subd. D",1211014,Consolidated Census Subdivision,am,Accumulated Moisture,mm,"The average estimated difference between total precipitation and evapotranspiration over a running total of 3 months. For each year, the difference between total precipitation and Thornthwaite potential evaporation is calculated for a three-month moving window. The annual value is then summed over those 12 values.",729,789,778,776,772
Digby,1203004,Consolidated Census Subdivision,am,Accumulated Moisture,mm,"The average estimated difference between total precipitation and evapotranspiration over a running total of 3 months. For each year, the difference between total precipitation and Thornthwaite potential evaporation is calculated for a three-month moving window. The annual value is then summed over those 12 values.",809,867,873,876,867
East Hants,1208008,Consolidated Census Subdivision,am,Accumulated Moisture,mm,"The average estimated difference between total precipitation and evapotranspiration over a running total of 3 months. For each year, the difference between total precipitation and Thornthwaite potential evaporation is calculated for a three-month moving window. The annual value is then summed over those 12 values.",841,902,896,894,895
Guysborough,1213004,Consolidated Census Subdivision,am,Accumulated Moisture,mm,"The average estimated difference between total precipitation and evapotranspiration over a running total of 3 months. For each year, the difference between total precipitation and Thornthwaite potential evaporation is calculated for a three-month moving window. The annual value is then summed over those 12 values.",939,979,986,969,958
Halifax - Central,1209034B,Consolidated Census Subdivision,am,Accumulated Moisture,mm,"The average estimated difference between total precipitation and evapotranspiration over a running total of 3 months. For each year, the difference between total precipitation and Thornthwaite potential evaporation is calculated for a three-month moving window. The annual value is then summed over those 12 values.",933,996,991,992,995
Halifax - East,1209034A,Consolidated Census Subdivision,am,Accumulated Moisture,mm,"The average estimated difference between total precipitation and evapotranspiration over a running total of 3 months. For each year, the difference between total precipitation and Thornthwaite potential evaporation is calculated for a three-month moving window. The annual value is then summed over those 12 values.",915,971,971,964,966
Halifax - West,1209034C,Consolidated Census Subdivision,am,Accumulated Moisture,mm,"The average estimated difference between total precipitation and evapotranspiration over a running total of 3 months. For each year, the difference between total precipitation and Thornthwaite potential evaporation is calculated for a three-month moving window. The annual value is then summed over those 12 values.",933,"1,000",988,994,993
"Inverness, Subd. A",1215011,Consolidated Census Subdivision,am,Accumulated Moisture,mm,"The average estimated difference between total precipitation and evapotranspiration over a running total of 3 months. For each year, the difference between total precipitation and Thornthwaite potential evaporation is calculated for a three-month moving window. The annual value is then summed over those 12 values.","1,022","1,083","1,087","1,074","1,056"
"Inverness, Subd. B",1215006,Consolidated Census Subdivision,am,Accumulated Moisture,mm,"The average estimated difference between total precipitation and evapotranspiration over a running total of 3 months. For each year, the difference between total precipitation and Thornthwaite potential evaporation is calculated for a three-month moving window. The annual value is then summed over those 12 values.",933,976,985,962,948
"Inverness, Subd. C",1215001,Consolidated Census Subdivision,am,Accumulated Moisture,mm,"The average estimated difference between total precipitation and evapotranspiration over a running total of 3 months. For each year, the difference between total precipitation and Thornthwaite potential evaporation is calculated for a three-month moving window. The annual value is then summed over those 12 values.",954,993,"1,004",982,969
"Kings, Subd. A",1207001,Consolidated Census Subdivision,am,Accumulated Moisture,mm,"The average estimated difference between total precipitation and evapotranspiration over a running total of 3 months. For each year, the difference between total precipitation and Thornthwaite potential evaporation is calculated for a three-month moving window. The annual value is then summed over those 12 values.",793,856,850,855,857
"Kings, Subd. B",1207016,Consolidated Census Subdivision,am,Accumulated Moisture,mm,"The average estimated difference between total precipitation and evapotranspiration over a running total of 3 months. For each year, the difference between total precipitation and Thornthwaite potential evaporation is calculated for a three-month moving window. The annual value is then summed over those 12 values.",751,816,801,807,807
"Kings, Subd. C",1207011,Consolidated Census Subdivision,am,Accumulated Moisture,mm,"The average estimated difference between total precipitation and evapotranspiration over a running total of 3 months. For each year, the difference between total precipitation and Thornthwaite potential evaporation is calculated for a three-month moving window. The annual value is then summed over those 12 values.",827,894,886,889,892
"Kings, Subd. D",1207021,Consolidated Census Subdivision,am,Accumulated Moisture,mm,"The average estimated difference between total precipitation and evapotranspiration over a running total of 3 months. For each year, the difference between total precipitation and Thornthwaite potential evaporation is calculated for a three-month moving window. The annual value is then summed over those 12 values.",806,872,863,865,867
Lunenburg,1206001,Consolidated Census Subdivision,am,Accumulated Moisture,mm,"The average estimated difference between total precipitation and evapotranspiration over a running total of 3 months. For each year, the difference between total precipitation and Thornthwaite potential evaporation is calculated for a three-month moving window. The annual value is then summed over those 12 values.",918,992,981,989,978
"Pictou, Subd. A",1212001,Consolidated Census Subdivision,am,Accumulated Moisture,mm,"The average estimated difference between total precipitation and evapotranspiration over a running total of 3 months. For each year, the difference between total precipitation and Thornthwaite potential evaporation is calculated for a three-month moving window. The annual value is then summed over those 12 values.",778,820,820,811,802
"Pictou, Subd. B",1212006,Consolidated Census Subdivision,am,Accumulated Moisture,mm,"The average estimated difference between total precipitation and evapotranspiration over a running total of 3 months. For each year, the difference between total precipitation and Thornthwaite potential evaporation is calculated for a three-month moving window. The annual value is then summed over those 12 values.",865,915,912,904,901
"Pictou, Subd. C",1212011,Consolidated Census Subdivision,am,Accumulated Moisture,mm,"The average estimated difference between total precipitation and evapotranspiration over a running total of 3 months. For each year, the difference between total precipitation and Thornthwaite potential evaporation is calculated for a three-month moving window. The annual value is then summed over those 12 values.",878,928,924,916,913
St. Mary's,1213001,Consolidated Census Subdivision,am,Accumulated Moisture,mm,"The average estimated difference between total precipitation and evapotranspiration over a running total of 3 months. For each year, the difference between total precipitation and Thornthwaite potential evaporation is calculated for a three-month moving window. The annual value is then summed over those 12 values.",930,983,979,973,970
Sydney and Surrounds,1217030B,Consolidated Census Subdivision,am,Accumulated Moisture,mm,"The average estimated difference between total precipitation and evapotranspiration over a running total of 3 months. For each year, the difference between total precipitation and Thornthwaite potential evaporation is calculated for a three-month moving window. The annual value is then summed over those 12 values.","1,074","1,136","1,134","1,126","1,102"
West Hants,1208003,Consolidated Census Subdivision,am,Accumulated Moisture,mm,"The average estimated difference between total precipitation and evapotranspiration over a running total of 3 months. For each year, the difference between total precipitation and Thornthwaite potential evaporation is calculated for a three-month moving window. The annual value is then summed over those 12 values.",846,912,904,905,906
Yarmouth,1202004,Consolidated Census Subdivision,am,Accumulated Moisture,mm,"The average estimated difference between total precipitation and evapotranspiration over a running total of 3 months. For each year, the difference between total precipitation and Thornthwaite potential evaporation is calculated for a three-month moving window. The annual value is then summed over those 12 values.",787,837,840,841,818
Nova Scotia,12,Province,cdd,Consecutive Dry Days,days,The maximum number of consecutive days over the season for which the precipitation was less than 1 mm.,12,12,12,12,12
Annapolis,1205,Census Division,cdd,Consecutive Dry Days,days,The maximum number of consecutive days over the season for which the precipitation was less than 1 mm.,13,12,12,13,12
Antigonish,1214,Census Division,cdd,Consecutive Dry Days,days,The maximum number of consecutive days over the season for which the precipitation was less than 1 mm.,12,11,12,12,12
Cape Breton,1217,Census Division,cdd,Consecutive Dry Days,days,The maximum number of consecutive days over the season for which the precipitation was less than 1 mm.,11,11,11,10,11
Colchester,1210,Census Division,cdd,Consecutive Dry Days,days,The maximum number of consecutive days over the season for which the precipitation was less than 1 mm.,12,12,12,12,11
Cumberland,1211,Census Division,cdd,Consecutive Dry Days,days,The maximum number of consecutive days over the season for which the precipitation was less than 1 mm.,12,12,12,12,12
Digby,1203,Census Division,cdd,Consecutive Dry Days,days,The maximum number of consecutive days over the season for which the precipitation was less than 1 mm.,13,13,13,13,13
Guysborough,1213,Census Division,cdd,Consecutive Dry Days,days,The maximum number of consecutive days over the season for which the precipitation was less than 1 mm.,12,12,12,12,12
Halifax,1209,Census Division,cdd,Consecutive Dry Days,days,The maximum number of consecutive days over the season for which the precipitation was less than 1 mm.,12,12,12,12,12
Hants,1208,Census Division,cdd,Consecutive Dry Days,days,The maximum number of consecutive days over the season for which the precipitation was less than 1 mm.,12,12,12,12,12
Inverness,1215,Census Division,cdd,Consecutive Dry Days,days,The maximum number of consecutive days over the season for which the precipitation was less than 1 mm.,11,11,11,11,11
Kings,1207,Census Division,cdd,Consecutive Dry Days,days,The maximum number of consecutive days over the season for which the precipitation was less than 1 mm.,12,12,12,12,12
Lunenburg,1206,Census Division,cdd,Consecutive Dry Days,days,The maximum number of consecutive days over the season for which the precipitation was less than 1 mm.,13,12,12,13,13
Pictou,1212,Census Division,cdd,Consecutive Dry Days,days,The maximum number of consecutive days over the season for which the precipitation was less than 1 mm.,11,11,11,12,12
Queens,1204,Census Division / Consolidated Census Subdivision,cdd,Consecutive Dry Days,days,The maximum number of consecutive days over the season for which the precipitation was less than 1 mm.,14,13,13,13,13
Richmond,1216,Census Division / Consolidated Census Subdivision,cdd,Consecutive Dry Days,days,The maximum number of consecutive days over the season for which the precipitation was less than 1 mm.,11,11,11,11,12
Shelburne,1201,Census Division / Consolidated Census Subdivision,cdd,Consecutive Dry Days,days,The maximum number of consecutive days over the season for which the precipitation was less than 1 mm.,13,12,13,13,13
Victoria,1218,Census Division / Consolidated Census Subdivision,cdd,Consecutive Dry Days,days,The maximum number of consecutive days over the season for which the precipitation was less than 1 mm.,10,10,10,10,11
Yarmouth,1202,Census Division,cdd,Consecutive Dry Days,days,The maximum number of consecutive days over the season for which the precipitation was less than 1 mm.,13,13,13,13,13
"Annapolis, Subd. A",1205004,Consolidated Census Subdivision,cdd,Consecutive Dry Days,days,The maximum number of consecutive days over the season for which the precipitation was less than 1 mm.,13,13,13,13,12
"Annapolis, Subd. B",1205009,Consolidated Census Subdivision,cdd,Consecutive Dry Days,days,The maximum number of consecutive days over the season for which the precipitation was less than 1 mm.,12,13,12,13,12
"Annapolis, Subd. C",1205014,Consolidated Census Subdivision,cdd,Consecutive Dry Days,days,The maximum number of consecutive days over the season for which the precipitation was less than 1 mm.,12,12,12,12,12
"Annapolis, Subd. D",1205001,Consolidated Census Subdivision,cdd,Consecutive Dry Days,days,The maximum number of consecutive days over the season for which the precipitation was less than 1 mm.,13,12,12,13,12
"Antigonish, Subd. A",1214001,Consolidated Census Subdivision,cdd,Consecutive Dry Days,days,The maximum number of consecutive days over the season for which the precipitation was less than 1 mm.,12,11,12,12,12
"Antigonish, Subd. B",1214006,Consolidated Census Subdivision,cdd,Consecutive Dry Days,days,The maximum number of consecutive days over the season for which the precipitation was less than 1 mm.,12,12,12,12,12
Argyle,1202001,Consolidated Census Subdivision,cdd,Consecutive Dry Days,days,The maximum number of consecutive days over the season for which the precipitation was less than 1 mm.,13,13,13,13,13
Cape Breton - Outlying Areas,1217030A,Consolidated Census Subdivision,cdd,Consecutive Dry Days,days,The maximum number of consecutive days over the season for which the precipitation was less than 1 mm.,11,10,11,11,11
Chester,1206009,Consolidated Census Subdivision,cdd,Consecutive Dry Days,days,The maximum number of consecutive days over the season for which the precipitation was less than 1 mm.,12,12,12,12,12
Clare,1203001,Consolidated Census Subdivision,cdd,Consecutive Dry Days,days,The maximum number of consecutive days over the season for which the precipitation was less than 1 mm.,13,13,13,13,13
"Colchester, Subd. A",1210012,Consolidated Census Subdivision,cdd,Consecutive Dry Days,days,The maximum number of consecutive days over the season for which the precipitation was less than 1 mm.,12,12,12,12,12
"Colchester, Subd. B",1210008,Consolidated Census Subdivision,cdd,Consecutive Dry Days,days,The maximum number of consecutive days over the season for which the precipitation was less than 1 mm.,12,11,12,12,12
"Colchester, Subd. C",1210001,Consolidated Census Subdivision,cdd,Consecutive Dry Days,days,The maximum number of consecutive days over the season for which the precipitation was less than 1 mm.,12,12,12,12,12
"Cumberland, Subd. A",1211001,Consolidated Census Subdivision,cdd,Consecutive Dry Days,days,The maximum number of consecutive days over the season for which the precipitation was less than 1 mm.,12,12,12,12,12
"Cumberland, Subd. B",1211006,Consolidated Census Subdivision,cdd,Consecutive Dry Days,days,The maximum number of consecutive days over the season for which the precipitation was less than 1 mm.,12,12,12,12,12
"Cumberland, Subd. C",1211009,Consolidated Census Subdivision,cdd,Consecutive Dry Days,days,The maximum number of consecutive days over the season for which the precipitation was less than 1 mm.,12,12,12,12,12
"Cumberland, Subd. D",1211014,Consolidated Census Subdivision,cdd,Consecutive Dry Days,days,The maximum number of consecutive days over the season for which the precipitation was less than 1 mm.,12,12,12,12,11
Digby,1203004,Consolidated Census Subdivision,cdd,Consecutive Dry Days,days,The maximum number of consecutive days over the season for which the precipitation was less than 1 mm.,13,13,13,13,13
East Hants,1208008,Consolidated Census Subdivision,cdd,Consecutive Dry Days,days,The maximum number of consecutive days over the season for which the precipitation was less than 1 mm.,12,12,12,13,12
Guysborough,1213004,Consolidated Census Subdivision,cdd,Consecutive Dry Days,days,The maximum number of consecutive days over the season for which the precipitation was less than 1 mm.,12,12,12,12,12
Halifax - Central,1209034B,Consolidated Census Subdivision,cdd,Consecutive Dry Days,days,The maximum number of consecutive days over the season for which the precipitation was less than 1 mm.,12,12,12,12,12
Halifax - East,1209034A,Consolidated Census Subdivision,cdd,Consecutive Dry Days,days,The maximum number of consecutive days over the season for which the precipitation was less than 1 mm.,12,12,12,13,12
Halifax - West,1209034C,Consolidated Census Subdivision,cdd,Consecutive Dry Days,days,The maximum number of consecutive days over the season for which the precipitation was less than 1 mm.,10,10,10,10,11
"Inverness, Subd. A",1215011,Consolidated Census Subdivision,cdd,Consecutive Dry Days,days,The maximum number of consecutive days over the season for which the precipitation was less than 1 mm.,11,11,11,11,11
"Inverness, Subd. B",1215006,Consolidated Census Subdivision,cdd,Consecutive Dry Days,days,The maximum number of consecutive days over the season for which the precipitation was less than 1 mm.,11,11,12,11,11
"Inverness, Subd. C",1215001,Consolidated Census Subdivision,cdd,Consecutive Dry Days,days,The maximum number of consecutive days over the season for which the precipitation was less than 1 mm.,12,12,12,12,12
"Kings, Subd. A",1207001,Consolidated Census Subdivision,cdd,Consecutive Dry Days,days,The maximum number of consecutive days over the season for which the precipitation was less than 1 mm.,13,12,12,13,12
"Kings, Subd. B",1207016,Consolidated Census Subdivision,cdd,Consecutive Dry Days,days,The maximum number of consecutive days over the season for which the precipitation was less than 1 mm.,12,12,12,12,12
"Kings, Subd. C",1207011,Consolidated Census Subdivision,cdd,Consecutive Dry Days,days,The maximum number of consecutive days over the season for which the precipitation was less than 1 mm.,12,13,12,13,12
"Kings, Subd. D",1207021,Consolidated Census Subdivision,cdd,Consecutive Dry Days,days,The maximum number of consecutive days over the season for which the precipitation was less than 1 mm.,13,13,12,13,13
Lunenburg,1206001,Consolidated Census Subdivision,cdd,Consecutive Dry Days,days,The maximum number of consecutive days over the season for which the precipitation was less than 1 mm.,11,11,12,12,12
"Pictou, Subd. A",1212001,Consolidated Census Subdivision,cdd,Consecutive Dry Days,days,The maximum number of consecutive days over the season for which the precipitation was less than 1 mm.,11,11,11,12,12
"Pictou, Subd. B",1212006,Consolidated Census Subdivision,cdd,Consecutive Dry Days,days,The maximum number of consecutive days over the season for which the precipitation was less than 1 mm.,11,11,12,12,12
"Pictou, Subd. C",1212011,Consolidated Census Subdivision,cdd,Consecutive Dry Days,days,The maximum number of consecutive days over the season for which the precipitation was less than 1 mm.,12,12,12,12,12
St. Mary's,1213001,Consolidated Census Subdivision,cdd,Consecutive Dry Days,days,The maximum number of consecutive days over the season for which the precipitation was less than 1 mm.,10,10,10,10,10
Sydney and Surrounds,1217030B,Consolidated Census Subdivision,cdd,Consecutive Dry Days,days,The maximum number of consecutive days over the season for which the precipitation was less than 1 mm.,12,12,12,13,13
West Hants,1208003,Consolidated Census Subdivision,cdd,Consecutive Dry Days,days,The maximum number of consecutive days over the season for which the precipitation was less than 1 mm.,13,12,12,12,12
Yarmouth,1202004,Consolidated Census Subdivision,cdd,Consecutive Dry Days,days,The maximum number of consecutive days over the season for which the precipitation was less than 1 mm.,13,13,13,13,13
Nova Scotia,12,Province,cdd18_ann,Cooling Degree Days,degree days,"The accumulated total of degrees Celsius above 18Â°C mean temperature over the season. For any day above 18Â°C, the temperature that is accumulated is just the amount over 18Â°C.",75,194,245,250,451
Annapolis,1205,Census Division,cdd18_ann,Cooling Degree Days,degree days,"The accumulated total of degrees Celsius above 18Â°C mean temperature over the season. For any day above 18Â°C, the temperature that is accumulated is just the amount over 18Â°C.",88,218,277,284,493
Antigonish,1214,Census Division,cdd18_ann,Cooling Degree Days,degree days,"The accumulated total of degrees Celsius above 18Â°C mean temperature over the season. For any day above 18Â°C, the temperature that is accumulated is just the amount over 18Â°C.",89,215,259,269,470
Cape Breton,1217,Census Division,cdd18_ann,Cooling Degree Days,degree days,"The accumulated total of degrees Celsius above 18Â°C mean temperature over the season. For any day above 18Â°C, the temperature that is accumulated is just the amount over 18Â°C.",66,180,221,231,414
Colchester,1210,Census Division,cdd18_ann,Cooling Degree Days,degree days,"The accumulated total of degrees Celsius above 18Â°C mean temperature over the season. For any day above 18Â°C, the temperature that is accumulated is just the amount over 18Â°C.",101,240,289,297,505
Cumberland,1211,Census Division,cdd18_ann,Cooling Degree Days,degree days,"The accumulated total of degrees Celsius above 18Â°C mean temperature over the season. For any day above 18Â°C, the temperature that is accumulated is just the amount over 18Â°C.",105,250,301,312,526
Digby,1203,Census Division,cdd18_ann,Cooling Degree Days,degree days,"The accumulated total of degrees Celsius above 18Â°C mean temperature over the season. For any day above 18Â°C, the temperature that is accumulated is just the amount over 18Â°C.",42,143,197,207,406
Guysborough,1213,Census Division,cdd18_ann,Cooling Degree Days,degree days,"The accumulated total of degrees Celsius above 18Â°C mean temperature over the season. For any day above 18Â°C, the temperature that is accumulated is just the amount over 18Â°C.",58,170,214,221,415
Halifax,1209,Census Division,cdd18_ann,Cooling Degree Days,degree days,"The accumulated total of degrees Celsius above 18Â°C mean temperature over the season. For any day above 18Â°C, the temperature that is accumulated is just the amount over 18Â°C.",74,199,250,258,459
Hants,1208,Census Division,cdd18_ann,Cooling Degree Days,degree days,"The accumulated total of degrees Celsius above 18Â°C mean temperature over the season. For any day above 18Â°C, the temperature that is accumulated is just the amount over 18Â°C.",109,253,311,317,534
Inverness,1215,Census Division,cdd18_ann,Cooling Degree Days,degree days,"The accumulated total of degrees Celsius above 18Â°C mean temperature over the season. For any day above 18Â°C, the temperature that is accumulated is just the amount over 18Â°C.",69,178,216,225,404
Kings,1207,Census Division,cdd18_ann,Cooling Degree Days,degree days,"The accumulated total of degrees Celsius above 18Â°C mean temperature over the season. For any day above 18Â°C, the temperature that is accumulated is just the amount over 18Â°C.",107,249,308,313,531
Lunenburg,1206,Census Division,cdd18_ann,Cooling Degree Days,degree days,"The accumulated total of degrees Celsius above 18Â°C mean temperature over the season. For any day above 18Â°C, the temperature that is accumulated is just the amount over 18Â°C.",103,238,301,310,522
Pictou,1212,Census Division,cdd18_ann,Cooling Degree Days,degree days,"The accumulated total of degrees Celsius above 18Â°C mean temperature over the season. For any day above 18Â°C, the temperature that is accumulated is just the amount over 18Â°C.",98,231,277,286,490
Queens,1204,Census Division / Consolidated Census Subdivision,cdd18_ann,Cooling Degree Days,degree days,"The accumulated total of degrees Celsius above 18Â°C mean temperature over the season. For any day above 18Â°C, the temperature that is accumulated is just the amount over 18Â°C.",74,191,252,264,470
Richmond,1216,Census Division / Consolidated Census Subdivision,cdd18_ann,Cooling Degree Days,degree days,"The accumulated total of degrees Celsius above 18Â°C mean temperature over the season. For any day above 18Â°C, the temperature that is accumulated is just the amount over 18Â°C.",60,172,211,223,404
Shelburne,1201,Census Division / Consolidated Census Subdivision,cdd18_ann,Cooling Degree Days,degree days,"The accumulated total of degrees Celsius above 18Â°C mean temperature over the season. For any day above 18Â°C, the temperature that is accumulated is just the amount over 18Â°C.",28,113,155,167,357
Victoria,1218,Census Division / Consolidated Census Subdivision,cdd18_ann,Cooling Degree Days,degree days,"The accumulated total of degrees Celsius above 18Â°C mean temperature over the season. For any day above 18Â°C, the temperature that is accumulated is just the amount over 18Â°C.",58,159,195,202,371
Yarmouth,1202,Census Division,cdd18_ann,Cooling Degree Days,degree days,"The accumulated total of degrees Celsius above 18Â°C mean temperature over the season. For any day above 18Â°C, the temperature that is accumulated is just the amount over 18Â°C.",25,110,157,167,363
"Annapolis, Subd. A",1205004,Consolidated Census Subdivision,cdd18_ann,Cooling Degree Days,degree days,"The accumulated total of degrees Celsius above 18Â°C mean temperature over the season. For any day above 18Â°C, the temperature that is accumulated is just the amount over 18Â°C.",77,206,264,270,482
"Annapolis, Subd. B",1205009,Consolidated Census Subdivision,cdd18_ann,Cooling Degree Days,degree days,"The accumulated total of degrees Celsius above 18Â°C mean temperature over the season. For any day above 18Â°C, the temperature that is accumulated is just the amount over 18Â°C.",95,231,290,296,512
"Annapolis, Subd. C",1205014,Consolidated Census Subdivision,cdd18_ann,Cooling Degree Days,degree days,"The accumulated total of degrees Celsius above 18Â°C mean temperature over the season. For any day above 18Â°C, the temperature that is accumulated is just the amount over 18Â°C.",111,255,317,323,544
"Annapolis, Subd. D",1205001,Consolidated Census Subdivision,cdd18_ann,Cooling Degree Days,degree days,"The accumulated total of degrees Celsius above 18Â°C mean temperature over the season. For any day above 18Â°C, the temperature that is accumulated is just the amount over 18Â°C.",87,216,274,282,488
"Antigonish, Subd. A",1214001,Consolidated Census Subdivision,cdd18_ann,Cooling Degree Days,degree days,"The accumulated total of degrees Celsius above 18Â°C mean temperature over the season. For any day above 18Â°C, the temperature that is accumulated is just the amount over 18Â°C.",93,220,263,274,476
"Antigonish, Subd. B",1214006,Consolidated Census Subdivision,cdd18_ann,Cooling Degree Days,degree days,"The accumulated total of degrees Celsius above 18Â°C mean temperature over the season. For any day above 18Â°C, the temperature that is accumulated is just the amount over 18Â°C.",83,207,251,260,461
Argyle,1202001,Consolidated Census Subdivision,cdd18_ann,Cooling Degree Days,degree days,"The accumulated total of degrees Celsius above 18Â°C mean temperature over the season. For any day above 18Â°C, the temperature that is accumulated is just the amount over 18Â°C.",26,111,158,168,364
Cape Breton - Outlying Areas,1217030A,Consolidated Census Subdivision,cdd18_ann,Cooling Degree Days,degree days,"The accumulated total of degrees Celsius above 18Â°C mean temperature over the season. For any day above 18Â°C, the temperature that is accumulated is just the amount over 18Â°C.",65,178,219,229,411
Chester,1206009,Consolidated Census Subdivision,cdd18_ann,Cooling Degree Days,degree days,"The accumulated total of degrees Celsius above 18Â°C mean temperature over the season. For any day above 18Â°C, the temperature that is accumulated is just the amount over 18Â°C.",102,240,301,308,519
Clare,1203001,Consolidated Census Subdivision,cdd18_ann,Cooling Degree Days,degree days,"The accumulated total of degrees Celsius above 18Â°C mean temperature over the season. For any day above 18Â°C, the temperature that is accumulated is just the amount over 18Â°C.",31,123,177,187,384
"Colchester, Subd. A",1210012,Consolidated Census Subdivision,cdd18_ann,Cooling Degree Days,degree days,"The accumulated total of degrees Celsius above 18Â°C mean temperature over the season. For any day above 18Â°C, the temperature that is accumulated is just the amount over 18Â°C.",97,234,283,292,501
"Colchester, Subd. B",1210008,Consolidated Census Subdivision,cdd18_ann,Cooling Degree Days,degree days,"The accumulated total of degrees Celsius above 18Â°C mean temperature over the season. For any day above 18Â°C, the temperature that is accumulated is just the amount over 18Â°C.",107,248,295,305,512
"Colchester, Subd. C",1210001,Consolidated Census Subdivision,cdd18_ann,Cooling Degree Days,degree days,"The accumulated total of degrees Celsius above 18Â°C mean temperature over the season. For any day above 18Â°C, the temperature that is accumulated is just the amount over 18Â°C.",100,238,288,296,504
"Cumberland, Subd. A",1211001,Consolidated Census Subdivision,cdd18_ann,Cooling Degree Days,degree days,"The accumulated total of degrees Celsius above 18Â°C mean temperature over the season. For any day above 18Â°C, the temperature that is accumulated is just the amount over 18Â°C.",96,237,290,300,516
"Cumberland, Subd. B",1211006,Consolidated Census Subdivision,cdd18_ann,Cooling Degree Days,degree days,"The accumulated total of degrees Celsius above 18Â°C mean temperature over the season. For any day above 18Â°C, the temperature that is accumulated is just the amount over 18Â°C.",98,239,290,299,512
"Cumberland, Subd. C",1211009,Consolidated Census Subdivision,cdd18_ann,Cooling Degree Days,degree days,"The accumulated total of degrees Celsius above 18Â°C mean temperature over the season. For any day above 18Â°C, the temperature that is accumulated is just the amount over 18Â°C.",117,268,320,332,548
"Cumberland, Subd. D",1211014,Consolidated Census Subdivision,cdd18_ann,Cooling Degree Days,degree days,"The accumulated total of degrees Celsius above 18Â°C mean temperature over the season. For any day above 18Â°C, the temperature that is accumulated is just the amount over 18Â°C.",114,260,310,321,534
Digby,1203004,Consolidated Census Subdivision,cdd18_ann,Cooling Degree Days,degree days,"The accumulated total of degrees Celsius above 18Â°C mean temperature over the season. For any day above 18Â°C, the temperature that is accumulated is just the amount over 18Â°C.",48,154,208,218,417
East Hants,1208008,Consolidated Census Subdivision,cdd18_ann,Cooling Degree Days,degree days,"The accumulated total of degrees Celsius above 18Â°C mean temperature over the season. For any day above 18Â°C, the temperature that is accumulated is just the amount over 18Â°C.",107,251,307,314,530
Guysborough,1213004,Consolidated Census Subdivision,cdd18_ann,Cooling Degree Days,degree days,"The accumulated total of degrees Celsius above 18Â°C mean temperature over the season. For any day above 18Â°C, the temperature that is accumulated is just the amount over 18Â°C.",54,163,205,213,402
Halifax - Central,1209034B,Consolidated Census Subdivision,cdd18_ann,Cooling Degree Days,degree days,"The accumulated total of degrees Celsius above 18Â°C mean temperature over the season. For any day above 18Â°C, the temperature that is accumulated is just the amount over 18Â°C.",88,223,281,289,499
Halifax - East,1209034A,Consolidated Census Subdivision,cdd18_ann,Cooling Degree Days,degree days,"The accumulated total of degrees Celsius above 18Â°C mean temperature over the season. For any day above 18Â°C, the temperature that is accumulated is just the amount over 18Â°C.",71,194,244,251,451
Halifax - West,1209034C,Consolidated Census Subdivision,cdd18_ann,Cooling Degree Days,degree days,"The accumulated total of degrees Celsius above 18Â°C mean temperature over the season. For any day above 18Â°C, the temperature that is accumulated is just the amount over 18Â°C.",90,224,283,293,503
"Inverness, Subd. A",1215011,Consolidated Census Subdivision,cdd18_ann,Cooling Degree Days,degree days,"The accumulated total of degrees Celsius above 18Â°C mean temperature over the season. For any day above 18Â°C, the temperature that is accumulated is just the amount over 18Â°C.",60,161,195,204,371
"Inverness, Subd. B",1215006,Consolidated Census Subdivision,cdd18_ann,Cooling Degree Days,degree days,"The accumulated total of degrees Celsius above 18Â°C mean temperature over the season. For any day above 18Â°C, the temperature that is accumulated is just the amount over 18Â°C.",87,207,250,259,454
"Inverness, Subd. C",1215001,Consolidated Census Subdivision,cdd18_ann,Cooling Degree Days,degree days,"The accumulated total of degrees Celsius above 18Â°C mean temperature over the season. For any day above 18Â°C, the temperature that is accumulated is just the amount over 18Â°C.",76,194,235,245,440
"Kings, Subd. A",1207001,Consolidated Census Subdivision,cdd18_ann,Cooling Degree Days,degree days,"The accumulated total of degrees Celsius above 18Â°C mean temperature over the season. For any day above 18Â°C, the temperature that is accumulated is just the amount over 18Â°C.",107,247,306,311,528
"Kings, Subd. B",1207016,Consolidated Census Subdivision,cdd18_ann,Cooling Degree Days,degree days,"The accumulated total of degrees Celsius above 18Â°C mean temperature over the season. For any day above 18Â°C, the temperature that is accumulated is just the amount over 18Â°C.",113,261,320,327,549
"Kings, Subd. C",1207011,Consolidated Census Subdivision,cdd18_ann,Cooling Degree Days,degree days,"The accumulated total of degrees Celsius above 18Â°C mean temperature over the season. For any day above 18Â°C, the temperature that is accumulated is just the amount over 18Â°C.",102,240,298,303,517
"Kings, Subd. D",1207021,Consolidated Census Subdivision,cdd18_ann,Cooling Degree Days,degree days,"The accumulated total of degrees Celsius above 18Â°C mean temperature over the season. For any day above 18Â°C, the temperature that is accumulated is just the amount over 18Â°C.",110,254,313,318,537
Lunenburg,1206001,Consolidated Census Subdivision,cdd18_ann,Cooling Degree Days,degree days,"The accumulated total of degrees Celsius above 18Â°C mean temperature over the season. For any day above 18Â°C, the temperature that is accumulated is just the amount over 18Â°C.",103,237,301,312,524
"Pictou, Subd. A",1212001,Consolidated Census Subdivision,cdd18_ann,Cooling Degree Days,degree days,"The accumulated total of degrees Celsius above 18Â°C mean temperature over the season. For any day above 18Â°C, the temperature that is accumulated is just the amount over 18Â°C.",113,254,301,311,519
"Pictou, Subd. B",1212006,Consolidated Census Subdivision,cdd18_ann,Cooling Degree Days,degree days,"The accumulated total of degrees Celsius above 18Â°C mean temperature over the season. For any day above 18Â°C, the temperature that is accumulated is just the amount over 18Â°C.",96,229,274,282,487
"Pictou, Subd. C",1212011,Consolidated Census Subdivision,cdd18_ann,Cooling Degree Days,degree days,"The accumulated total of degrees Celsius above 18Â°C mean temperature over the season. For any day above 18Â°C, the temperature that is accumulated is just the amount over 18Â°C.",92,220,263,273,475
St. Mary's,1213001,Consolidated Census Subdivision,cdd18_ann,Cooling Degree Days,degree days,"The accumulated total of degrees Celsius above 18Â°C mean temperature over the season. For any day above 18Â°C, the temperature that is accumulated is just the amount over 18Â°C.",63,179,222,231,428
Sydney and Surrounds,1217030B,Consolidated Census Subdivision,cdd18_ann,Cooling Degree Days,degree days,"The accumulated total of degrees Celsius above 18Â°C mean temperature over the season. For any day above 18Â°C, the temperature that is accumulated is just the amount over 18Â°C.",77,197,242,249,438
West Hants,1208003,Consolidated Census Subdivision,cdd18_ann,Cooling Degree Days,degree days,"The accumulated total of degrees Celsius above 18Â°C mean temperature over the season. For any day above 18Â°C, the temperature that is accumulated is just the amount over 18Â°C.",111,256,316,322,540
Yarmouth,1202004,Consolidated Census Subdivision,cdd18_ann,Cooling Degree Days,degree days,"The accumulated total of degrees Celsius above 18Â°C mean temperature over the season. For any day above 18Â°C, the temperature that is accumulated is just the amount over 18Â°C.",24,110,157,167,365
Nova Scotia,12,Province,chd,Consecutive Hot Days,days,The maximum number of consecutive days over the season for which the maximum temperature was greater than 30Â°C.,0,0,1,1,6
Annapolis,1205,Census Division,chd,Consecutive Hot Days,days,The maximum number of consecutive days over the season for which the maximum temperature was greater than 30Â°C.,0,0,1,1,7
Antigonish,1214,Census Division,chd,Consecutive Hot Days,days,The maximum number of consecutive days over the season for which the maximum temperature was greater than 30Â°C.,0,1,2,2,8
Cape Breton,1217,Census Division,chd,Consecutive Hot Days,days,The maximum number of consecutive days over the season for which the maximum temperature was greater than 30Â°C.,0,0,1,1,6
Colchester,1210,Census Division,chd,Consecutive Hot Days,days,The maximum number of consecutive days over the season for which the maximum temperature was greater than 30Â°C.,0,1,2,2,9
Cumberland,1211,Census Division,chd,Consecutive Hot Days,days,The maximum number of consecutive days over the season for which the maximum temperature was greater than 30Â°C.,0,1,2,2,10
Digby,1203,Census Division,chd,Consecutive Hot Days,days,The maximum number of consecutive days over the season for which the maximum temperature was greater than 30Â°C.,0,0,0,0,3
Guysborough,1213,Census Division,chd,Consecutive Hot Days,days,The maximum number of consecutive days over the season for which the maximum temperature was greater than 30Â°C.,0,0,0,1,5
Halifax,1209,Census Division,chd,Consecutive Hot Days,days,The maximum number of consecutive days over the season for which the maximum temperature was greater than 30Â°C.,0,0,1,1,6
Hants,1208,Census Division,chd,Consecutive Hot Days,days,The maximum number of consecutive days over the season for which the maximum temperature was greater than 30Â°C.,0,1,2,2,10
Inverness,1215,Census Division,chd,Consecutive Hot Days,days,The maximum number of consecutive days over the season for which the maximum temperature was greater than 30Â°C.,0,1,1,2,7
Kings,1207,Census Division,chd,Consecutive Hot Days,days,The maximum number of consecutive days over the season for which the maximum temperature was greater than 30Â°C.,0,1,2,2,9
Lunenburg,1206,Census Division,chd,Consecutive Hot Days,days,The maximum number of consecutive days over the season for which the maximum temperature was greater than 30Â°C.,0,1,2,2,9
Pictou,1212,Census Division,chd,Consecutive Hot Days,days,The maximum number of consecutive days over the season for which the maximum temperature was greater than 30Â°C.,0,1,2,3,9
Queens,1204,Census Division / Consolidated Census Subdivision,chd,Consecutive Hot Days,days,The maximum number of consecutive days over the season for which the maximum temperature was greater than 30Â°C.,0,0,1,1,5
Richmond,1216,Census Division / Consolidated Census Subdivision,chd,Consecutive Hot Days,days,The maximum number of consecutive days over the season for which the maximum temperature was greater than 30Â°C.,0,0,0,1,5
Shelburne,1201,Census Division / Consolidated Census Subdivision,chd,Consecutive Hot Days,days,The maximum number of consecutive days over the season for which the maximum temperature was greater than 30Â°C.,0,0,0,0,1
Victoria,1218,Census Division / Consolidated Census Subdivision,chd,Consecutive Hot Days,days,The maximum number of consecutive days over the season for which the maximum temperature was greater than 30Â°C.,0,1,1,2,6
Yarmouth,1202,Census Division,chd,Consecutive Hot Days,days,The maximum number of consecutive days over the season for which the maximum temperature was greater than 30Â°C.,0,0,0,0,1
"Annapolis, Subd. A",1205004,Consolidated Census Subdivision,chd,Consecutive Hot Days,days,The maximum number of consecutive days over the season for which the maximum temperature was greater than 30Â°C.,0,0,1,1,6
"Annapolis, Subd. B",1205009,Consolidated Census Subdivision,chd,Consecutive Hot Days,days,The maximum number of consecutive days over the season for which the maximum temperature was greater than 30Â°C.,0,1,1,1,8
"Annapolis, Subd. C",1205014,Consolidated Census Subdivision,chd,Consecutive Hot Days,days,The maximum number of consecutive days over the season for which the maximum temperature was greater than 30Â°C.,0,1,2,2,10
"Annapolis, Subd. D",1205001,Consolidated Census Subdivision,chd,Consecutive Hot Days,days,The maximum number of consecutive days over the season for which the maximum temperature was greater than 30Â°C.,0,0,1,1,7
"Antigonish, Subd. A",1214001,Consolidated Census Subdivision,chd,Consecutive Hot Days,days,The maximum number of consecutive days over the season for which the maximum temperature was greater than 30Â°C.,0,1,2,3,9
"Antigonish, Subd. B",1214006,Consolidated Census Subdivision,chd,Consecutive Hot Days,days,The maximum number of consecutive days over the season for which the maximum temperature was greater than 30Â°C.,0,1,1,2,7
Argyle,1202001,Consolidated Census Subdivision,chd,Consecutive Hot Days,days,The maximum number of consecutive days over the season for which the maximum temperature was greater than 30Â°C.,0,0,0,0,1
Cape Breton - Outlying Areas,1217030A,Consolidated Census Subdivision,chd,Consecutive Hot Days,days,The maximum number of consecutive days over the season for which the maximum temperature was greater than 30Â°C.,0,0,1,1,6
Chester,1206009,Consolidated Census Subdivision,chd,Consecutive Hot Days,days,The maximum number of consecutive days over the season for which the maximum temperature was greater than 30Â°C.,0,1,2,2,9
Clare,1203001,Consolidated Census Subdivision,chd,Consecutive Hot Days,days,The maximum number of consecutive days over the season for which the maximum temperature was greater than 30Â°C.,0,0,0,0,1
"Colchester, Subd. A",1210012,Consolidated Census Subdivision,chd,Consecutive Hot Days,days,The maximum number of consecutive days over the season for which the maximum temperature was greater than 30Â°C.,0,1,2,2,9
"Colchester, Subd. B",1210008,Consolidated Census Subdivision,chd,Consecutive Hot Days,days,The maximum number of consecutive days over the season for which the maximum temperature was greater than 30Â°C.,0,1,2,3,10
"Colchester, Subd. C",1210001,Consolidated Census Subdivision,chd,Consecutive Hot Days,days,The maximum number of consecutive days over the season for which the maximum temperature was greater than 30Â°C.,0,1,2,2,9
"Cumberland, Subd. A",1211001,Consolidated Census Subdivision,chd,Consecutive Hot Days,days,The maximum number of consecutive days over the season for which the maximum temperature was greater than 30Â°C.,0,1,1,1,9
"Cumberland, Subd. B",1211006,Consolidated Census Subdivision,chd,Consecutive Hot Days,days,The maximum number of consecutive days over the season for which the maximum temperature was greater than 30Â°C.,0,1,2,2,9
"Cumberland, Subd. C",1211009,Consolidated Census Subdivision,chd,Consecutive Hot Days,days,The maximum number of consecutive days over the season for which the maximum temperature was greater than 30Â°C.,0,1,3,3,11
"Cumberland, Subd. D",1211014,Consolidated Census Subdivision,chd,Consecutive Hot Days,days,The maximum number of consecutive days over the season for which the maximum temperature was greater than 30Â°C.,0,1,2,3,11
Digby,1203004,Consolidated Census Subdivision,chd,Consecutive Hot Days,days,The maximum number of consecutive days over the season for which the maximum temperature was greater than 30Â°C.,0,0,0,0,3
East Hants,1208008,Consolidated Census Subdivision,chd,Consecutive Hot Days,days,The maximum number of consecutive days over the season for which the maximum temperature was greater than 30Â°C.,0,1,2,2,10
Guysborough,1213004,Consolidated Census Subdivision,chd,Consecutive Hot Days,days,The maximum number of consecutive days over the season for which the maximum temperature was greater than 30Â°C.,0,0,0,1,4
Halifax - Central,1209034B,Consolidated Census Subdivision,chd,Consecutive Hot Days,days,The maximum number of consecutive days over the season for which the maximum temperature was greater than 30Â°C.,0,1,1,1,8
Halifax - East,1209034A,Consolidated Census Subdivision,chd,Consecutive Hot Days,days,The maximum number of consecutive days over the season for which the maximum temperature was greater than 30Â°C.,0,0,0,1,5
Halifax - West,1209034C,Consolidated Census Subdivision,chd,Consecutive Hot Days,days,The maximum number of consecutive days over the season for which the maximum temperature was greater than 30Â°C.,0,1,1,2,8
"Inverness, Subd. A",1215011,Consolidated Census Subdivision,chd,Consecutive Hot Days,days,The maximum number of consecutive days over the season for which the maximum temperature was greater than 30Â°C.,0,1,1,2,6
"Inverness, Subd. B",1215006,Consolidated Census Subdivision,chd,Consecutive Hot Days,days,The maximum number of consecutive days over the season for which the maximum temperature was greater than 30Â°C.,0,1,2,3,8
"Inverness, Subd. C",1215001,Consolidated Census Subdivision,chd,Consecutive Hot Days,days,The maximum number of consecutive days over the season for which the maximum temperature was greater than 30Â°C.,0,1,1,2,7
"Kings, Subd. A",1207001,Consolidated Census Subdivision,chd,Consecutive Hot Days,days,The maximum number of consecutive days over the season for which the maximum temperature was greater than 30Â°C.,0,1,2,2,9
"Kings, Subd. B",1207016,Consolidated Census Subdivision,chd,Consecutive Hot Days,days,The maximum number of consecutive days over the season for which the maximum temperature was greater than 30Â°C.,0,1,2,3,10
"Kings, Subd. C",1207011,Consolidated Census Subdivision,chd,Consecutive Hot Days,days,The maximum number of consecutive days over the season for which the maximum temperature was greater than 30Â°C.,0,1,2,2,9
"Kings, Subd. D",1207021,Consolidated Census Subdivision,chd,Consecutive Hot Days,days,The maximum number of consecutive days over the season for which the maximum temperature was greater than 30Â°C.,0,1,2,2,10
Lunenburg,1206001,Consolidated Census Subdivision,chd,Consecutive Hot Days,days,The maximum number of consecutive days over the season for which the maximum temperature was greater than 30Â°C.,0,1,2,2,8
"Pictou, Subd. A",1212001,Consolidated Census Subdivision,chd,Consecutive Hot Days,days,The maximum number of consecutive days over the season for which the maximum temperature was greater than 30Â°C.,0,1,3,4,10
"Pictou, Subd. B",1212006,Consolidated Census Subdivision,chd,Consecutive Hot Days,days,The maximum number of consecutive days over the season for which the maximum temperature was greater than 30Â°C.,0,1,2,3,9
"Pictou, Subd. C",1212011,Consolidated Census Subdivision,chd,Consecutive Hot Days,days,The maximum number of consecutive days over the season for which the maximum temperature was greater than 30Â°C.,0,1,2,2,9
St. Mary's,1213001,Consolidated Census Subdivision,chd,Consecutive Hot Days,days,The maximum number of consecutive days over the season for which the maximum temperature was greater than 30Â°C.,0,0,0,1,5
Sydney and Surrounds,1217030B,Consolidated Census Subdivision,chd,Consecutive Hot Days,days,The maximum number of consecutive days over the season for which the maximum temperature was greater than 30Â°C.,0,1,1,2,7
West Hants,1208003,Consolidated Census Subdivision,chd,Consecutive Hot Days,days,The maximum number of consecutive days over the season for which the maximum temperature was greater than 30Â°C.,0,1,2,2,10
Yarmouth,1202004,Consolidated Census Subdivision,chd,Consecutive Hot Days,days,The maximum number of consecutive days over the season for which the maximum temperature was greater than 30Â°C.,0,0,0,0,1
Nova Scotia,12,Province,chdd,Critical Heat Days Duration,days,Maximum length of the number of spells when maximum temperature is above 29Â°C and minimum temperature is below 16Â°C.,1,4,5,6,16
Annapolis,1205,Census Division,chdd,Critical Heat Days Duration,days,Maximum length of the number of spells when maximum temperature is above 29Â°C and minimum temperature is below 16Â°C.,1,5,7,8,22
Antigonish,1214,Census Division,chdd,Critical Heat Days Duration,days,Maximum length of the number of spells when maximum temperature is above 29Â°C and minimum temperature is below 16Â°C.,1,5,6,7,18
Cape Breton,1217,Census Division,chdd,Critical Heat Days Duration,days,Maximum length of the number of spells when maximum temperature is above 29Â°C and minimum temperature is below 16Â°C.,0,3,4,5,12
Colchester,1210,Census Division,chdd,Critical Heat Days Duration,days,Maximum length of the number of spells when maximum temperature is above 29Â°C and minimum temperature is below 16Â°C.,1,6,8,9,24
Cumberland,1211,Census Division,chdd,Critical Heat Days Duration,days,Maximum length of the number of spells when maximum temperature is above 29Â°C and minimum temperature is below 16Â°C.,1,6,8,9,26
Digby,1203,Census Division,chdd,Critical Heat Days Duration,days,Maximum length of the number of spells when maximum temperature is above 29Â°C and minimum temperature is below 16Â°C.,0,1,2,2,10
Guysborough,1213,Census Division,chdd,Critical Heat Days Duration,days,Maximum length of the number of spells when maximum temperature is above 29Â°C and minimum temperature is below 16Â°C.,0,2,3,3,11
Halifax,1209,Census Division,chdd,Critical Heat Days Duration,days,Maximum length of the number of spells when maximum temperature is above 29Â°C and minimum temperature is below 16Â°C.,0,4,5,5,17
Hants,1208,Census Division,chdd,Critical Heat Days Duration,days,Maximum length of the number of spells when maximum temperature is above 29Â°C and minimum temperature is below 16Â°C.,1,7,9,10,26
Inverness,1215,Census Division,chdd,Critical Heat Days Duration,days,Maximum length of the number of spells when maximum temperature is above 29Â°C and minimum temperature is below 16Â°C.,1,4,4,5,14
Kings,1207,Census Division,chdd,Critical Heat Days Duration,days,Maximum length of the number of spells when maximum temperature is above 29Â°C and minimum temperature is below 16Â°C.,2,7,9,10,26
Lunenburg,1206,Census Division,chdd,Critical Heat Days Duration,days,Maximum length of the number of spells when maximum temperature is above 29Â°C and minimum temperature is below 16Â°C.,1,6,8,9,23
Pictou,1212,Census Division,chdd,Critical Heat Days Duration,days,Maximum length of the number of spells when maximum temperature is above 29Â°C and minimum temperature is below 16Â°C.,1,6,7,8,21
Queens,1204,Census Division / Consolidated Census Subdivision,chdd,Critical Heat Days Duration,days,Maximum length of the number of spells when maximum temperature is above 29Â°C and minimum temperature is below 16Â°C.,1,4,5,6,16
Richmond,1216,Census Division / Consolidated Census Subdivision,chdd,Critical Heat Days Duration,days,Maximum length of the number of spells when maximum temperature is above 29Â°C and minimum temperature is below 16Â°C.,0,2,3,3,10
Shelburne,1201,Census Division / Consolidated Census Subdivision,chdd,Critical Heat Days Duration,days,Maximum length of the number of spells when maximum temperature is above 29Â°C and minimum temperature is below 16Â°C.,0,1,1,1,6
Victoria,1218,Census Division / Consolidated Census Subdivision,chdd,Critical Heat Days Duration,days,Maximum length of the number of spells when maximum temperature is above 29Â°C and minimum temperature is below 16Â°C.,0,3,3,4,12
Yarmouth,1202,Census Division,chdd,Critical Heat Days Duration,days,Maximum length of the number of spells when maximum temperature is above 29Â°C and minimum temperature is below 16Â°C.,0,0,1,1,5
"Annapolis, Subd. A",1205004,Consolidated Census Subdivision,chdd,Critical Heat Days Duration,days,Maximum length of the number of spells when maximum temperature is above 29Â°C and minimum temperature is below 16Â°C.,0,4,6,6,20
"Annapolis, Subd. B",1205009,Consolidated Census Subdivision,chdd,Critical Heat Days Duration,days,Maximum length of the number of spells when maximum temperature is above 29Â°C and minimum temperature is below 16Â°C.,1,6,8,9,22
"Annapolis, Subd. C",1205014,Consolidated Census Subdivision,chdd,Critical Heat Days Duration,days,Maximum length of the number of spells when maximum temperature is above 29Â°C and minimum temperature is below 16Â°C.,2,7,9,11,26
"Annapolis, Subd. D",1205001,Consolidated Census Subdivision,chdd,Critical Heat Days Duration,days,Maximum length of the number of spells when maximum temperature is above 29Â°C and minimum temperature is below 16Â°C.,1,6,7,8,21
"Antigonish, Subd. A",1214001,Consolidated Census Subdivision,chdd,Critical Heat Days Duration,days,Maximum length of the number of spells when maximum temperature is above 29Â°C and minimum temperature is below 16Â°C.,1,5,6,8,19
"Antigonish, Subd. B",1214006,Consolidated Census Subdivision,chdd,Critical Heat Days Duration,days,Maximum length of the number of spells when maximum temperature is above 29Â°C and minimum temperature is below 16Â°C.,1,5,5,7,17
Argyle,1202001,Consolidated Census Subdivision,chdd,Critical Heat Days Duration,days,Maximum length of the number of spells when maximum temperature is above 29Â°C and minimum temperature is below 16Â°C.,0,1,1,1,5
Cape Breton - Outlying Areas,1217030A,Consolidated Census Subdivision,chdd,Critical Heat Days Duration,days,Maximum length of the number of spells when maximum temperature is above 29Â°C and minimum temperature is below 16Â°C.,0,3,3,4,12
Chester,1206009,Consolidated Census Subdivision,chdd,Critical Heat Days Duration,days,Maximum length of the number of spells when maximum temperature is above 29Â°C and minimum temperature is below 16Â°C.,1,6,8,9,25
Clare,1203001,Consolidated Census Subdivision,chdd,Critical Heat Days Duration,days,Maximum length of the number of spells when maximum temperature is above 29Â°C and minimum temperature is below 16Â°C.,0,1,1,1,6
"Colchester, Subd. A",1210012,Consolidated Census Subdivision,chdd,Critical Heat Days Duration,days,Maximum length of the number of spells when maximum temperature is above 29Â°C and minimum temperature is below 16Â°C.,1,6,8,9,23
"Colchester, Subd. B",1210008,Consolidated Census Subdivision,chdd,Critical Heat Days Duration,days,Maximum length of the number of spells when maximum temperature is above 29Â°C and minimum temperature is below 16Â°C.,2,7,8,10,24
"Colchester, Subd. C",1210001,Consolidated Census Subdivision,chdd,Critical Heat Days Duration,days,Maximum length of the number of spells when maximum temperature is above 29Â°C and minimum temperature is below 16Â°C.,1,6,8,9,24
"Cumberland, Subd. A",1211001,Consolidated Census Subdivision,chdd,Critical Heat Days Duration,days,Maximum length of the number of spells when maximum temperature is above 29Â°C and minimum temperature is below 16Â°C.,1,5,8,9,26
"Cumberland, Subd. B",1211006,Consolidated Census Subdivision,chdd,Critical Heat Days Duration,days,Maximum length of the number of spells when maximum temperature is above 29Â°C and minimum temperature is below 16Â°C.,1,6,8,9,25
"Cumberland, Subd. C",1211009,Consolidated Census Subdivision,chdd,Critical Heat Days Duration,days,Maximum length of the number of spells when maximum temperature is above 29Â°C and minimum temperature is below 16Â°C.,2,7,9,11,27
"Cumberland, Subd. D",1211014,Consolidated Census Subdivision,chdd,Critical Heat Days Duration,days,Maximum length of the number of spells when maximum temperature is above 29Â°C and minimum temperature is below 16Â°C.,2,7,9,10,26
Digby,1203004,Consolidated Census Subdivision,chdd,Critical Heat Days Duration,days,Maximum length of the number of spells when maximum temperature is above 29Â°C and minimum temperature is below 16Â°C.,0,2,3,3,12
East Hants,1208008,Consolidated Census Subdivision,chdd,Critical Heat Days Duration,days,Maximum length of the number of spells when maximum temperature is above 29Â°C and minimum temperature is below 16Â°C.,1,6,8,9,26
Guysborough,1213004,Consolidated Census Subdivision,chdd,Critical Heat Days Duration,days,Maximum length of the number of spells when maximum temperature is above 29Â°C and minimum temperature is below 16Â°C.,0,2,2,3,10
Halifax - Central,1209034B,Consolidated Census Subdivision,chdd,Critical Heat Days Duration,days,Maximum length of the number of spells when maximum temperature is above 29Â°C and minimum temperature is below 16Â°C.,1,5,6,7,20
Halifax - East,1209034A,Consolidated Census Subdivision,chdd,Critical Heat Days Duration,days,Maximum length of the number of spells when maximum temperature is above 29Â°C and minimum temperature is below 16Â°C.,0,3,5,5,17
Halifax - West,1209034C,Consolidated Census Subdivision,chdd,Critical Heat Days Duration,days,Maximum length of the number of spells when maximum temperature is above 29Â°C and minimum temperature is below 16Â°C.,1,5,6,7,20
"Inverness, Subd. A",1215011,Consolidated Census Subdivision,chdd,Critical Heat Days Duration,days,Maximum length of the number of spells when maximum temperature is above 29Â°C and minimum temperature is below 16Â°C.,0,3,4,5,12
"Inverness, Subd. B",1215006,Consolidated Census Subdivision,chdd,Critical Heat Days Duration,days,Maximum length of the number of spells when maximum temperature is above 29Â°C and minimum temperature is below 16Â°C.,1,5,6,7,17
"Inverness, Subd. C",1215001,Consolidated Census Subdivision,chdd,Critical Heat Days Duration,days,Maximum length of the number of spells when maximum temperature is above 29Â°C and minimum temperature is below 16Â°C.,1,4,5,6,15
"Kings, Subd. A",1207001,Consolidated Census Subdivision,chdd,Critical Heat Days Duration,days,Maximum length of the number of spells when maximum temperature is above 29Â°C and minimum temperature is below 16Â°C.,2,7,8,10,25
"Kings, Subd. B",1207016,Consolidated Census Subdivision,chdd,Critical Heat Days Duration,days,Maximum length of the number of spells when maximum temperature is above 29Â°C and minimum temperature is below 16Â°C.,2,7,9,11,27
"Kings, Subd. C",1207011,Consolidated Census Subdivision,chdd,Critical Heat Days Duration,days,Maximum length of the number of spells when maximum temperature is above 29Â°C and minimum temperature is below 16Â°C.,2,7,8,10,25
"Kings, Subd. D",1207021,Consolidated Census Subdivision,chdd,Critical Heat Days Duration,days,Maximum length of the number of spells when maximum temperature is above 29Â°C and minimum temperature is below 16Â°C.,2,7,9,10,27
Lunenburg,1206001,Consolidated Census Subdivision,chdd,Critical Heat Days Duration,days,Maximum length of the number of spells when maximum temperature is above 29Â°C and minimum temperature is below 16Â°C.,1,6,8,9,23
"Pictou, Subd. A",1212001,Consolidated Census Subdivision,chdd,Critical Heat Days Duration,days,Maximum length of the number of spells when maximum temperature is above 29Â°C and minimum temperature is below 16Â°C.,2,7,9,10,25
"Pictou, Subd. B",1212006,Consolidated Census Subdivision,chdd,Critical Heat Days Duration,days,Maximum length of the number of spells when maximum temperature is above 29Â°C and minimum temperature is below 16Â°C.,1,6,7,9,22
"Pictou, Subd. C",1212011,Consolidated Census Subdivision,chdd,Critical Heat Days Duration,days,Maximum length of the number of spells when maximum temperature is above 29Â°C and minimum temperature is below 16Â°C.,1,6,6,8,20
St. Mary's,1213001,Consolidated Census Subdivision,chdd,Critical Heat Days Duration,days,Maximum length of the number of spells when maximum temperature is above 29Â°C and minimum temperature is below 16Â°C.,0,3,4,4,13
Sydney and Surrounds,1217030B,Consolidated Census Subdivision,chdd,Critical Heat Days Duration,days,Maximum length of the number of spells when maximum temperature is above 29Â°C and minimum temperature is below 16Â°C.,1,4,5,6,13
West Hants,1208003,Consolidated Census Subdivision,chdd,Critical Heat Days Duration,days,Maximum length of the number of spells when maximum temperature is above 29Â°C and minimum temperature is below 16Â°C.,2,7,9,10,27
Yarmouth,1202004,Consolidated Census Subdivision,chdd,Critical Heat Days Duration,days,Maximum length of the number of spells when maximum temperature is above 29Â°C and minimum temperature is below 16Â°C.,0,0,1,1,4
Nova Scotia,12,Province,cwf,Coldwave Frequency,number,A sequence of 5 days where the mean daily temperature is below -10Â°C.,0,0,0,0,0
Annapolis,1205,Census Division,cwf,Coldwave Frequency,number,A sequence of 5 days where the mean daily temperature is below -10Â°C.,0,0,0,0,0
Antigonish,1214,Census Division,cwf,Coldwave Frequency,number,A sequence of 5 days where the mean daily temperature is below -10Â°C.,0,0,0,0,0
Cape Breton,1217,Census Division,cwf,Coldwave Frequency,number,A sequence of 5 days where the mean daily temperature is below -10Â°C.,0,0,0,0,0
Colchester,1210,Census Division,cwf,Coldwave Frequency,number,A sequence of 5 days where the mean daily temperature is below -10Â°C.,1,0,0,0,0
Cumberland,1211,Census Division,cwf,Coldwave Frequency,number,A sequence of 5 days where the mean daily temperature is below -10Â°C.,1,0,0,0,0
Digby,1203,Census Division,cwf,Coldwave Frequency,number,A sequence of 5 days where the mean daily temperature is below -10Â°C.,0,0,0,0,0
Guysborough,1213,Census Division,cwf,Coldwave Frequency,number,A sequence of 5 days where the mean daily temperature is below -10Â°C.,0,0,0,0,0
Halifax,1209,Census Division,cwf,Coldwave Frequency,number,A sequence of 5 days where the mean daily temperature is below -10Â°C.,0,0,0,0,0
Hants,1208,Census Division,cwf,Coldwave Frequency,number,A sequence of 5 days where the mean daily temperature is below -10Â°C.,0,0,0,0,0
Inverness,1215,Census Division,cwf,Coldwave Frequency,number,A sequence of 5 days where the mean daily temperature is below -10Â°C.,0,0,0,0,0
Kings,1207,Census Division,cwf,Coldwave Frequency,number,A sequence of 5 days where the mean daily temperature is below -10Â°C.,0,0,0,0,0
Lunenburg,1206,Census Division,cwf,Coldwave Frequency,number,A sequence of 5 days where the mean daily temperature is below -10Â°C.,0,0,0,0,0
Pictou,1212,Census Division,cwf,Coldwave Frequency,number,A sequence of 5 days where the mean daily temperature is below -10Â°C.,1,0,0,0,0
Queens,1204,Census Division / Consolidated Census Subdivision,cwf,Coldwave Frequency,number,A sequence of 5 days where the mean daily temperature is below -10Â°C.,0,0,0,0,0
Richmond,1216,Census Division / Consolidated Census Subdivision,cwf,Coldwave Frequency,number,A sequence of 5 days where the mean daily temperature is below -10Â°C.,0,0,0,0,0
Shelburne,1201,Census Division / Consolidated Census Subdivision,cwf,Coldwave Frequency,number,A sequence of 5 days where the mean daily temperature is below -10Â°C.,0,0,0,0,0
Victoria,1218,Census Division / Consolidated Census Subdivision,cwf,Coldwave Frequency,number,A sequence of 5 days where the mean daily temperature is below -10Â°C.,0,0,0,0,0
Yarmouth,1202,Census Division,cwf,Coldwave Frequency,number,A sequence of 5 days where the mean daily temperature is below -10Â°C.,0,0,0,0,0
"Annapolis, Subd. A",1205004,Consolidated Census Subdivision,cwf,Coldwave Frequency,number,A sequence of 5 days where the mean daily temperature is below -10Â°C.,0,0,0,0,0
"Annapolis, Subd. B",1205009,Consolidated Census Subdivision,cwf,Coldwave Frequency,number,A sequence of 5 days where the mean daily temperature is below -10Â°C.,0,0,0,0,0
"Annapolis, Subd. C",1205014,Consolidated Census Subdivision,cwf,Coldwave Frequency,number,A sequence of 5 days where the mean daily temperature is below -10Â°C.,0,0,0,0,0
"Annapolis, Subd. D",1205001,Consolidated Census Subdivision,cwf,Coldwave Frequency,number,A sequence of 5 days where the mean daily temperature is below -10Â°C.,0,0,0,0,0
"Antigonish, Subd. A",1214001,Consolidated Census Subdivision,cwf,Coldwave Frequency,number,A sequence of 5 days where the mean daily temperature is below -10Â°C.,1,0,0,0,0
"Antigonish, Subd. B",1214006,Consolidated Census Subdivision,cwf,Coldwave Frequency,number,A sequence of 5 days where the mean daily temperature is below -10Â°C.,0,0,0,0,0
Argyle,1202001,Consolidated Census Subdivision,cwf,Coldwave Frequency,number,A sequence of 5 days where the mean daily temperature is below -10Â°C.,0,0,0,0,0
Cape Breton - Outlying Areas,1217030A,Consolidated Census Subdivision,cwf,Coldwave Frequency,number,A sequence of 5 days where the mean daily temperature is below -10Â°C.,0,0,0,0,0
Chester,1206009,Consolidated Census Subdivision,cwf,Coldwave Frequency,number,A sequence of 5 days where the mean daily temperature is below -10Â°C.,0,0,0,0,0
Clare,1203001,Consolidated Census Subdivision,cwf,Coldwave Frequency,number,A sequence of 5 days where the mean daily temperature is below -10Â°C.,0,0,0,0,0
"Colchester, Subd. A",1210012,Consolidated Census Subdivision,cwf,Coldwave Frequency,number,A sequence of 5 days where the mean daily temperature is below -10Â°C.,1,0,0,0,0
"Colchester, Subd. B",1210008,Consolidated Census Subdivision,cwf,Coldwave Frequency,number,A sequence of 5 days where the mean daily temperature is below -10Â°C.,1,0,0,0,0
"Colchester, Subd. C",1210001,Consolidated Census Subdivision,cwf,Coldwave Frequency,number,A sequence of 5 days where the mean daily temperature is below -10Â°C.,1,0,0,0,0
"Cumberland, Subd. A",1211001,Consolidated Census Subdivision,cwf,Coldwave Frequency,number,A sequence of 5 days where the mean daily temperature is below -10Â°C.,1,0,0,0,0
"Cumberland, Subd. B",1211006,Consolidated Census Subdivision,cwf,Coldwave Frequency,number,A sequence of 5 days where the mean daily temperature is below -10Â°C.,1,0,0,0,0
"Cumberland, Subd. C",1211009,Consolidated Census Subdivision,cwf,Coldwave Frequency,number,A sequence of 5 days where the mean daily temperature is below -10Â°C.,1,0,0,0,0
"Cumberland, Subd. D",1211014,Consolidated Census Subdivision,cwf,Coldwave Frequency,number,A sequence of 5 days where the mean daily temperature is below -10Â°C.,1,0,0,0,0
Digby,1203004,Consolidated Census Subdivision,cwf,Coldwave Frequency,number,A sequence of 5 days where the mean daily temperature is below -10Â°C.,0,0,0,0,0
East Hants,1208008,Consolidated Census Subdivision,cwf,Coldwave Frequency,number,A sequence of 5 days where the mean daily temperature is below -10Â°C.,0,0,0,0,0
Guysborough,1213004,Consolidated Census Subdivision,cwf,Coldwave Frequency,number,A sequence of 5 days where the mean daily temperature is below -10Â°C.,0,0,0,0,0
Halifax - Central,1209034B,Consolidated Census Subdivision,cwf,Coldwave Frequency,number,A sequence of 5 days where the mean daily temperature is below -10Â°C.,0,0,0,0,0
Halifax - East,1209034A,Consolidated Census Subdivision,cwf,Coldwave Frequency,number,A sequence of 5 days where the mean daily temperature is below -10Â°C.,0,0,0,0,0
Halifax - West,1209034C,Consolidated Census Subdivision,cwf,Coldwave Frequency,number,A sequence of 5 days where the mean daily temperature is below -10Â°C.,0,0,0,0,0
"Inverness, Subd. A",1215011,Consolidated Census Subdivision,cwf,Coldwave Frequency,number,A sequence of 5 days where the mean daily temperature is below -10Â°C.,0,0,0,0,0
"Inverness, Subd. B",1215006,Consolidated Census Subdivision,cwf,Coldwave Frequency,number,A sequence of 5 days where the mean daily temperature is below -10Â°C.,0,0,0,0,0
"Inverness, Subd. C",1215001,Consolidated Census Subdivision,cwf,Coldwave Frequency,number,A sequence of 5 days where the mean daily temperature is below -10Â°C.,0,0,0,0,0
"Kings, Subd. A",1207001,Consolidated Census Subdivision,cwf,Coldwave Frequency,number,A sequence of 5 days where the mean daily temperature is below -10Â°C.,0,0,0,0,0
"Kings, Subd. B",1207016,Consolidated Census Subdivision,cwf,Coldwave Frequency,number,A sequence of 5 days where the mean daily temperature is below -10Â°C.,0,0,0,0,0
"Kings, Subd. C",1207011,Consolidated Census Subdivision,cwf,Coldwave Frequency,number,A sequence of 5 days where the mean daily temperature is below -10Â°C.,0,0,0,0,0
"Kings, Subd. D",1207021,Consolidated Census Subdivision,cwf,Coldwave Frequency,number,A sequence of 5 days where the mean daily temperature is below -10Â°C.,0,0,0,0,0
Lunenburg,1206001,Consolidated Census Subdivision,cwf,Coldwave Frequency,number,A sequence of 5 days where the mean daily temperature is below -10Â°C.,0,0,0,0,0
"Pictou, Subd. A",1212001,Consolidated Census Subdivision,cwf,Coldwave Frequency,number,A sequence of 5 days where the mean daily temperature is below -10Â°C.,1,0,0,0,0
"Pictou, Subd. B",1212006,Consolidated Census Subdivision,cwf,Coldwave Frequency,number,A sequence of 5 days where the mean daily temperature is below -10Â°C.,1,0,0,0,0
"Pictou, Subd. C",1212011,Consolidated Census Subdivision,cwf,Coldwave Frequency,number,A sequence of 5 days where the mean daily temperature is below -10Â°C.,1,0,0,0,0
St. Mary's,1213001,Consolidated Census Subdivision,cwf,Coldwave Frequency,number,A sequence of 5 days where the mean daily temperature is below -10Â°C.,0,0,0,0,0
Sydney and Surrounds,1217030B,Consolidated Census Subdivision,cwf,Coldwave Frequency,number,A sequence of 5 days where the mean daily temperature is below -10Â°C.,0,0,0,0,0
West Hants,1208003,Consolidated Census Subdivision,cwf,Coldwave Frequency,number,A sequence of 5 days where the mean daily temperature is below -10Â°C.,0,0,0,0,0
Yarmouth,1202004,Consolidated Census Subdivision,cwf,Coldwave Frequency,number,A sequence of 5 days where the mean daily temperature is below -10Â°C.,0,0,0,0,0
Nova Scotia,12,Province,cwm,Coldwave Magnitude,Â°C,Average minimum temperature over all the days in all coldwaves (as defined in Coldwave Frequency).,-15,-13.7,-13.3,-13.4,-12.5
Annapolis,1205,Census Division,cwm,Coldwave Magnitude,Â°C,Average minimum temperature over all the days in all coldwaves (as defined in Coldwave Frequency).,-15,-13.6,-12.8,-13.5,-12.3
Antigonish,1214,Census Division,cwm,Coldwave Magnitude,Â°C,Average minimum temperature over all the days in all coldwaves (as defined in Coldwave Frequency).,-15.6,-14.1,-13.5,-13.8,-12.6
Cape Breton,1217,Census Division,cwm,Coldwave Magnitude,Â°C,Average minimum temperature over all the days in all coldwaves (as defined in Coldwave Frequency).,-14.4,-13,-13,-12.9,-12
Colchester,1210,Census Division,cwm,Coldwave Magnitude,Â°C,Average minimum temperature over all the days in all coldwaves (as defined in Coldwave Frequency).,-16.3,-14.7,-14,-14.4,-13.1
Cumberland,1211,Census Division,cwm,Coldwave Magnitude,Â°C,Average minimum temperature over all the days in all coldwaves (as defined in Coldwave Frequency).,-16.4,-14.6,-14.2,-14.3,-12.9
Digby,1203,Census Division,cwm,Coldwave Magnitude,Â°C,Average minimum temperature over all the days in all coldwaves (as defined in Coldwave Frequency).,-14.3,-13.1,-12.9,-13.1,-12.2
Guysborough,1213,Census Division,cwm,Coldwave Magnitude,Â°C,Average minimum temperature over all the days in all coldwaves (as defined in Coldwave Frequency).,-15.4,-14,-13.3,-13.5,-12.8
Halifax,1209,Census Division,cwm,Coldwave Magnitude,Â°C,Average minimum temperature over all the days in all coldwaves (as defined in Coldwave Frequency).,-15.4,-13.9,-13.2,-13.6,-13
Hants,1208,Census Division,cwm,Coldwave Magnitude,Â°C,Average minimum temperature over all the days in all coldwaves (as defined in Coldwave Frequency).,-15.7,-14.1,-13.5,-13.8,-12.5
Inverness,1215,Census Division,cwm,Coldwave Magnitude,Â°C,Average minimum temperature over all the days in all coldwaves (as defined in Coldwave Frequency).,-14.8,-13.6,-13.1,-13.4,-12.4
Kings,1207,Census Division,cwm,Coldwave Magnitude,Â°C,Average minimum temperature over all the days in all coldwaves (as defined in Coldwave Frequency).,-15.5,-13.9,-13.2,-13.6,-12.6
Lunenburg,1206,Census Division,cwm,Coldwave Magnitude,Â°C,Average minimum temperature over all the days in all coldwaves (as defined in Coldwave Frequency).,-15,-13.8,-13.2,-13.5,-12.6
Pictou,1212,Census Division,cwm,Coldwave Magnitude,Â°C,Average minimum temperature over all the days in all coldwaves (as defined in Coldwave Frequency).,-16.1,-14.6,-13.9,-14.2,-12.9
Queens,1204,Census Division / Consolidated Census Subdivision,cwm,Coldwave Magnitude,Â°C,Average minimum temperature over all the days in all coldwaves (as defined in Coldwave Frequency).,-14.7,-13.4,-13.4,-13.6,-13.1
Richmond,1216,Census Division / Consolidated Census Subdivision,cwm,Coldwave Magnitude,Â°C,Average minimum temperature over all the days in all coldwaves (as defined in Coldwave Frequency).,-14.5,-13.1,-13,-13,-12
Shelburne,1201,Census Division / Consolidated Census Subdivision,cwm,Coldwave Magnitude,Â°C,Average minimum temperature over all the days in all coldwaves (as defined in Coldwave Frequency).,-13.9,-13.1,-13.1,-13.1,-12.5
Victoria,1218,Census Division / Consolidated Census Subdivision,cwm,Coldwave Magnitude,Â°C,Average minimum temperature over all the days in all coldwaves (as defined in Coldwave Frequency).,-14.6,-13.5,-13.1,-13.1,-12.5
Yarmouth,1202,Census Division,cwm,Coldwave Magnitude,Â°C,Average minimum temperature over all the days in all coldwaves (as defined in Coldwave Frequency).,-13.8,-12.7,-13.2,-12.7,-11.8
"Annapolis, Subd. A",1205004,Consolidated Census Subdivision,cwm,Coldwave Magnitude,Â°C,Average minimum temperature over all the days in all coldwaves (as defined in Coldwave Frequency).,-14.8,-13.5,-13.1,-13.3,-13.1
"Annapolis, Subd. B",1205009,Consolidated Census Subdivision,cwm,Coldwave Magnitude,Â°C,Average minimum temperature over all the days in all coldwaves (as defined in Coldwave Frequency).,-15.2,-13.7,-12.9,-13.6,-12.5
"Annapolis, Subd. C",1205014,Consolidated Census Subdivision,cwm,Coldwave Magnitude,Â°C,Average minimum temperature over all the days in all coldwaves (as defined in Coldwave Frequency).,-15.3,-13.8,-13.1,-13.7,-12.3
"Annapolis, Subd. D",1205001,Consolidated Census Subdivision,cwm,Coldwave Magnitude,Â°C,Average minimum temperature over all the days in all coldwaves (as defined in Coldwave Frequency).,-15,-13.6,-13.2,-13.4,-11.9
"Antigonish, Subd. A",1214001,Consolidated Census Subdivision,cwm,Coldwave Magnitude,Â°C,Average minimum temperature over all the days in all coldwaves (as defined in Coldwave Frequency).,-15.7,-14.1,-13.4,-13.8,-12.7
"Antigonish, Subd. B",1214006,Consolidated Census Subdivision,cwm,Coldwave Magnitude,Â°C,Average minimum temperature over all the days in all coldwaves (as defined in Coldwave Frequency).,-15.4,-14.1,-13.4,-13.7,-12.5
Argyle,1202001,Consolidated Census Subdivision,cwm,Coldwave Magnitude,Â°C,Average minimum temperature over all the days in all coldwaves (as defined in Coldwave Frequency).,-13.9,-12.7,-12.8,-12.8,-12.1
Cape Breton - Outlying Areas,1217030A,Consolidated Census Subdivision,cwm,Coldwave Magnitude,Â°C,Average minimum temperature over all the days in all coldwaves (as defined in Coldwave Frequency).,-14.4,-13,-13,-12.9,-12
Chester,1206009,Consolidated Census Subdivision,cwm,Coldwave Magnitude,Â°C,Average minimum temperature over all the days in all coldwaves (as defined in Coldwave Frequency).,-15.2,-14,-13.3,-13.7,-12.2
Clare,1203001,Consolidated Census Subdivision,cwm,Coldwave Magnitude,Â°C,Average minimum temperature over all the days in all coldwaves (as defined in Coldwave Frequency).,-13.8,-12.7,-12.9,-13.2,-11.5
"Colchester, Subd. A",1210012,Consolidated Census Subdivision,cwm,Coldwave Magnitude,Â°C,Average minimum temperature over all the days in all coldwaves (as defined in Coldwave Frequency).,-16.3,-14.6,-14.1,-14.4,-13
"Colchester, Subd. B",1210008,Consolidated Census Subdivision,cwm,Coldwave Magnitude,Â°C,Average minimum temperature over all the days in all coldwaves (as defined in Coldwave Frequency).,-16.4,-14.8,-14.1,-14.3,-13.1
"Colchester, Subd. C",1210001,Consolidated Census Subdivision,cwm,Coldwave Magnitude,Â°C,Average minimum temperature over all the days in all coldwaves (as defined in Coldwave Frequency).,-16.3,-14.7,-13.9,-14.3,-13
"Cumberland, Subd. A",1211001,Consolidated Census Subdivision,cwm,Coldwave Magnitude,Â°C,Average minimum temperature over all the days in all coldwaves (as defined in Coldwave Frequency).,-16.2,-14.5,-14.1,-14.2,-12.7
"Cumberland, Subd. B",1211006,Consolidated Census Subdivision,cwm,Coldwave Magnitude,Â°C,Average minimum temperature over all the days in all coldwaves (as defined in Coldwave Frequency).,-16.3,-14.6,-14.3,-14.2,-12.9
"Cumberland, Subd. C",1211009,Consolidated Census Subdivision,cwm,Coldwave Magnitude,Â°C,Average minimum temperature over all the days in all coldwaves (as defined in Coldwave Frequency).,-16.4,-14.6,-14.4,-14.3,-12.9
"Cumberland, Subd. D",1211014,Consolidated Census Subdivision,cwm,Coldwave Magnitude,Â°C,Average minimum temperature over all the days in all coldwaves (as defined in Coldwave Frequency).,-16.4,-14.7,-14.3,-14.4,-13.1
Digby,1203004,Consolidated Census Subdivision,cwm,Coldwave Magnitude,Â°C,Average minimum temperature over all the days in all coldwaves (as defined in Coldwave Frequency).,-14.4,-13.1,-13.2,-13.2,-12.7
East Hants,1208008,Consolidated Census Subdivision,cwm,Coldwave Magnitude,Â°C,Average minimum temperature over all the days in all coldwaves (as defined in Coldwave Frequency).,-15.9,-14.3,-13.6,-14,-12.7
Guysborough,1213004,Consolidated Census Subdivision,cwm,Coldwave Magnitude,Â°C,Average minimum temperature over all the days in all coldwaves (as defined in Coldwave Frequency).,-15.1,-13.8,-13.2,-13.5,-12.4
Halifax - Central,1209034B,Consolidated Census Subdivision,cwm,Coldwave Magnitude,Â°C,Average minimum temperature over all the days in all coldwaves (as defined in Coldwave Frequency).,-15.1,-13.9,-13,-13.5,-12.4
Halifax - East,1209034A,Consolidated Census Subdivision,cwm,Coldwave Magnitude,Â°C,Average minimum temperature over all the days in all coldwaves (as defined in Coldwave Frequency).,-15.6,-14.1,-13.5,-13.7,-12.7
Halifax - West,1209034C,Consolidated Census Subdivision,cwm,Coldwave Magnitude,Â°C,Average minimum temperature over all the days in all coldwaves (as defined in Coldwave Frequency).,-15,-13.9,-12.9,-13.5,-11.9
"Inverness, Subd. A",1215011,Consolidated Census Subdivision,cwm,Coldwave Magnitude,Â°C,Average minimum temperature over all the days in all coldwaves (as defined in Coldwave Frequency).,-14.8,-13.7,-13.1,-13.2,-12.3
"Inverness, Subd. B",1215006,Consolidated Census Subdivision,cwm,Coldwave Magnitude,Â°C,Average minimum temperature over all the days in all coldwaves (as defined in Coldwave Frequency).,-15,-13.7,-13.2,-13.6,-12.6
"Inverness, Subd. C",1215001,Consolidated Census Subdivision,cwm,Coldwave Magnitude,Â°C,Average minimum temperature over all the days in all coldwaves (as defined in Coldwave Frequency).,-14.9,-13.6,-13.1,-13.5,-12.3
"Kings, Subd. A",1207001,Consolidated Census Subdivision,cwm,Coldwave Magnitude,Â°C,Average minimum temperature over all the days in all coldwaves (as defined in Coldwave Frequency).,-15.4,-13.8,-13.3,-13.7,-12.6
"Kings, Subd. B",1207016,Consolidated Census Subdivision,cwm,Coldwave Magnitude,Â°C,Average minimum temperature over all the days in all coldwaves (as defined in Coldwave Frequency).,-15.7,-14.1,-13.5,-13.9,-12.7
"Kings, Subd. C",1207011,Consolidated Census Subdivision,cwm,Coldwave Magnitude,Â°C,Average minimum temperature over all the days in all coldwaves (as defined in Coldwave Frequency).,-15.5,-14,-13.3,-13.7,-12.7
"Kings, Subd. D",1207021,Consolidated Census Subdivision,cwm,Coldwave Magnitude,Â°C,Average minimum temperature over all the days in all coldwaves (as defined in Coldwave Frequency).,-15.6,-14,-13.5,-13.7,-12.7
Lunenburg,1206001,Consolidated Census Subdivision,cwm,Coldwave Magnitude,Â°C,Average minimum temperature over all the days in all coldwaves (as defined in Coldwave Frequency).,-15.1,-13.6,-13.3,-13.6,-12.9
"Pictou, Subd. A",1212001,Consolidated Census Subdivision,cwm,Coldwave Magnitude,Â°C,Average minimum temperature over all the days in all coldwaves (as defined in Coldwave Frequency).,-16.2,-14.5,-13.9,-14.1,-13.1
"Pictou, Subd. B",1212006,Consolidated Census Subdivision,cwm,Coldwave Magnitude,Â°C,Average minimum temperature over all the days in all coldwaves (as defined in Coldwave Frequency).,-16.3,-14.6,-14,-14.1,-13
"Pictou, Subd. C",1212011,Consolidated Census Subdivision,cwm,Coldwave Magnitude,Â°C,Average minimum temperature over all the days in all coldwaves (as defined in Coldwave Frequency).,-16.1,-14.5,-13.9,-14.1,-12.9
St. Mary's,1213001,Consolidated Census Subdivision,cwm,Coldwave Magnitude,Â°C,Average minimum temperature over all the days in all coldwaves (as defined in Coldwave Frequency).,-15.7,-14.2,-13.6,-13.8,-12.8
Sydney and Surrounds,1217030B,Consolidated Census Subdivision,cwm,Coldwave Magnitude,Â°C,Average minimum temperature over all the days in all coldwaves (as defined in Coldwave Frequency).,-14.3,-13.1,-13.1,-12.7,-12
West Hants,1208003,Consolidated Census Subdivision,cwm,Coldwave Magnitude,Â°C,Average minimum temperature over all the days in all coldwaves (as defined in Coldwave Frequency).,-15.5,-14,-13.4,-13.7,-12.4
Yarmouth,1202004,Consolidated Census Subdivision,cwm,Coldwave Magnitude,Â°C,Average minimum temperature over all the days in all coldwaves (as defined in Coldwave Frequency).,-13.6,-12.6,-12.9,-12.5,-11.5
Nova Scotia,12,Province,cwn,Coldwave Number,number,The total number of days which are part of the coldwaves (as defined in Coldwave Frequency).,2,1,0,0,0
Annapolis,1205,Census Division,cwn,Coldwave Number,number,The total number of days which are part of the coldwaves (as defined in Coldwave Frequency).,2,0,0,0,0
Antigonish,1214,Census Division,cwn,Coldwave Number,number,The total number of days which are part of the coldwaves (as defined in Coldwave Frequency).,3,1,0,1,0
Cape Breton,1217,Census Division,cwn,Coldwave Number,number,The total number of days which are part of the coldwaves (as defined in Coldwave Frequency).,1,0,0,0,0
Colchester,1210,Census Division,cwn,Coldwave Number,number,The total number of days which are part of the coldwaves (as defined in Coldwave Frequency).,4,1,0,0,0
Cumberland,1211,Census Division,cwn,Coldwave Number,number,The total number of days which are part of the coldwaves (as defined in Coldwave Frequency).,5,1,0,0,0
Digby,1203,Census Division,cwn,Coldwave Number,number,The total number of days which are part of the coldwaves (as defined in Coldwave Frequency).,1,0,0,0,0
Guysborough,1213,Census Division,cwn,Coldwave Number,number,The total number of days which are part of the coldwaves (as defined in Coldwave Frequency).,2,0,0,0,0
Halifax,1209,Census Division,cwn,Coldwave Number,number,The total number of days which are part of the coldwaves (as defined in Coldwave Frequency).,2,0,0,0,0
Hants,1208,Census Division,cwn,Coldwave Number,number,The total number of days which are part of the coldwaves (as defined in Coldwave Frequency).,3,1,0,0,0
Inverness,1215,Census Division,cwn,Coldwave Number,number,The total number of days which are part of the coldwaves (as defined in Coldwave Frequency).,3,0,0,0,0
Kings,1207,Census Division,cwn,Coldwave Number,number,The total number of days which are part of the coldwaves (as defined in Coldwave Frequency).,3,1,0,0,0
Lunenburg,1206,Census Division,cwn,Coldwave Number,number,The total number of days which are part of the coldwaves (as defined in Coldwave Frequency).,1,0,0,0,0
Pictou,1212,Census Division,cwn,Coldwave Number,number,The total number of days which are part of the coldwaves (as defined in Coldwave Frequency).,4,1,0,1,0
Queens,1204,Census Division / Consolidated Census Subdivision,cwn,Coldwave Number,number,The total number of days which are part of the coldwaves (as defined in Coldwave Frequency).,1,0,0,0,0
Richmond,1216,Census Division / Consolidated Census Subdivision,cwn,Coldwave Number,number,The total number of days which are part of the coldwaves (as defined in Coldwave Frequency).,1,0,0,0,0
Shelburne,1201,Census Division / Consolidated Census Subdivision,cwn,Coldwave Number,number,The total number of days which are part of the coldwaves (as defined in Coldwave Frequency).,0,0,0,0,0
Victoria,1218,Census Division / Consolidated Census Subdivision,cwn,Coldwave Number,number,The total number of days which are part of the coldwaves (as defined in Coldwave Frequency).,2,0,0,0,0
Yarmouth,1202,Census Division,cwn,Coldwave Number,number,The total number of days which are part of the coldwaves (as defined in Coldwave Frequency).,0,0,0,0,0
"Annapolis, Subd. A",1205004,Consolidated Census Subdivision,cwn,Coldwave Number,number,The total number of days which are part of the coldwaves (as defined in Coldwave Frequency).,2,0,0,0,0
"Annapolis, Subd. B",1205009,Consolidated Census Subdivision,cwn,Coldwave Number,number,The total number of days which are part of the coldwaves (as defined in Coldwave Frequency).,2,0,0,0,0
"Annapolis, Subd. C",1205014,Consolidated Census Subdivision,cwn,Coldwave Number,number,The total number of days which are part of the coldwaves (as defined in Coldwave Frequency).,3,0,0,0,0
"Annapolis, Subd. D",1205001,Consolidated Census Subdivision,cwn,Coldwave Number,number,The total number of days which are part of the coldwaves (as defined in Coldwave Frequency).,2,0,0,0,0
"Antigonish, Subd. A",1214001,Consolidated Census Subdivision,cwn,Coldwave Number,number,The total number of days which are part of the coldwaves (as defined in Coldwave Frequency).,3,1,0,1,0
"Antigonish, Subd. B",1214006,Consolidated Census Subdivision,cwn,Coldwave Number,number,The total number of days which are part of the coldwaves (as defined in Coldwave Frequency).,3,1,0,0,0
Argyle,1202001,Consolidated Census Subdivision,cwn,Coldwave Number,number,The total number of days which are part of the coldwaves (as defined in Coldwave Frequency).,0,0,0,0,0
Cape Breton - Outlying Areas,1217030A,Consolidated Census Subdivision,cwn,Coldwave Number,number,The total number of days which are part of the coldwaves (as defined in Coldwave Frequency).,1,0,0,0,0
Chester,1206009,Consolidated Census Subdivision,cwn,Coldwave Number,number,The total number of days which are part of the coldwaves (as defined in Coldwave Frequency).,2,0,0,0,0
Clare,1203001,Consolidated Census Subdivision,cwn,Coldwave Number,number,The total number of days which are part of the coldwaves (as defined in Coldwave Frequency).,0,0,0,0,0
"Colchester, Subd. A",1210012,Consolidated Census Subdivision,cwn,Coldwave Number,number,The total number of days which are part of the coldwaves (as defined in Coldwave Frequency).,5,1,0,0,0
"Colchester, Subd. B",1210008,Consolidated Census Subdivision,cwn,Coldwave Number,number,The total number of days which are part of the coldwaves (as defined in Coldwave Frequency).,5,1,0,1,0
"Colchester, Subd. C",1210001,Consolidated Census Subdivision,cwn,Coldwave Number,number,The total number of days which are part of the coldwaves (as defined in Coldwave Frequency).,4,1,0,0,0
"Cumberland, Subd. A",1211001,Consolidated Census Subdivision,cwn,Coldwave Number,number,The total number of days which are part of the coldwaves (as defined in Coldwave Frequency).,5,1,0,0,0
"Cumberland, Subd. B",1211006,Consolidated Census Subdivision,cwn,Coldwave Number,number,The total number of days which are part of the coldwaves (as defined in Coldwave Frequency).,5,1,0,1,0
"Cumberland, Subd. C",1211009,Consolidated Census Subdivision,cwn,Coldwave Number,number,The total number of days which are part of the coldwaves (as defined in Coldwave Frequency).,6,1,0,1,0
"Cumberland, Subd. D",1211014,Consolidated Census Subdivision,cwn,Coldwave Number,number,The total number of days which are part of the coldwaves (as defined in Coldwave Frequency).,5,1,0,1,0
Digby,1203004,Consolidated Census Subdivision,cwn,Coldwave Number,number,The total number of days which are part of the coldwaves (as defined in Coldwave Frequency).,1,0,0,0,0
East Hants,1208008,Consolidated Census Subdivision,cwn,Coldwave Number,number,The total number of days which are part of the coldwaves (as defined in Coldwave Frequency).,3,1,0,0,0
Guysborough,1213004,Consolidated Census Subdivision,cwn,Coldwave Number,number,The total number of days which are part of the coldwaves (as defined in Coldwave Frequency).,2,0,0,0,0
Halifax - Central,1209034B,Consolidated Census Subdivision,cwn,Coldwave Number,number,The total number of days which are part of the coldwaves (as defined in Coldwave Frequency).,1,0,0,0,0
Halifax - East,1209034A,Consolidated Census Subdivision,cwn,Coldwave Number,number,The total number of days which are part of the coldwaves (as defined in Coldwave Frequency).,2,1,0,0,0
Halifax - West,1209034C,Consolidated Census Subdivision,cwn,Coldwave Number,number,The total number of days which are part of the coldwaves (as defined in Coldwave Frequency).,1,0,0,0,0
"Inverness, Subd. A",1215011,Consolidated Census Subdivision,cwn,Coldwave Number,number,The total number of days which are part of the coldwaves (as defined in Coldwave Frequency).,3,1,0,0,0
"Inverness, Subd. B",1215006,Consolidated Census Subdivision,cwn,Coldwave Number,number,The total number of days which are part of the coldwaves (as defined in Coldwave Frequency).,3,0,0,0,0
"Inverness, Subd. C",1215001,Consolidated Census Subdivision,cwn,Coldwave Number,number,The total number of days which are part of the coldwaves (as defined in Coldwave Frequency).,2,0,0,0,0
"Kings, Subd. A",1207001,Consolidated Census Subdivision,cwn,Coldwave Number,number,The total number of days which are part of the coldwaves (as defined in Coldwave Frequency).,3,1,0,0,0
"Kings, Subd. B",1207016,Consolidated Census Subdivision,cwn,Coldwave Number,number,The total number of days which are part of the coldwaves (as defined in Coldwave Frequency).,3,1,0,0,0
"Kings, Subd. C",1207011,Consolidated Census Subdivision,cwn,Coldwave Number,number,The total number of days which are part of the coldwaves (as defined in Coldwave Frequency).,3,1,0,0,0
"Kings, Subd. D",1207021,Consolidated Census Subdivision,cwn,Coldwave Number,number,The total number of days which are part of the coldwaves (as defined in Coldwave Frequency).,3,1,0,0,0
Lunenburg,1206001,Consolidated Census Subdivision,cwn,Coldwave Number,number,The total number of days which are part of the coldwaves (as defined in Coldwave Frequency).,1,0,0,0,0
"Pictou, Subd. A",1212001,Consolidated Census Subdivision,cwn,Coldwave Number,number,The total number of days which are part of the coldwaves (as defined in Coldwave Frequency).,4,1,0,1,0
"Pictou, Subd. B",1212006,Consolidated Census Subdivision,cwn,Coldwave Number,number,The total number of days which are part of the coldwaves (as defined in Coldwave Frequency).,4,1,0,1,0
"Pictou, Subd. C",1212011,Consolidated Census Subdivision,cwn,Coldwave Number,number,The total number of days which are part of the coldwaves (as defined in Coldwave Frequency).,4,1,0,1,0
St. Mary's,1213001,Consolidated Census Subdivision,cwn,Coldwave Number,number,The total number of days which are part of the coldwaves (as defined in Coldwave Frequency).,3,1,0,0,0
Sydney and Surrounds,1217030B,Consolidated Census Subdivision,cwn,Coldwave Number,number,The total number of days which are part of the coldwaves (as defined in Coldwave Frequency).,1,0,0,0,0
West Hants,1208003,Consolidated Census Subdivision,cwn,Coldwave Number,number,The total number of days which are part of the coldwaves (as defined in Coldwave Frequency).,2,1,0,0,0
Yarmouth,1202004,Consolidated Census Subdivision,cwn,Coldwave Number,number,The total number of days which are part of the coldwaves (as defined in Coldwave Frequency).,0,0,0,0,0
Nova Scotia,12,Province,dwr_win,Days with Rain (Winter),days,Number of days in winter for which the precipitation was above 1 mm and the mean temperature was above 0Â°C.,16,25,28,28,36
Annapolis,1205,Census Division,dwr_win,Days with Rain (Winter),days,Number of days in winter for which the precipitation was above 1 mm and the mean temperature was above 0Â°C.,15,24,28,29,37
Antigonish,1214,Census Division,dwr_win,Days with Rain (Winter),days,Number of days in winter for which the precipitation was above 1 mm and the mean temperature was above 0Â°C.,15,23,26,26,32
Cape Breton,1217,Census Division,dwr_win,Days with Rain (Winter),days,Number of days in winter for which the precipitation was above 1 mm and the mean temperature was above 0Â°C.,19,29,33,31,41
Colchester,1210,Census Division,dwr_win,Days with Rain (Winter),days,Number of days in winter for which the precipitation was above 1 mm and the mean temperature was above 0Â°C.,13,21,24,24,31
Cumberland,1211,Census Division,dwr_win,Days with Rain (Winter),days,Number of days in winter for which the precipitation was above 1 mm and the mean temperature was above 0Â°C.,12,19,22,22,29
Digby,1203,Census Division,dwr_win,Days with Rain (Winter),days,Number of days in winter for which the precipitation was above 1 mm and the mean temperature was above 0Â°C.,18,28,32,33,40
Guysborough,1213,Census Division,dwr_win,Days with Rain (Winter),days,Number of days in winter for which the precipitation was above 1 mm and the mean temperature was above 0Â°C.,17,25,28,28,34
Halifax,1209,Census Division,dwr_win,Days with Rain (Winter),days,Number of days in winter for which the precipitation was above 1 mm and the mean temperature was above 0Â°C.,17,25,29,28,36
Hants,1208,Census Division,dwr_win,Days with Rain (Winter),days,Number of days in winter for which the precipitation was above 1 mm and the mean temperature was above 0Â°C.,15,23,26,26,34
Inverness,1215,Census Division,dwr_win,Days with Rain (Winter),days,Number of days in winter for which the precipitation was above 1 mm and the mean temperature was above 0Â°C.,14,23,28,27,35
Kings,1207,Census Division,dwr_win,Days with Rain (Winter),days,Number of days in winter for which the precipitation was above 1 mm and the mean temperature was above 0Â°C.,14,22,26,26,34
Lunenburg,1206,Census Division,dwr_win,Days with Rain (Winter),days,Number of days in winter for which the precipitation was above 1 mm and the mean temperature was above 0Â°C.,17,25,29,30,37
Pictou,1212,Census Division,dwr_win,Days with Rain (Winter),days,Number of days in winter for which the precipitation was above 1 mm and the mean temperature was above 0Â°C.,14,21,24,24,31
Queens,1204,Census Division / Consolidated Census Subdivision,dwr_win,Days with Rain (Winter),days,Number of days in winter for which the precipitation was above 1 mm and the mean temperature was above 0Â°C.,19,27,32,31,39
Richmond,1216,Census Division / Consolidated Census Subdivision,dwr_win,Days with Rain (Winter),days,Number of days in winter for which the precipitation was above 1 mm and the mean temperature was above 0Â°C.,18,28,32,31,39
Shelburne,1201,Census Division / Consolidated Census Subdivision,dwr_win,Days with Rain (Winter),days,Number of days in winter for which the precipitation was above 1 mm and the mean temperature was above 0Â°C.,22,31,36,34,42
Victoria,1218,Census Division / Consolidated Census Subdivision,dwr_win,Days with Rain (Winter),days,Number of days in winter for which the precipitation was above 1 mm and the mean temperature was above 0Â°C.,14,23,28,27,35
Yarmouth,1202,Census Division,dwr_win,Days with Rain (Winter),days,Number of days in winter for which the precipitation was above 1 mm and the mean temperature was above 0Â°C.,21,31,36,35,43
"Annapolis, Subd. A",1205004,Consolidated Census Subdivision,dwr_win,Days with Rain (Winter),days,Number of days in winter for which the precipitation was above 1 mm and the mean temperature was above 0Â°C.,16,25,29,30,38
"Annapolis, Subd. B",1205009,Consolidated Census Subdivision,dwr_win,Days with Rain (Winter),days,Number of days in winter for which the precipitation was above 1 mm and the mean temperature was above 0Â°C.,15,23,28,28,36
"Annapolis, Subd. C",1205014,Consolidated Census Subdivision,dwr_win,Days with Rain (Winter),days,Number of days in winter for which the precipitation was above 1 mm and the mean temperature was above 0Â°C.,15,23,28,28,36
"Annapolis, Subd. D",1205001,Consolidated Census Subdivision,dwr_win,Days with Rain (Winter),days,Number of days in winter for which the precipitation was above 1 mm and the mean temperature was above 0Â°C.,15,24,28,29,37
"Antigonish, Subd. A",1214001,Consolidated Census Subdivision,dwr_win,Days with Rain (Winter),days,Number of days in winter for which the precipitation was above 1 mm and the mean temperature was above 0Â°C.,15,22,26,25,32
"Antigonish, Subd. B",1214006,Consolidated Census Subdivision,dwr_win,Days with Rain (Winter),days,Number of days in winter for which the precipitation was above 1 mm and the mean temperature was above 0Â°C.,16,24,27,27,33
Argyle,1202001,Consolidated Census Subdivision,dwr_win,Days with Rain (Winter),days,Number of days in winter for which the precipitation was above 1 mm and the mean temperature was above 0Â°C.,21,31,36,34,42
Cape Breton - Outlying Areas,1217030A,Consolidated Census Subdivision,dwr_win,Days with Rain (Winter),days,Number of days in winter for which the precipitation was above 1 mm and the mean temperature was above 0Â°C.,19,29,33,31,41
Chester,1206009,Consolidated Census Subdivision,dwr_win,Days with Rain (Winter),days,Number of days in winter for which the precipitation was above 1 mm and the mean temperature was above 0Â°C.,16,24,28,28,36
Clare,1203001,Consolidated Census Subdivision,dwr_win,Days with Rain (Winter),days,Number of days in winter for which the precipitation was above 1 mm and the mean temperature was above 0Â°C.,20,30,35,34,41
"Colchester, Subd. A",1210012,Consolidated Census Subdivision,dwr_win,Days with Rain (Winter),days,Number of days in winter for which the precipitation was above 1 mm and the mean temperature was above 0Â°C.,12,20,23,22,29
"Colchester, Subd. B",1210008,Consolidated Census Subdivision,dwr_win,Days with Rain (Winter),days,Number of days in winter for which the precipitation was above 1 mm and the mean temperature was above 0Â°C.,13,20,23,23,30
"Colchester, Subd. C",1210001,Consolidated Census Subdivision,dwr_win,Days with Rain (Winter),days,Number of days in winter for which the precipitation was above 1 mm and the mean temperature was above 0Â°C.,14,22,25,24,32
"Cumberland, Subd. A",1211001,Consolidated Census Subdivision,dwr_win,Days with Rain (Winter),days,Number of days in winter for which the precipitation was above 1 mm and the mean temperature was above 0Â°C.,12,20,23,23,30
"Cumberland, Subd. B",1211006,Consolidated Census Subdivision,dwr_win,Days with Rain (Winter),days,Number of days in winter for which the precipitation was above 1 mm and the mean temperature was above 0Â°C.,12,19,22,22,29
"Cumberland, Subd. C",1211009,Consolidated Census Subdivision,dwr_win,Days with Rain (Winter),days,Number of days in winter for which the precipitation was above 1 mm and the mean temperature was above 0Â°C.,12,19,22,21,28
"Cumberland, Subd. D",1211014,Consolidated Census Subdivision,dwr_win,Days with Rain (Winter),days,Number of days in winter for which the precipitation was above 1 mm and the mean temperature was above 0Â°C.,12,20,23,22,29
Digby,1203004,Consolidated Census Subdivision,dwr_win,Days with Rain (Winter),days,Number of days in winter for which the precipitation was above 1 mm and the mean temperature was above 0Â°C.,17,27,32,32,40
East Hants,1208008,Consolidated Census Subdivision,dwr_win,Days with Rain (Winter),days,Number of days in winter for which the precipitation was above 1 mm and the mean temperature was above 0Â°C.,14,23,26,25,34
Guysborough,1213004,Consolidated Census Subdivision,dwr_win,Days with Rain (Winter),days,Number of days in winter for which the precipitation was above 1 mm and the mean temperature was above 0Â°C.,17,26,28,28,36
Halifax - Central,1209034B,Consolidated Census Subdivision,dwr_win,Days with Rain (Winter),days,Number of days in winter for which the precipitation was above 1 mm and the mean temperature was above 0Â°C.,17,26,30,29,37
Halifax - East,1209034A,Consolidated Census Subdivision,dwr_win,Days with Rain (Winter),days,Number of days in winter for which the precipitation was above 1 mm and the mean temperature was above 0Â°C.,16,25,28,27,35
Halifax - West,1209034C,Consolidated Census Subdivision,dwr_win,Days with Rain (Winter),days,Number of days in winter for which the precipitation was above 1 mm and the mean temperature was above 0Â°C.,17,26,30,29,37
"Inverness, Subd. A",1215011,Consolidated Census Subdivision,dwr_win,Days with Rain (Winter),days,Number of days in winter for which the precipitation was above 1 mm and the mean temperature was above 0Â°C.,13,22,26,26,34
"Inverness, Subd. B",1215006,Consolidated Census Subdivision,dwr_win,Days with Rain (Winter),days,Number of days in winter for which the precipitation was above 1 mm and the mean temperature was above 0Â°C.,15,24,28,28,36
"Inverness, Subd. C",1215001,Consolidated Census Subdivision,dwr_win,Days with Rain (Winter),days,Number of days in winter for which the precipitation was above 1 mm and the mean temperature was above 0Â°C.,16,25,29,28,36
"Kings, Subd. A",1207001,Consolidated Census Subdivision,dwr_win,Days with Rain (Winter),days,Number of days in winter for which the precipitation was above 1 mm and the mean temperature was above 0Â°C.,14,22,27,27,34
"Kings, Subd. B",1207016,Consolidated Census Subdivision,dwr_win,Days with Rain (Winter),days,Number of days in winter for which the precipitation was above 1 mm and the mean temperature was above 0Â°C.,14,22,26,25,33
"Kings, Subd. C",1207011,Consolidated Census Subdivision,dwr_win,Days with Rain (Winter),days,Number of days in winter for which the precipitation was above 1 mm and the mean temperature was above 0Â°C.,14,23,26,26,34
"Kings, Subd. D",1207021,Consolidated Census Subdivision,dwr_win,Days with Rain (Winter),days,Number of days in winter for which the precipitation was above 1 mm and the mean temperature was above 0Â°C.,14,23,26,25,34
Lunenburg,1206001,Consolidated Census Subdivision,dwr_win,Days with Rain (Winter),days,Number of days in winter for which the precipitation was above 1 mm and the mean temperature was above 0Â°C.,17,26,30,31,38
"Pictou, Subd. A",1212001,Consolidated Census Subdivision,dwr_win,Days with Rain (Winter),days,Number of days in winter for which the precipitation was above 1 mm and the mean temperature was above 0Â°C.,13,21,24,24,30
"Pictou, Subd. B",1212006,Consolidated Census Subdivision,dwr_win,Days with Rain (Winter),days,Number of days in winter for which the precipitation was above 1 mm and the mean temperature was above 0Â°C.,14,21,24,24,31
"Pictou, Subd. C",1212011,Consolidated Census Subdivision,dwr_win,Days with Rain (Winter),days,Number of days in winter for which the precipitation was above 1 mm and the mean temperature was above 0Â°C.,14,21,25,25,31
St. Mary's,1213001,Consolidated Census Subdivision,dwr_win,Days with Rain (Winter),days,Number of days in winter for which the precipitation was above 1 mm and the mean temperature was above 0Â°C.,16,24,27,27,34
Sydney and Surrounds,1217030B,Consolidated Census Subdivision,dwr_win,Days with Rain (Winter),days,Number of days in winter for which the precipitation was above 1 mm and the mean temperature was above 0Â°C.,19,29,33,32,42
West Hants,1208003,Consolidated Census Subdivision,dwr_win,Days with Rain (Winter),days,Number of days in winter for which the precipitation was above 1 mm and the mean temperature was above 0Â°C.,15,23,27,26,34
Yarmouth,1202004,Consolidated Census Subdivision,dwr_win,Days with Rain (Winter),days,Number of days in winter for which the precipitation was above 1 mm and the mean temperature was above 0Â°C.,22,32,36,35,43
Nova Scotia,12,Province,dwr_win_ext,Days with Rain (Winter-extended),days,Number of days in winter (extended) for which the precipitation was above 1 mm and the mean temperature was above 0Â°C.,30,40,42,43,51
Annapolis,1205,Census Division,dwr_win_ext,Days with Rain (Winter-extended),days,Number of days in winter (extended) for which the precipitation was above 1 mm and the mean temperature was above 0Â°C.,27,37,41,42,50
Antigonish,1214,Census Division,dwr_win_ext,Days with Rain (Winter-extended),days,Number of days in winter (extended) for which the precipitation was above 1 mm and the mean temperature was above 0Â°C.,29,38,41,42,48
Cape Breton,1217,Census Division,dwr_win_ext,Days with Rain (Winter-extended),days,Number of days in winter (extended) for which the precipitation was above 1 mm and the mean temperature was above 0Â°C.,35,46,50,49,58
Colchester,1210,Census Division,dwr_win_ext,Days with Rain (Winter-extended),days,Number of days in winter (extended) for which the precipitation was above 1 mm and the mean temperature was above 0Â°C.,26,35,37,38,44
Cumberland,1211,Census Division,dwr_win_ext,Days with Rain (Winter-extended),days,Number of days in winter (extended) for which the precipitation was above 1 mm and the mean temperature was above 0Â°C.,24,32,36,36,43
Digby,1203,Census Division,dwr_win_ext,Days with Rain (Winter-extended),days,Number of days in winter (extended) for which the precipitation was above 1 mm and the mean temperature was above 0Â°C.,30,41,46,46,53
Guysborough,1213,Census Division,dwr_win_ext,Days with Rain (Winter-extended),days,Number of days in winter (extended) for which the precipitation was above 1 mm and the mean temperature was above 0Â°C.,30,40,42,43,49
Halifax,1209,Census Division,dwr_win_ext,Days with Rain (Winter-extended),days,Number of days in winter (extended) for which the precipitation was above 1 mm and the mean temperature was above 0Â°C.,30,39,42,42,49
Hants,1208,Census Division,dwr_win_ext,Days with Rain (Winter-extended),days,Number of days in winter (extended) for which the precipitation was above 1 mm and the mean temperature was above 0Â°C.,27,36,39,40,47
Inverness,1215,Census Division,dwr_win_ext,Days with Rain (Winter-extended),days,Number of days in winter (extended) for which the precipitation was above 1 mm and the mean temperature was above 0Â°C.,30,40,45,44,52
Kings,1207,Census Division,dwr_win_ext,Days with Rain (Winter-extended),days,Number of days in winter (extended) for which the precipitation was above 1 mm and the mean temperature was above 0Â°C.,27,36,39,40,47
Lunenburg,1206,Census Division,dwr_win_ext,Days with Rain (Winter-extended),days,Number of days in winter (extended) for which the precipitation was above 1 mm and the mean temperature was above 0Â°C.,29,39,42,43,51
Pictou,1212,Census Division,dwr_win_ext,Days with Rain (Winter-extended),days,Number of days in winter (extended) for which the precipitation was above 1 mm and the mean temperature was above 0Â°C.,27,36,39,39,46
Queens,1204,Census Division / Consolidated Census Subdivision,dwr_win_ext,Days with Rain (Winter-extended),days,Number of days in winter (extended) for which the precipitation was above 1 mm and the mean temperature was above 0Â°C.,31,41,45,45,52
Richmond,1216,Census Division / Consolidated Census Subdivision,dwr_win_ext,Days with Rain (Winter-extended),days,Number of days in winter (extended) for which the precipitation was above 1 mm and the mean temperature was above 0Â°C.,34,45,48,48,56
Shelburne,1201,Census Division / Consolidated Census Subdivision,dwr_win_ext,Days with Rain (Winter-extended),days,Number of days in winter (extended) for which the precipitation was above 1 mm and the mean temperature was above 0Â°C.,35,45,49,48,55
Victoria,1218,Census Division / Consolidated Census Subdivision,dwr_win_ext,Days with Rain (Winter-extended),days,Number of days in winter (extended) for which the precipitation was above 1 mm and the mean temperature was above 0Â°C.,30,41,46,45,54
Yarmouth,1202,Census Division,dwr_win_ext,Days with Rain (Winter-extended),days,Number of days in winter (extended) for which the precipitation was above 1 mm and the mean temperature was above 0Â°C.,34,45,49,49,55
"Annapolis, Subd. A",1205004,Consolidated Census Subdivision,dwr_win_ext,Days with Rain (Winter-extended),days,Number of days in winter (extended) for which the precipitation was above 1 mm and the mean temperature was above 0Â°C.,28,37,43,43,50
"Annapolis, Subd. B",1205009,Consolidated Census Subdivision,dwr_win_ext,Days with Rain (Winter-extended),days,Number of days in winter (extended) for which the precipitation was above 1 mm and the mean temperature was above 0Â°C.,27,36,41,41,49
"Annapolis, Subd. C",1205014,Consolidated Census Subdivision,dwr_win_ext,Days with Rain (Winter-extended),days,Number of days in winter (extended) for which the precipitation was above 1 mm and the mean temperature was above 0Â°C.,27,36,41,41,49
"Annapolis, Subd. D",1205001,Consolidated Census Subdivision,dwr_win_ext,Days with Rain (Winter-extended),days,Number of days in winter (extended) for which the precipitation was above 1 mm and the mean temperature was above 0Â°C.,27,37,41,42,50
"Antigonish, Subd. A",1214001,Consolidated Census Subdivision,dwr_win_ext,Days with Rain (Winter-extended),days,Number of days in winter (extended) for which the precipitation was above 1 mm and the mean temperature was above 0Â°C.,29,38,41,41,47
"Antigonish, Subd. B",1214006,Consolidated Census Subdivision,dwr_win_ext,Days with Rain (Winter-extended),days,Number of days in winter (extended) for which the precipitation was above 1 mm and the mean temperature was above 0Â°C.,30,39,42,43,49
Argyle,1202001,Consolidated Census Subdivision,dwr_win_ext,Days with Rain (Winter-extended),days,Number of days in winter (extended) for which the precipitation was above 1 mm and the mean temperature was above 0Â°C.,34,45,49,48,55
Cape Breton - Outlying Areas,1217030A,Consolidated Census Subdivision,dwr_win_ext,Days with Rain (Winter-extended),days,Number of days in winter (extended) for which the precipitation was above 1 mm and the mean temperature was above 0Â°C.,35,46,50,49,58
Chester,1206009,Consolidated Census Subdivision,dwr_win_ext,Days with Rain (Winter-extended),days,Number of days in winter (extended) for which the precipitation was above 1 mm and the mean temperature was above 0Â°C.,28,38,41,42,50
Clare,1203001,Consolidated Census Subdivision,dwr_win_ext,Days with Rain (Winter-extended),days,Number of days in winter (extended) for which the precipitation was above 1 mm and the mean temperature was above 0Â°C.,32,44,48,47,54
"Colchester, Subd. A",1210012,Consolidated Census Subdivision,dwr_win_ext,Days with Rain (Winter-extended),days,Number of days in winter (extended) for which the precipitation was above 1 mm and the mean temperature was above 0Â°C.,25,33,36,36,43
"Colchester, Subd. B",1210008,Consolidated Census Subdivision,dwr_win_ext,Days with Rain (Winter-extended),days,Number of days in winter (extended) for which the precipitation was above 1 mm and the mean temperature was above 0Â°C.,26,34,37,37,44
"Colchester, Subd. C",1210001,Consolidated Census Subdivision,dwr_win_ext,Days with Rain (Winter-extended),days,Number of days in winter (extended) for which the precipitation was above 1 mm and the mean temperature was above 0Â°C.,27,36,38,39,46
"Cumberland, Subd. A",1211001,Consolidated Census Subdivision,dwr_win_ext,Days with Rain (Winter-extended),days,Number of days in winter (extended) for which the precipitation was above 1 mm and the mean temperature was above 0Â°C.,25,32,36,36,43
"Cumberland, Subd. B",1211006,Consolidated Census Subdivision,dwr_win_ext,Days with Rain (Winter-extended),days,Number of days in winter (extended) for which the precipitation was above 1 mm and the mean temperature was above 0Â°C.,24,32,36,36,43
"Cumberland, Subd. C",1211009,Consolidated Census Subdivision,dwr_win_ext,Days with Rain (Winter-extended),days,Number of days in winter (extended) for which the precipitation was above 1 mm and the mean temperature was above 0Â°C.,24,32,36,35,43
"Cumberland, Subd. D",1211014,Consolidated Census Subdivision,dwr_win_ext,Days with Rain (Winter-extended),days,Number of days in winter (extended) for which the precipitation was above 1 mm and the mean temperature was above 0Â°C.,25,34,36,37,43
Digby,1203004,Consolidated Census Subdivision,dwr_win_ext,Days with Rain (Winter-extended),days,Number of days in winter (extended) for which the precipitation was above 1 mm and the mean temperature was above 0Â°C.,30,40,44,45,53
East Hants,1208008,Consolidated Census Subdivision,dwr_win_ext,Days with Rain (Winter-extended),days,Number of days in winter (extended) for which the precipitation was above 1 mm and the mean temperature was above 0Â°C.,27,36,39,39,47
Guysborough,1213004,Consolidated Census Subdivision,dwr_win_ext,Days with Rain (Winter-extended),days,Number of days in winter (extended) for which the precipitation was above 1 mm and the mean temperature was above 0Â°C.,31,41,44,44,51
Halifax - Central,1209034B,Consolidated Census Subdivision,dwr_win_ext,Days with Rain (Winter-extended),days,Number of days in winter (extended) for which the precipitation was above 1 mm and the mean temperature was above 0Â°C.,30,40,43,43,50
Halifax - East,1209034A,Consolidated Census Subdivision,dwr_win_ext,Days with Rain (Winter-extended),days,Number of days in winter (extended) for which the precipitation was above 1 mm and the mean temperature was above 0Â°C.,30,39,41,42,49
Halifax - West,1209034C,Consolidated Census Subdivision,dwr_win_ext,Days with Rain (Winter-extended),days,Number of days in winter (extended) for which the precipitation was above 1 mm and the mean temperature was above 0Â°C.,30,39,43,43,50
"Inverness, Subd. A",1215011,Consolidated Census Subdivision,dwr_win_ext,Days with Rain (Winter-extended),days,Number of days in winter (extended) for which the precipitation was above 1 mm and the mean temperature was above 0Â°C.,28,39,44,43,52
"Inverness, Subd. B",1215006,Consolidated Census Subdivision,dwr_win_ext,Days with Rain (Winter-extended),days,Number of days in winter (extended) for which the precipitation was above 1 mm and the mean temperature was above 0Â°C.,31,41,45,45,52
"Inverness, Subd. C",1215001,Consolidated Census Subdivision,dwr_win_ext,Days with Rain (Winter-extended),days,Number of days in winter (extended) for which the precipitation was above 1 mm and the mean temperature was above 0Â°C.,31,42,45,45,52
"Kings, Subd. A",1207001,Consolidated Census Subdivision,dwr_win_ext,Days with Rain (Winter-extended),days,Number of days in winter (extended) for which the precipitation was above 1 mm and the mean temperature was above 0Â°C.,27,36,40,40,48
"Kings, Subd. B",1207016,Consolidated Census Subdivision,dwr_win_ext,Days with Rain (Winter-extended),days,Number of days in winter (extended) for which the precipitation was above 1 mm and the mean temperature was above 0Â°C.,27,35,39,39,47
"Kings, Subd. C",1207011,Consolidated Census Subdivision,dwr_win_ext,Days with Rain (Winter-extended),days,Number of days in winter (extended) for which the precipitation was above 1 mm and the mean temperature was above 0Â°C.,26,36,39,39,47
"Kings, Subd. D",1207021,Consolidated Census Subdivision,dwr_win_ext,Days with Rain (Winter-extended),days,Number of days in winter (extended) for which the precipitation was above 1 mm and the mean temperature was above 0Â°C.,27,36,39,39,48
Lunenburg,1206001,Consolidated Census Subdivision,dwr_win_ext,Days with Rain (Winter-extended),days,Number of days in winter (extended) for which the precipitation was above 1 mm and the mean temperature was above 0Â°C.,30,40,43,44,51
"Pictou, Subd. A",1212001,Consolidated Census Subdivision,dwr_win_ext,Days with Rain (Winter-extended),days,Number of days in winter (extended) for which the precipitation was above 1 mm and the mean temperature was above 0Â°C.,27,35,38,38,45
"Pictou, Subd. B",1212006,Consolidated Census Subdivision,dwr_win_ext,Days with Rain (Winter-extended),days,Number of days in winter (extended) for which the precipitation was above 1 mm and the mean temperature was above 0Â°C.,27,36,39,39,46
"Pictou, Subd. C",1212011,Consolidated Census Subdivision,dwr_win_ext,Days with Rain (Winter-extended),days,Number of days in winter (extended) for which the precipitation was above 1 mm and the mean temperature was above 0Â°C.,28,36,39,40,46
St. Mary's,1213001,Consolidated Census Subdivision,dwr_win_ext,Days with Rain (Winter-extended),days,Number of days in winter (extended) for which the precipitation was above 1 mm and the mean temperature was above 0Â°C.,29,39,41,42,48
Sydney and Surrounds,1217030B,Consolidated Census Subdivision,dwr_win_ext,Days with Rain (Winter-extended),days,Number of days in winter (extended) for which the precipitation was above 1 mm and the mean temperature was above 0Â°C.,36,48,52,50,60
West Hants,1208003,Consolidated Census Subdivision,dwr_win_ext,Days with Rain (Winter-extended),days,Number of days in winter (extended) for which the precipitation was above 1 mm and the mean temperature was above 0Â°C.,27,36,40,40,48
Yarmouth,1202004,Consolidated Census Subdivision,dwr_win_ext,Days with Rain (Winter-extended),days,Number of days in winter (extended) for which the precipitation was above 1 mm and the mean temperature was above 0Â°C.,35,46,50,49,56
Nova Scotia,12,Province,dws_win,Days with Snow (Winter),days,The number of days in winter for which there was more than 1 mm of precipitation when the mean temperature was less than 0Â°C.,33,25,21,21,13
Annapolis,1205,Census Division,dws_win,Days with Snow (Winter),days,The number of days in winter for which there was more than 1 mm of precipitation when the mean temperature was less than 0Â°C.,33,25,21,20,13
Antigonish,1214,Census Division,dws_win,Days with Snow (Winter),days,The number of days in winter for which there was more than 1 mm of precipitation when the mean temperature was less than 0Â°C.,33,26,23,22,15
Antigonish,1214,Census Division,dws_win,Days with Snow (Winter),days,The number of days in winter for which there was more than 1 mm of precipitation when the mean temperature was less than 0Â°C.,33,26,23,22,15
Cape Breton,1217,Census Division,dws_win,Days with Snow (Winter),days,The number of days in winter for which there was more than 1 mm of precipitation when the mean temperature was less than 0Â°C.,39,29,26,26,17
Colchester,1210,Census Division,dws_win,Days with Snow (Winter),days,The number of days in winter for which there was more than 1 mm of precipitation when the mean temperature was less than 0Â°C.,33,26,23,23,16
Cumberland,1211,Census Division,dws_win,Days with Snow (Winter),days,The number of days in winter for which there was more than 1 mm of precipitation when the mean temperature was less than 0Â°C.,33,27,23,23,16
Digby,1203,Census Division,dws_win,Days with Snow (Winter),days,The number of days in winter for which there was more than 1 mm of precipitation when the mean temperature was less than 0Â°C.,29,20,15,15,7
Guysborough,1213,Census Division,dws_win,Days with Snow (Winter),days,The number of days in winter for which there was more than 1 mm of precipitation when the mean temperature was less than 0Â°C.,31,23,19,19,12
Halifax,1209,Census Division,dws_win,Days with Snow (Winter),days,The number of days in winter for which there was more than 1 mm of precipitation when the mean temperature was less than 0Â°C.,29,21,18,18,11
Hants,1208,Census Division,dws_win,Days with Snow (Winter),days,The number of days in winter for which there was more than 1 mm of precipitation when the mean temperature was less than 0Â°C.,31,23,20,20,13
Inverness,1215,Census Division,dws_win,Days with Snow (Winter),days,The number of days in winter for which there was more than 1 mm of precipitation when the mean temperature was less than 0Â°C.,43,34,30,29,21
Kings,1207,Census Division,dws_win,Days with Snow (Winter),days,The number of days in winter for which there was more than 1 mm of precipitation when the mean temperature was less than 0Â°C.,34,26,23,22,15
Lunenburg,1206,Census Division,dws_win,Days with Snow (Winter),days,The number of days in winter for which there was more than 1 mm of precipitation when the mean temperature was less than 0Â°C.,30,22,18,18,10
Pictou,1212,Census Division,dws_win,Days with Snow (Winter),days,The number of days in winter for which there was more than 1 mm of precipitation when the mean temperature was less than 0Â°C.,34,26,23,23,16
Queens,1204,Census Division / Consolidated Census Subdivision,dws_win,Days with Snow (Winter),days,The number of days in winter for which there was more than 1 mm of precipitation when the mean temperature was less than 0Â°C.,27,19,16,15,7
Richmond,1216,Census Division / Consolidated Census Subdivision,dws_win,Days with Snow (Winter),days,The number of days in winter for which there was more than 1 mm of precipitation when the mean temperature was less than 0Â°C.,34,24,21,22,14
Shelburne,1201,Census Division / Consolidated Census Subdivision,dws_win,Days with Snow (Winter),days,The number of days in winter for which there was more than 1 mm of precipitation when the mean temperature was less than 0Â°C.,26,17,13,13,6
Victoria,1218,Census Division / Consolidated Census Subdivision,dws_win,Days with Snow (Winter),days,The number of days in winter for which there was more than 1 mm of precipitation when the mean temperature was less than 0Â°C.,46,36,33,33,23
Yarmouth,1202,Census Division,dws_win,Days with Snow (Winter),days,The number of days in winter for which there was more than 1 mm of precipitation when the mean temperature was less than 0Â°C.,28,18,14,14,6
"Annapolis, Subd. A",1205004,Consolidated Census Subdivision,dws_win,Days with Snow (Winter),days,The number of days in winter for which there was more than 1 mm of precipitation when the mean temperature was less than 0Â°C.,32,24,19,19,11
"Annapolis, Subd. B",1205009,Consolidated Census Subdivision,dws_win,Days with Snow (Winter),days,The number of days in winter for which there was more than 1 mm of precipitation when the mean temperature was less than 0Â°C.,34,26,22,22,14
"Annapolis, Subd. C",1205014,Consolidated Census Subdivision,dws_win,Days with Snow (Winter),days,The number of days in winter for which there was more than 1 mm of precipitation when the mean temperature was less than 0Â°C.,34,26,22,22,14
"Annapolis, Subd. D",1205001,Consolidated Census Subdivision,dws_win,Days with Snow (Winter),days,The number of days in winter for which there was more than 1 mm of precipitation when the mean temperature was less than 0Â°C.,33,25,21,20,13
"Antigonish, Subd. A",1214001,Consolidated Census Subdivision,dws_win,Days with Snow (Winter),days,The number of days in winter for which there was more than 1 mm of precipitation when the mean temperature was less than 0Â°C.,34,26,23,23,16
"Antigonish, Subd. B",1214006,Consolidated Census Subdivision,dws_win,Days with Snow (Winter),days,The number of days in winter for which there was more than 1 mm of precipitation when the mean temperature was less than 0Â°C.,33,25,21,21,14
Argyle,1202001,Consolidated Census Subdivision,dws_win,Days with Snow (Winter),days,The number of days in winter for which there was more than 1 mm of precipitation when the mean temperature was less than 0Â°C.,28,18,14,14,6
Cape Breton - Outlying Areas,1217030A,Consolidated Census Subdivision,dws_win,Days with Snow (Winter),days,The number of days in winter for which there was more than 1 mm of precipitation when the mean temperature was less than 0Â°C.,39,29,26,26,17
Chester,1206009,Consolidated Census Subdivision,dws_win,Days with Snow (Winter),days,The number of days in winter for which there was more than 1 mm of precipitation when the mean temperature was less than 0Â°C.,31,23,20,19,12
Clare,1203001,Consolidated Census Subdivision,dws_win,Days with Snow (Winter),days,The number of days in winter for which there was more than 1 mm of precipitation when the mean temperature was less than 0Â°C.,28,18,13,13,6
"Colchester, Subd. A",1210012,Consolidated Census Subdivision,dws_win,Days with Snow (Winter),days,The number of days in winter for which there was more than 1 mm of precipitation when the mean temperature was less than 0Â°C.,34,27,23,24,17
"Colchester, Subd. B",1210008,Consolidated Census Subdivision,dws_win,Days with Snow (Winter),days,The number of days in winter for which there was more than 1 mm of precipitation when the mean temperature was less than 0Â°C.,34,27,24,24,17
"Colchester, Subd. C",1210001,Consolidated Census Subdivision,dws_win,Days with Snow (Winter),days,The number of days in winter for which there was more than 1 mm of precipitation when the mean temperature was less than 0Â°C.,32,25,22,21,15
"Cumberland, Subd. A",1211001,Consolidated Census Subdivision,dws_win,Days with Snow (Winter),days,The number of days in winter for which there was more than 1 mm of precipitation when the mean temperature was less than 0Â°C.,33,26,23,23,16
"Cumberland, Subd. B",1211006,Consolidated Census Subdivision,dws_win,Days with Snow (Winter),days,The number of days in winter for which there was more than 1 mm of precipitation when the mean temperature was less than 0Â°C.,33,27,23,23,17
"Cumberland, Subd. C",1211009,Consolidated Census Subdivision,dws_win,Days with Snow (Winter),days,The number of days in winter for which there was more than 1 mm of precipitation when the mean temperature was less than 0Â°C.,33,27,23,24,16
"Cumberland, Subd. D",1211014,Consolidated Census Subdivision,dws_win,Days with Snow (Winter),days,The number of days in winter for which there was more than 1 mm of precipitation when the mean temperature was less than 0Â°C.,34,27,24,24,17
Digby,1203004,Consolidated Census Subdivision,dws_win,Days with Snow (Winter),days,The number of days in winter for which there was more than 1 mm of precipitation when the mean temperature was less than 0Â°C.,30,21,17,16,8
East Hants,1208008,Consolidated Census Subdivision,dws_win,Days with Snow (Winter),days,The number of days in winter for which there was more than 1 mm of precipitation when the mean temperature was less than 0Â°C.,31,23,21,20,13
Guysborough,1213004,Consolidated Census Subdivision,dws_win,Days with Snow (Winter),days,The number of days in winter for which there was more than 1 mm of precipitation when the mean temperature was less than 0Â°C.,31,23,19,19,12
Halifax - Central,1209034B,Consolidated Census Subdivision,dws_win,Days with Snow (Winter),days,The number of days in winter for which there was more than 1 mm of precipitation when the mean temperature was less than 0Â°C.,28,20,17,17,10
Halifax - East,1209034A,Consolidated Census Subdivision,dws_win,Days with Snow (Winter),days,The number of days in winter for which there was more than 1 mm of precipitation when the mean temperature was less than 0Â°C.,29,22,19,18,12
Halifax - West,1209034C,Consolidated Census Subdivision,dws_win,Days with Snow (Winter),days,The number of days in winter for which there was more than 1 mm of precipitation when the mean temperature was less than 0Â°C.,28,20,17,17,9
"Inverness, Subd. A",1215011,Consolidated Census Subdivision,dws_win,Days with Snow (Winter),days,The number of days in winter for which there was more than 1 mm of precipitation when the mean temperature was less than 0Â°C.,47,38,34,33,25
"Inverness, Subd. B",1215006,Consolidated Census Subdivision,dws_win,Days with Snow (Winter),days,The number of days in winter for which there was more than 1 mm of precipitation when the mean temperature was less than 0Â°C.,39,30,27,26,19
"Inverness, Subd. C",1215001,Consolidated Census Subdivision,dws_win,Days with Snow (Winter),days,The number of days in winter for which there was more than 1 mm of precipitation when the mean temperature was less than 0Â°C.,36,27,24,24,17
"Kings, Subd. A",1207001,Consolidated Census Subdivision,dws_win,Days with Snow (Winter),days,The number of days in winter for which there was more than 1 mm of precipitation when the mean temperature was less than 0Â°C.,34,26,23,23,15
"Kings, Subd. B",1207016,Consolidated Census Subdivision,dws_win,Days with Snow (Winter),days,The number of days in winter for which there was more than 1 mm of precipitation when the mean temperature was less than 0Â°C.,32,25,22,22,14
"Kings, Subd. C",1207011,Consolidated Census Subdivision,dws_win,Days with Snow (Winter),days,The number of days in winter for which there was more than 1 mm of precipitation when the mean temperature was less than 0Â°C.,34,26,23,23,15
"Kings, Subd. D",1207021,Consolidated Census Subdivision,dws_win,Days with Snow (Winter),days,The number of days in winter for which there was more than 1 mm of precipitation when the mean temperature was less than 0Â°C.,33,25,22,22,14
Lunenburg,1206001,Consolidated Census Subdivision,dws_win,Days with Snow (Winter),days,The number of days in winter for which there was more than 1 mm of precipitation when the mean temperature was less than 0Â°C.,29,21,17,17,9
"Pictou, Subd. A",1212001,Consolidated Census Subdivision,dws_win,Days with Snow (Winter),days,The number of days in winter for which there was more than 1 mm of precipitation when the mean temperature was less than 0Â°C.,34,27,24,23,17
"Pictou, Subd. B",1212006,Consolidated Census Subdivision,dws_win,Days with Snow (Winter),days,The number of days in winter for which there was more than 1 mm of precipitation when the mean temperature was less than 0Â°C.,34,26,23,23,16
"Pictou, Subd. C",1212011,Consolidated Census Subdivision,dws_win,Days with Snow (Winter),days,The number of days in winter for which there was more than 1 mm of precipitation when the mean temperature was less than 0Â°C.,34,26,23,23,16
St. Mary's,1213001,Consolidated Census Subdivision,dws_win,Days with Snow (Winter),days,The number of days in winter for which there was more than 1 mm of precipitation when the mean temperature was less than 0Â°C.,30,23,20,19,13
Sydney and Surrounds,1217030B,Consolidated Census Subdivision,dws_win,Days with Snow (Winter),days,The number of days in winter for which there was more than 1 mm of precipitation when the mean temperature was less than 0Â°C.,41,30,28,28,18
West Hants,1208003,Consolidated Census Subdivision,dws_win,Days with Snow (Winter),days,The number of days in winter for which there was more than 1 mm of precipitation when the mean temperature was less than 0Â°C.,31,23,20,20,13
Yarmouth,1202004,Consolidated Census Subdivision,dws_win,Days with Snow (Winter),days,The number of days in winter for which there was more than 1 mm of precipitation when the mean temperature was less than 0Â°C.,28,18,14,14,6
Nova Scotia,12,Province,dws_win_ext,Days with Snow (Winter-extended),days,The number of days in winter (extended) for which there was more than 1 mm of precipitation when the mean temperature was less than 0Â°C.,35,25,22,21,13
Annapolis,1205,Census Division,dws_win_ext,Days with Snow (Winter-extended),days,The number of days in winter (extended) for which there was more than 1 mm of precipitation when the mean temperature was less than 0Â°C.,34,25,21,21,13
Antigonish,1214,Census Division,dws_win_ext,Days with Snow (Winter-extended),days,The number of days in winter (extended) for which there was more than 1 mm of precipitation when the mean temperature was less than 0Â°C.,35,26,23,23,15
Cape Breton,1217,Census Division,dws_win_ext,Days with Snow (Winter-extended),days,The number of days in winter (extended) for which there was more than 1 mm of precipitation when the mean temperature was less than 0Â°C.,41,29,26,26,17
Colchester,1210,Census Division,dws_win_ext,Days with Snow (Winter-extended),days,The number of days in winter (extended) for which there was more than 1 mm of precipitation when the mean temperature was less than 0Â°C.,35,27,23,23,16
Cumberland,1211,Census Division,dws_win_ext,Days with Snow (Winter-extended),days,The number of days in winter (extended) for which there was more than 1 mm of precipitation when the mean temperature was less than 0Â°C.,35,27,24,24,16
Digby,1203,Census Division,dws_win_ext,Days with Snow (Winter-extended),days,The number of days in winter (extended) for which there was more than 1 mm of precipitation when the mean temperature was less than 0Â°C.,30,20,15,15,7
Guysborough,1213,Census Division,dws_win_ext,Days with Snow (Winter-extended),days,The number of days in winter (extended) for which there was more than 1 mm of precipitation when the mean temperature was less than 0Â°C.,32,23,20,19,12
Halifax,1209,Census Division,dws_win_ext,Days with Snow (Winter-extended),days,The number of days in winter (extended) for which there was more than 1 mm of precipitation when the mean temperature was less than 0Â°C.,30,22,19,18,11
Hants,1208,Census Division,dws_win_ext,Days with Snow (Winter-extended),days,The number of days in winter (extended) for which there was more than 1 mm of precipitation when the mean temperature was less than 0Â°C.,33,24,21,20,13
Inverness,1215,Census Division,dws_win_ext,Days with Snow (Winter-extended),days,The number of days in winter (extended) for which there was more than 1 mm of precipitation when the mean temperature was less than 0Â°C.,45,34,31,29,21
Kings,1207,Census Division,dws_win_ext,Days with Snow (Winter-extended),days,The number of days in winter (extended) for which there was more than 1 mm of precipitation when the mean temperature was less than 0Â°C.,35,26,23,23,15
Lunenburg,1206,Census Division,dws_win_ext,Days with Snow (Winter-extended),days,The number of days in winter (extended) for which there was more than 1 mm of precipitation when the mean temperature was less than 0Â°C.,31,22,18,18,10
Pictou,1212,Census Division,dws_win_ext,Days with Snow (Winter-extended),days,The number of days in winter (extended) for which there was more than 1 mm of precipitation when the mean temperature was less than 0Â°C.,36,27,24,23,17
Queens,1204,Census Division / Consolidated Census Subdivision,dws_win_ext,Days with Snow (Winter-extended),days,The number of days in winter (extended) for which there was more than 1 mm of precipitation when the mean temperature was less than 0Â°C.,28,19,16,15,7
Richmond,1216,Census Division / Consolidated Census Subdivision,dws_win_ext,Days with Snow (Winter-extended),days,The number of days in winter (extended) for which there was more than 1 mm of precipitation when the mean temperature was less than 0Â°C.,36,25,21,22,14
Shelburne,1201,Census Division / Consolidated Census Subdivision,dws_win_ext,Days with Snow (Winter-extended),days,The number of days in winter (extended) for which there was more than 1 mm of precipitation when the mean temperature was less than 0Â°C.,27,17,13,13,6
Victoria,1218,Census Division / Consolidated Census Subdivision,dws_win_ext,Days with Snow (Winter-extended),days,The number of days in winter (extended) for which there was more than 1 mm of precipitation when the mean temperature was less than 0Â°C.,49,37,34,34,23
Yarmouth,1202,Census Division,dws_win_ext,Days with Snow (Winter-extended),days,The number of days in winter (extended) for which there was more than 1 mm of precipitation when the mean temperature was less than 0Â°C.,29,18,14,14,6
"Annapolis, Subd. A",1205004,Consolidated Census Subdivision,dws_win_ext,Days with Snow (Winter-extended),days,The number of days in winter (extended) for which there was more than 1 mm of precipitation when the mean temperature was less than 0Â°C.,33,24,19,19,11
"Annapolis, Subd. B",1205009,Consolidated Census Subdivision,dws_win_ext,Days with Snow (Winter-extended),days,The number of days in winter (extended) for which there was more than 1 mm of precipitation when the mean temperature was less than 0Â°C.,35,27,22,22,14
"Annapolis, Subd. C",1205014,Consolidated Census Subdivision,dws_win_ext,Days with Snow (Winter-extended),days,The number of days in winter (extended) for which there was more than 1 mm of precipitation when the mean temperature was less than 0Â°C.,36,27,22,23,14
"Annapolis, Subd. D",1205001,Consolidated Census Subdivision,dws_win_ext,Days with Snow (Winter-extended),days,The number of days in winter (extended) for which there was more than 1 mm of precipitation when the mean temperature was less than 0Â°C.,34,25,21,21,13
"Antigonish, Subd. A",1214001,Consolidated Census Subdivision,dws_win_ext,Days with Snow (Winter-extended),days,The number of days in winter (extended) for which there was more than 1 mm of precipitation when the mean temperature was less than 0Â°C.,35,27,23,23,16
"Antigonish, Subd. B",1214006,Consolidated Census Subdivision,dws_win_ext,Days with Snow (Winter-extended),days,The number of days in winter (extended) for which there was more than 1 mm of precipitation when the mean temperature was less than 0Â°C.,34,25,22,22,14
Argyle,1202001,Consolidated Census Subdivision,dws_win_ext,Days with Snow (Winter-extended),days,The number of days in winter (extended) for which there was more than 1 mm of precipitation when the mean temperature was less than 0Â°C.,28,18,14,14,6
Cape Breton - Outlying Areas,1217030A,Consolidated Census Subdivision,dws_win_ext,Days with Snow (Winter-extended),days,The number of days in winter (extended) for which there was more than 1 mm of precipitation when the mean temperature was less than 0Â°C.,41,29,26,26,17
Chester,1206009,Consolidated Census Subdivision,dws_win_ext,Days with Snow (Winter-extended),days,The number of days in winter (extended) for which there was more than 1 mm of precipitation when the mean temperature was less than 0Â°C.,32,24,20,20,12
Clare,1203001,Consolidated Census Subdivision,dws_win_ext,Days with Snow (Winter-extended),days,The number of days in winter (extended) for which there was more than 1 mm of precipitation when the mean temperature was less than 0Â°C.,29,18,13,13,6
"Colchester, Subd. A",1210012,Consolidated Census Subdivision,dws_win_ext,Days with Snow (Winter-extended),days,The number of days in winter (extended) for which there was more than 1 mm of precipitation when the mean temperature was less than 0Â°C.,36,27,24,24,17
"Colchester, Subd. B",1210008,Consolidated Census Subdivision,dws_win_ext,Days with Snow (Winter-extended),days,The number of days in winter (extended) for which there was more than 1 mm of precipitation when the mean temperature was less than 0Â°C.,36,27,24,24,17
"Colchester, Subd. C",1210001,Consolidated Census Subdivision,dws_win_ext,Days with Snow (Winter-extended),days,The number of days in winter (extended) for which there was more than 1 mm of precipitation when the mean temperature was less than 0Â°C.,34,25,22,22,15
"Cumberland, Subd. A",1211001,Consolidated Census Subdivision,dws_win_ext,Days with Snow (Winter-extended),days,The number of days in winter (extended) for which there was more than 1 mm of precipitation when the mean temperature was less than 0Â°C.,35,27,23,23,16
"Cumberland, Subd. B",1211006,Consolidated Census Subdivision,dws_win_ext,Days with Snow (Winter-extended),days,The number of days in winter (extended) for which there was more than 1 mm of precipitation when the mean temperature was less than 0Â°C.,35,27,24,24,17
"Cumberland, Subd. C",1211009,Consolidated Census Subdivision,dws_win_ext,Days with Snow (Winter-extended),days,The number of days in winter (extended) for which there was more than 1 mm of precipitation when the mean temperature was less than 0Â°C.,35,27,24,24,17
"Cumberland, Subd. D",1211014,Consolidated Census Subdivision,dws_win_ext,Days with Snow (Winter-extended),days,The number of days in winter (extended) for which there was more than 1 mm of precipitation when the mean temperature was less than 0Â°C.,36,27,24,24,17
Digby,1203004,Consolidated Census Subdivision,dws_win_ext,Days with Snow (Winter-extended),days,The number of days in winter (extended) for which there was more than 1 mm of precipitation when the mean temperature was less than 0Â°C.,31,21,17,16,8
East Hants,1208008,Consolidated Census Subdivision,dws_win_ext,Days with Snow (Winter-extended),days,The number of days in winter (extended) for which there was more than 1 mm of precipitation when the mean temperature was less than 0Â°C.,33,24,21,21,13
Guysborough,1213004,Consolidated Census Subdivision,dws_win_ext,Days with Snow (Winter-extended),days,The number of days in winter (extended) for which there was more than 1 mm of precipitation when the mean temperature was less than 0Â°C.,32,23,19,19,12
Halifax - Central,1209034B,Consolidated Census Subdivision,dws_win_ext,Days with Snow (Winter-extended),days,The number of days in winter (extended) for which there was more than 1 mm of precipitation when the mean temperature was less than 0Â°C.,29,20,17,17,10
Halifax - East,1209034A,Consolidated Census Subdivision,dws_win_ext,Days with Snow (Winter-extended),days,The number of days in winter (extended) for which there was more than 1 mm of precipitation when the mean temperature was less than 0Â°C.,30,22,19,19,12
Halifax - West,1209034C,Consolidated Census Subdivision,dws_win_ext,Days with Snow (Winter-extended),days,The number of days in winter (extended) for which there was more than 1 mm of precipitation when the mean temperature was less than 0Â°C.,29,21,17,17,9
"Inverness, Subd. A",1215011,Consolidated Census Subdivision,dws_win_ext,Days with Snow (Winter-extended),days,The number of days in winter (extended) for which there was more than 1 mm of precipitation when the mean temperature was less than 0Â°C.,50,39,35,34,25
"Inverness, Subd. B",1215006,Consolidated Census Subdivision,dws_win_ext,Days with Snow (Winter-extended),days,The number of days in winter (extended) for which there was more than 1 mm of precipitation when the mean temperature was less than 0Â°C.,41,31,27,27,19
"Inverness, Subd. C",1215001,Consolidated Census Subdivision,dws_win_ext,Days with Snow (Winter-extended),days,The number of days in winter (extended) for which there was more than 1 mm of precipitation when the mean temperature was less than 0Â°C.,38,28,24,24,17
"Kings, Subd. A",1207001,Consolidated Census Subdivision,dws_win_ext,Days with Snow (Winter-extended),days,The number of days in winter (extended) for which there was more than 1 mm of precipitation when the mean temperature was less than 0Â°C.,36,27,23,23,15
"Kings, Subd. B",1207016,Consolidated Census Subdivision,dws_win_ext,Days with Snow (Winter-extended),days,The number of days in winter (extended) for which there was more than 1 mm of precipitation when the mean temperature was less than 0Â°C.,34,26,22,22,14
"Kings, Subd. C",1207011,Consolidated Census Subdivision,dws_win_ext,Days with Snow (Winter-extended),days,The number of days in winter (extended) for which there was more than 1 mm of precipitation when the mean temperature was less than 0Â°C.,36,27,24,23,15
"Kings, Subd. D",1207021,Consolidated Census Subdivision,dws_win_ext,Days with Snow (Winter-extended),days,The number of days in winter (extended) for which there was more than 1 mm of precipitation when the mean temperature was less than 0Â°C.,34,25,22,22,14
Lunenburg,1206001,Consolidated Census Subdivision,dws_win_ext,Days with Snow (Winter-extended),days,The number of days in winter (extended) for which there was more than 1 mm of precipitation when the mean temperature was less than 0Â°C.,30,21,17,17,9
"Pictou, Subd. A",1212001,Consolidated Census Subdivision,dws_win_ext,Days with Snow (Winter-extended),days,The number of days in winter (extended) for which there was more than 1 mm of precipitation when the mean temperature was less than 0Â°C.,36,27,24,24,17
"Pictou, Subd. B",1212006,Consolidated Census Subdivision,dws_win_ext,Days with Snow (Winter-extended),days,The number of days in winter (extended) for which there was more than 1 mm of precipitation when the mean temperature was less than 0Â°C.,36,27,24,24,17
"Pictou, Subd. C",1212011,Consolidated Census Subdivision,dws_win_ext,Days with Snow (Winter-extended),days,The number of days in winter (extended) for which there was more than 1 mm of precipitation when the mean temperature was less than 0Â°C.,36,27,24,23,16
St. Mary's,1213001,Consolidated Census Subdivision,dws_win_ext,Days with Snow (Winter-extended),days,The number of days in winter (extended) for which there was more than 1 mm of precipitation when the mean temperature was less than 0Â°C.,32,23,20,20,13
Sydney and Surrounds,1217030B,Consolidated Census Subdivision,dws_win_ext,Days with Snow (Winter-extended),days,The number of days in winter (extended) for which there was more than 1 mm of precipitation when the mean temperature was less than 0Â°C.,42,31,28,28,18
West Hants,1208003,Consolidated Census Subdivision,dws_win_ext,Days with Snow (Winter-extended),days,The number of days in winter (extended) for which there was more than 1 mm of precipitation when the mean temperature was less than 0Â°C.,33,24,21,20,13
Yarmouth,1202004,Consolidated Census Subdivision,dws_win_ext,Days with Snow (Winter-extended),days,The number of days in winter (extended) for which there was more than 1 mm of precipitation when the mean temperature was less than 0Â°C.,29,18,14,14,6
Nova Scotia,12,Province,ff,Frost-Free Season Length,days,The number of days between the last occurrence of minimum temperature less than 0Â°C and the first occurrence of minimum temperature less than 0Â°C.,154,184,194,193,226
Annapolis,1205,Census Division,ff,Frost-Free Season Length,days,The number of days between the last occurrence of minimum temperature less than 0Â°C and the first occurrence of minimum temperature less than 0Â°C.,149,174,187,187,219
Antigonish,1214,Census Division,ff,Frost-Free Season Length,days,The number of days between the last occurrence of minimum temperature less than 0Â°C and the first occurrence of minimum temperature less than 0Â°C.,150,181,189,188,221
Cape Breton,1217,Census Division,ff,Frost-Free Season Length,days,The number of days between the last occurrence of minimum temperature less than 0Â°C and the first occurrence of minimum temperature less than 0Â°C.,170,201,209,214,238
Colchester,1210,Census Division,ff,Frost-Free Season Length,days,The number of days between the last occurrence of minimum temperature less than 0Â°C and the first occurrence of minimum temperature less than 0Â°C.,137,165,175,174,205
Cumberland,1211,Census Division,ff,Frost-Free Season Length,days,The number of days between the last occurrence of minimum temperature less than 0Â°C and the first occurrence of minimum temperature less than 0Â°C.,141,166,178,177,207
Digby,1203,Census Division,ff,Frost-Free Season Length,days,The number of days between the last occurrence of minimum temperature less than 0Â°C and the first occurrence of minimum temperature less than 0Â°C.,168,193,201,206,240
Guysborough,1213,Census Division,ff,Frost-Free Season Length,days,The number of days between the last occurrence of minimum temperature less than 0Â°C and the first occurrence of minimum temperature less than 0Â°C.,156,184,193,193,227
Halifax,1209,Census Division,ff,Frost-Free Season Length,days,The number of days between the last occurrence of minimum temperature less than 0Â°C and the first occurrence of minimum temperature less than 0Â°C.,151,180,192,189,221
Hants,1208,Census Division,ff,Frost-Free Season Length,days,The number of days between the last occurrence of minimum temperature less than 0Â°C and the first occurrence of minimum temperature less than 0Â°C.,147,172,186,183,215
Inverness,1215,Census Division,ff,Frost-Free Season Length,days,The number of days between the last occurrence of minimum temperature less than 0Â°C and the first occurrence of minimum temperature less than 0Â°C.,157,186,194,194,223
Kings,1207,Census Division,ff,Frost-Free Season Length,days,The number of days between the last occurrence of minimum temperature less than 0Â°C and the first occurrence of minimum temperature less than 0Â°C.,143,169,184,182,214
Lunenburg,1206,Census Division,ff,Frost-Free Season Length,days,The number of days between the last occurrence of minimum temperature less than 0Â°C and the first occurrence of minimum temperature less than 0Â°C.,152,176,190,187,219
Pictou,1212,Census Division,ff,Frost-Free Season Length,days,The number of days between the last occurrence of minimum temperature less than 0Â°C and the first occurrence of minimum temperature less than 0Â°C.,140,169,182,177,210
Queens,1204,Census Division / Consolidated Census Subdivision,ff,Frost-Free Season Length,days,The number of days between the last occurrence of minimum temperature less than 0Â°C and the first occurrence of minimum temperature less than 0Â°C.,157,181,196,192,225
Richmond,1216,Census Division / Consolidated Census Subdivision,ff,Frost-Free Season Length,days,The number of days between the last occurrence of minimum temperature less than 0Â°C and the first occurrence of minimum temperature less than 0Â°C.,171,202,212,213,241
Shelburne,1201,Census Division / Consolidated Census Subdivision,ff,Frost-Free Season Length,days,The number of days between the last occurrence of minimum temperature less than 0Â°C and the first occurrence of minimum temperature less than 0Â°C.,171,200,207,212,244
Victoria,1218,Census Division / Consolidated Census Subdivision,ff,Frost-Free Season Length,days,The number of days between the last occurrence of minimum temperature less than 0Â°C and the first occurrence of minimum temperature less than 0Â°C.,156,186,195,194,223
Yarmouth,1202,Census Division,ff,Frost-Free Season Length,days,The number of days between the last occurrence of minimum temperature less than 0Â°C and the first occurrence of minimum temperature less than 0Â°C.,176,206,215,217,249
"Annapolis, Subd. A",1205004,Consolidated Census Subdivision,ff,Frost-Free Season Length,days,The number of days between the last occurrence of minimum temperature less than 0Â°C and the first occurrence of minimum temperature less than 0Â°C.,154,181,191,193,225
"Annapolis, Subd. B",1205009,Consolidated Census Subdivision,ff,Frost-Free Season Length,days,The number of days between the last occurrence of minimum temperature less than 0Â°C and the first occurrence of minimum temperature less than 0Â°C.,147,174,187,186,219
"Annapolis, Subd. C",1205014,Consolidated Census Subdivision,ff,Frost-Free Season Length,days,The number of days between the last occurrence of minimum temperature less than 0Â°C and the first occurrence of minimum temperature less than 0Â°C.,146,173,186,186,218
"Annapolis, Subd. D",1205001,Consolidated Census Subdivision,ff,Frost-Free Season Length,days,The number of days between the last occurrence of minimum temperature less than 0Â°C and the first occurrence of minimum temperature less than 0Â°C.,146,173,186,185,217
"Antigonish, Subd. A",1214001,Consolidated Census Subdivision,ff,Frost-Free Season Length,days,The number of days between the last occurrence of minimum temperature less than 0Â°C and the first occurrence of minimum temperature less than 0Â°C.,148,180,189,187,219
"Antigonish, Subd. B",1214006,Consolidated Census Subdivision,ff,Frost-Free Season Length,days,The number of days between the last occurrence of minimum temperature less than 0Â°C and the first occurrence of minimum temperature less than 0Â°C.,154,183,191,193,226
Argyle,1202001,Consolidated Census Subdivision,ff,Frost-Free Season Length,days,The number of days between the last occurrence of minimum temperature less than 0Â°C and the first occurrence of minimum temperature less than 0Â°C.,174,203,213,214,247
Cape Breton - Outlying Areas,1217030A,Consolidated Census Subdivision,ff,Frost-Free Season Length,days,The number of days between the last occurrence of minimum temperature less than 0Â°C and the first occurrence of minimum temperature less than 0Â°C.,170,199,209,213,238
Chester,1206009,Consolidated Census Subdivision,ff,Frost-Free Season Length,days,The number of days between the last occurrence of minimum temperature less than 0Â°C and the first occurrence of minimum temperature less than 0Â°C.,150,175,188,185,218
Clare,1203001,Consolidated Census Subdivision,ff,Frost-Free Season Length,days,The number of days between the last occurrence of minimum temperature less than 0Â°C and the first occurrence of minimum temperature less than 0Â°C.,174,206,215,217,249
"Colchester, Subd. A",1210012,Consolidated Census Subdivision,ff,Frost-Free Season Length,days,The number of days between the last occurrence of minimum temperature less than 0Â°C and the first occurrence of minimum temperature less than 0Â°C.,136,163,174,172,203
"Colchester, Subd. B",1210008,Consolidated Census Subdivision,ff,Frost-Free Season Length,days,The number of days between the last occurrence of minimum temperature less than 0Â°C and the first occurrence of minimum temperature less than 0Â°C.,137,165,175,174,205
"Colchester, Subd. C",1210001,Consolidated Census Subdivision,ff,Frost-Free Season Length,days,The number of days between the last occurrence of minimum temperature less than 0Â°C and the first occurrence of minimum temperature less than 0Â°C.,138,166,177,175,208
"Cumberland, Subd. A",1211001,Consolidated Census Subdivision,ff,Frost-Free Season Length,days,The number of days between the last occurrence of minimum temperature less than 0Â°C and the first occurrence of minimum temperature less than 0Â°C.,141,166,181,175,204
"Cumberland, Subd. B",1211006,Consolidated Census Subdivision,ff,Frost-Free Season Length,days,The number of days between the last occurrence of minimum temperature less than 0Â°C and the first occurrence of minimum temperature less than 0Â°C.,138,165,177,174,204
"Cumberland, Subd. C",1211009,Consolidated Census Subdivision,ff,Frost-Free Season Length,days,The number of days between the last occurrence of minimum temperature less than 0Â°C and the first occurrence of minimum temperature less than 0Â°C.,144,170,180,179,211
"Cumberland, Subd. D",1211014,Consolidated Census Subdivision,ff,Frost-Free Season Length,days,The number of days between the last occurrence of minimum temperature less than 0Â°C and the first occurrence of minimum temperature less than 0Â°C.,141,168,179,176,208
Digby,1203004,Consolidated Census Subdivision,ff,Frost-Free Season Length,days,The number of days between the last occurrence of minimum temperature less than 0Â°C and the first occurrence of minimum temperature less than 0Â°C.,163,189,200,200,235
East Hants,1208008,Consolidated Census Subdivision,ff,Frost-Free Season Length,days,The number of days between the last occurrence of minimum temperature less than 0Â°C and the first occurrence of minimum temperature less than 0Â°C.,147,173,184,182,215
Guysborough,1213004,Consolidated Census Subdivision,ff,Frost-Free Season Length,days,The number of days between the last occurrence of minimum temperature less than 0Â°C and the first occurrence of minimum temperature less than 0Â°C.,163,191,201,201,231
Halifax - Central,1209034B,Consolidated Census Subdivision,ff,Frost-Free Season Length,days,The number of days between the last occurrence of minimum temperature less than 0Â°C and the first occurrence of minimum temperature less than 0Â°C.,159,188,201,196,227
Halifax - East,1209034A,Consolidated Census Subdivision,ff,Frost-Free Season Length,days,The number of days between the last occurrence of minimum temperature less than 0Â°C and the first occurrence of minimum temperature less than 0Â°C.,149,178,188,187,219
Halifax - West,1209034C,Consolidated Census Subdivision,ff,Frost-Free Season Length,days,The number of days between the last occurrence of minimum temperature less than 0Â°C and the first occurrence of minimum temperature less than 0Â°C.,159,187,198,195,224
"Inverness, Subd. A",1215011,Consolidated Census Subdivision,ff,Frost-Free Season Length,days,The number of days between the last occurrence of minimum temperature less than 0Â°C and the first occurrence of minimum temperature less than 0Â°C.,152,180,191,192,221
"Inverness, Subd. B",1215006,Consolidated Census Subdivision,ff,Frost-Free Season Length,days,The number of days between the last occurrence of minimum temperature less than 0Â°C and the first occurrence of minimum temperature less than 0Â°C.,158,185,195,195,227
"Inverness, Subd. C",1215001,Consolidated Census Subdivision,ff,Frost-Free Season Length,days,The number of days between the last occurrence of minimum temperature less than 0Â°C and the first occurrence of minimum temperature less than 0Â°C.,161,190,197,197,230
"Kings, Subd. A",1207001,Consolidated Census Subdivision,ff,Frost-Free Season Length,days,The number of days between the last occurrence of minimum temperature less than 0Â°C and the first occurrence of minimum temperature less than 0Â°C.,144,168,184,181,212
"Kings, Subd. B",1207016,Consolidated Census Subdivision,ff,Frost-Free Season Length,days,The number of days between the last occurrence of minimum temperature less than 0Â°C and the first occurrence of minimum temperature less than 0Â°C.,144,170,183,182,213
"Kings, Subd. C",1207011,Consolidated Census Subdivision,ff,Frost-Free Season Length,days,The number of days between the last occurrence of minimum temperature less than 0Â°C and the first occurrence of minimum temperature less than 0Â°C.,143,169,183,179,209
"Kings, Subd. D",1207021,Consolidated Census Subdivision,ff,Frost-Free Season Length,days,The number of days between the last occurrence of minimum temperature less than 0Â°C and the first occurrence of minimum temperature less than 0Â°C.,145,172,184,182,212
Lunenburg,1206001,Consolidated Census Subdivision,ff,Frost-Free Season Length,days,The number of days between the last occurrence of minimum temperature less than 0Â°C and the first occurrence of minimum temperature less than 0Â°C.,153,178,189,188,222
"Pictou, Subd. A",1212001,Consolidated Census Subdivision,ff,Frost-Free Season Length,days,The number of days between the last occurrence of minimum temperature less than 0Â°C and the first occurrence of minimum temperature less than 0Â°C.,143,173,182,180,211
"Pictou, Subd. B",1212006,Consolidated Census Subdivision,ff,Frost-Free Season Length,days,The number of days between the last occurrence of minimum temperature less than 0Â°C and the first occurrence of minimum temperature less than 0Â°C.,138,167,177,175,207
"Pictou, Subd. C",1212011,Consolidated Census Subdivision,ff,Frost-Free Season Length,days,The number of days between the last occurrence of minimum temperature less than 0Â°C and the first occurrence of minimum temperature less than 0Â°C.,141,171,182,178,210
St. Mary's,1213001,Consolidated Census Subdivision,ff,Frost-Free Season Length,days,The number of days between the last occurrence of minimum temperature less than 0Â°C and the first occurrence of minimum temperature less than 0Â°C.,148,178,187,186,218
Sydney and Surrounds,1217030B,Consolidated Census Subdivision,ff,Frost-Free Season Length,days,The number of days between the last occurrence of minimum temperature less than 0Â°C and the first occurrence of minimum temperature less than 0Â°C.,169,201,211,213,239
West Hants,1208003,Consolidated Census Subdivision,ff,Frost-Free Season Length,days,The number of days between the last occurrence of minimum temperature less than 0Â°C and the first occurrence of minimum temperature less than 0Â°C.,148,173,186,185,215
Yarmouth,1202004,Consolidated Census Subdivision,ff,Frost-Free Season Length,days,The number of days between the last occurrence of minimum temperature less than 0Â°C and the first occurrence of minimum temperature less than 0Â°C.,181,213,223,224,254
Nova Scotia,12,Province,frostdays,Frost Days,days,The number of days in the season for which the minimum temperature was below 0Â°C.,147,112,104,103,78
Annapolis,1205,Census Division,frostdays,Frost Days,days,The number of days in the season for which the minimum temperature was below 0Â°C.,148,116,107,103,77
Antigonish,1214,Census Division,frostdays,Frost Days,days,The number of days in the season for which the minimum temperature was below 0Â°C.,152,118,110,111,87
Cape Breton,1217,Census Division,frostdays,Frost Days,days,The number of days in the season for which the minimum temperature was below 0Â°C.,143,107,100,98,75
Colchester,1210,Census Division,frostdays,Frost Days,days,The number of days in the season for which the minimum temperature was below 0Â°C.,159,127,118,118,92
Cumberland,1211,Census Division,frostdays,Frost Days,days,The number of days in the season for which the minimum temperature was below 0Â°C.,157,125,117,116,93
Digby,1203,Census Division,frostdays,Frost Days,days,The number of days in the season for which the minimum temperature was below 0Â°C.,132,99,87,85,63
Guysborough,1213,Census Division,frostdays,Frost Days,days,The number of days in the season for which the minimum temperature was below 0Â°C.,148,113,106,106,82
Halifax,1209,Census Division,frostdays,Frost Days,days,The number of days in the season for which the minimum temperature was below 0Â°C.,145,112,104,102,78
Hants,1208,Census Division,frostdays,Frost Days,days,The number of days in the season for which the minimum temperature was below 0Â°C.,150,117,109,108,85
Inverness,1215,Census Division,frostdays,Frost Days,days,The number of days in the season for which the minimum temperature was below 0Â°C.,159,123,115,115,90
Kings,1207,Census Division,frostdays,Frost Days,days,The number of days in the season for which the minimum temperature was below 0Â°C.,153,120,112,110,84
Lunenburg,1206,Census Division,frostdays,Frost Days,days,The number of days in the season for which the minimum temperature was below 0Â°C.,145,111,103,100,75
Pictou,1212,Census Division,frostdays,Frost Days,days,The number of days in the season for which the minimum temperature was below 0Â°C.,157,125,117,117,92
Queens,1204,Census Division / Consolidated Census Subdivision,frostdays,Frost Days,days,The number of days in the season for which the minimum temperature was below 0Â°C.,138,103,95,92,68
Richmond,1216,Census Division / Consolidated Census Subdivision,frostdays,Frost Days,days,The number of days in the season for which the minimum temperature was below 0Â°C.,140,105,97,95,73
Shelburne,1201,Census Division / Consolidated Census Subdivision,frostdays,Frost Days,days,The number of days in the season for which the minimum temperature was below 0Â°C.,123,88,80,79,54
Victoria,1218,Census Division / Consolidated Census Subdivision,frostdays,Frost Days,days,The number of days in the season for which the minimum temperature was below 0Â°C.,162,126,119,119,92
Yarmouth,1202,Census Division,frostdays,Frost Days,days,The number of days in the season for which the minimum temperature was below 0Â°C.,121,84,78,77,51
"Annapolis, Subd. A",1205004,Consolidated Census Subdivision,frostdays,Frost Days,days,The number of days in the season for which the minimum temperature was below 0Â°C.,143,112,100,99,73
"Annapolis, Subd. B",1205009,Consolidated Census Subdivision,frostdays,Frost Days,days,The number of days in the season for which the minimum temperature was below 0Â°C.,148,117,108,104,79
"Annapolis, Subd. C",1205014,Consolidated Census Subdivision,frostdays,Frost Days,days,The number of days in the season for which the minimum temperature was below 0Â°C.,148,116,107,104,79
"Annapolis, Subd. D",1205001,Consolidated Census Subdivision,frostdays,Frost Days,days,The number of days in the season for which the minimum temperature was below 0Â°C.,150,117,108,104,78
"Antigonish, Subd. A",1214001,Consolidated Census Subdivision,frostdays,Frost Days,days,The number of days in the season for which the minimum temperature was below 0Â°C.,154,120,112,112,88
"Antigonish, Subd. B",1214006,Consolidated Census Subdivision,frostdays,Frost Days,days,The number of days in the season for which the minimum temperature was below 0Â°C.,149,115,108,108,85
Argyle,1202001,Consolidated Census Subdivision,frostdays,Frost Days,days,The number of days in the season for which the minimum temperature was below 0Â°C.,123,86,79,77,52
Cape Breton - Outlying Areas,1217030A,Consolidated Census Subdivision,frostdays,Frost Days,days,The number of days in the season for which the minimum temperature was below 0Â°C.,143,107,100,98,75
Chester,1206009,Consolidated Census Subdivision,frostdays,Frost Days,days,The number of days in the season for which the minimum temperature was below 0Â°C.,148,114,107,104,79
Clare,1203001,Consolidated Census Subdivision,frostdays,Frost Days,days,The number of days in the season for which the minimum temperature was below 0Â°C.,124,88,79,77,54
"Colchester, Subd. A",1210012,Consolidated Census Subdivision,frostdays,Frost Days,days,The number of days in the season for which the minimum temperature was below 0Â°C.,161,130,121,120,95
"Colchester, Subd. B",1210008,Consolidated Census Subdivision,frostdays,Frost Days,days,The number of days in the season for which the minimum temperature was below 0Â°C.,159,128,120,120,94
"Colchester, Subd. C",1210001,Consolidated Census Subdivision,frostdays,Frost Days,days,The number of days in the season for which the minimum temperature was below 0Â°C.,156,123,115,115,90
"Cumberland, Subd. A",1211001,Consolidated Census Subdivision,frostdays,Frost Days,days,The number of days in the season for which the minimum temperature was below 0Â°C.,156,124,116,114,91
"Cumberland, Subd. B",1211006,Consolidated Census Subdivision,frostdays,Frost Days,days,The number of days in the season for which the minimum temperature was below 0Â°C.,159,127,119,118,95
"Cumberland, Subd. C",1211009,Consolidated Census Subdivision,frostdays,Frost Days,days,The number of days in the season for which the minimum temperature was below 0Â°C.,155,124,115,115,93
"Cumberland, Subd. D",1211014,Consolidated Census Subdivision,frostdays,Frost Days,days,The number of days in the season for which the minimum temperature was below 0Â°C.,157,126,117,117,93
Digby,1203004,Consolidated Census Subdivision,frostdays,Frost Days,days,The number of days in the season for which the minimum temperature was below 0Â°C.,136,103,91,90,65
East Hants,1208008,Consolidated Census Subdivision,frostdays,Frost Days,days,The number of days in the season for which the minimum temperature was below 0Â°C.,151,118,110,109,85
Guysborough,1213004,Consolidated Census Subdivision,frostdays,Frost Days,days,The number of days in the season for which the minimum temperature was below 0Â°C.,145,111,103,103,80
Halifax - Central,1209034B,Consolidated Census Subdivision,frostdays,Frost Days,days,The number of days in the season for which the minimum temperature was below 0Â°C.,140,106,98,96,72
Halifax - East,1209034A,Consolidated Census Subdivision,frostdays,Frost Days,days,The number of days in the season for which the minimum temperature was below 0Â°C.,147,113,107,105,81
Halifax - West,1209034C,Consolidated Census Subdivision,frostdays,Frost Days,days,The number of days in the season for which the minimum temperature was below 0Â°C.,141,107,99,97,73
"Inverness, Subd. A",1215011,Consolidated Census Subdivision,frostdays,Frost Days,days,The number of days in the season for which the minimum temperature was below 0Â°C.,165,130,121,122,95
"Inverness, Subd. B",1215006,Consolidated Census Subdivision,frostdays,Frost Days,days,The number of days in the season for which the minimum temperature was below 0Â°C.,153,117,109,108,86
"Inverness, Subd. C",1215001,Consolidated Census Subdivision,frostdays,Frost Days,days,The number of days in the season for which the minimum temperature was below 0Â°C.,150,114,107,104,83
"Kings, Subd. A",1207001,Consolidated Census Subdivision,frostdays,Frost Days,days,The number of days in the season for which the minimum temperature was below 0Â°C.,153,120,112,110,84
"Kings, Subd. B",1207016,Consolidated Census Subdivision,frostdays,Frost Days,days,The number of days in the season for which the minimum temperature was below 0Â°C.,151,117,110,108,83
"Kings, Subd. C",1207011,Consolidated Census Subdivision,frostdays,Frost Days,days,The number of days in the season for which the minimum temperature was below 0Â°C.,156,123,115,113,86
"Kings, Subd. D",1207021,Consolidated Census Subdivision,frostdays,Frost Days,days,The number of days in the season for which the minimum temperature was below 0Â°C.,152,119,111,110,85
Lunenburg,1206001,Consolidated Census Subdivision,frostdays,Frost Days,days,The number of days in the season for which the minimum temperature was below 0Â°C.,142,109,100,97,73
"Pictou, Subd. A",1212001,Consolidated Census Subdivision,frostdays,Frost Days,days,The number of days in the season for which the minimum temperature was below 0Â°C.,155,124,116,116,92
"Pictou, Subd. B",1212006,Consolidated Census Subdivision,frostdays,Frost Days,days,The number of days in the season for which the minimum temperature was below 0Â°C.,159,126,118,118,93
"Pictou, Subd. C",1212011,Consolidated Census Subdivision,frostdays,Frost Days,days,The number of days in the season for which the minimum temperature was below 0Â°C.,158,124,116,116,92
St. Mary's,1213001,Consolidated Census Subdivision,frostdays,Frost Days,days,The number of days in the season for which the minimum temperature was below 0Â°C.,150,117,108,109,84
Sydney and Surrounds,1217030B,Consolidated Census Subdivision,frostdays,Frost Days,days,The number of days in the season for which the minimum temperature was below 0Â°C.,142,106,99,97,74
West Hants,1208003,Consolidated Census Subdivision,frostdays,Frost Days,days,The number of days in the season for which the minimum temperature was below 0Â°C.,150,116,108,107,84
Yarmouth,1202004,Consolidated Census Subdivision,frostdays,Frost Days,days,The number of days in the season for which the minimum temperature was below 0Â°C.,118,81,74,74,47
Nova Scotia,12,Province,ft_ann,Freeze-Thaw Cycles,days,Number of days where maximum daily temperatures are above 2Â°C and minimum daily temperature are at or below -2Â°C.,44,39,37,37,33
Annapolis,1205,Census Division,ft_ann,Freeze-Thaw Cycles,days,Number of days where maximum daily temperatures are above 2Â°C and minimum daily temperature are at or below -2Â°C.,48,42,40,39,34
Antigonish,1214,Census Division,ft_ann,Freeze-Thaw Cycles,days,Number of days where maximum daily temperatures are above 2Â°C and minimum daily temperature are at or below -2Â°C.,43,40,39,38,36
Cape Breton,1217,Census Division,ft_ann,Freeze-Thaw Cycles,days,Number of days where maximum daily temperatures are above 2Â°C and minimum daily temperature are at or below -2Â°C.,36,33,33,32,29
Colchester,1210,Census Division,ft_ann,Freeze-Thaw Cycles,days,Number of days where maximum daily temperatures are above 2Â°C and minimum daily temperature are at or below -2Â°C.,49,45,44,43,41
Cumberland,1211,Census Division,ft_ann,Freeze-Thaw Cycles,days,Number of days where maximum daily temperatures are above 2Â°C and minimum daily temperature are at or below -2Â°C.,46,42,42,42,39
Digby,1203,Census Division,ft_ann,Freeze-Thaw Cycles,days,Number of days where maximum daily temperatures are above 2Â°C and minimum daily temperature are at or below -2Â°C.,41,35,33,32,24
Guysborough,1213,Census Division,ft_ann,Freeze-Thaw Cycles,days,Number of days where maximum daily temperatures are above 2Â°C and minimum daily temperature are at or below -2Â°C.,44,39,39,39,36
Halifax,1209,Census Division,ft_ann,Freeze-Thaw Cycles,days,Number of days where maximum daily temperatures are above 2Â°C and minimum daily temperature are at or below -2Â°C.,48,43,43,42,37
Hants,1208,Census Division,ft_ann,Freeze-Thaw Cycles,days,Number of days where maximum daily temperatures are above 2Â°C and minimum daily temperature are at or below -2Â°C.,49,44,44,43,38
Inverness,1215,Census Division,ft_ann,Freeze-Thaw Cycles,days,Number of days where maximum daily temperatures are above 2Â°C and minimum daily temperature are at or below -2Â°C.,39,35,35,35,32
Kings,1207,Census Division,ft_ann,Freeze-Thaw Cycles,days,Number of days where maximum daily temperatures are above 2Â°C and minimum daily temperature are at or below -2Â°C.,49,44,43,43,37
Lunenburg,1206,Census Division,ft_ann,Freeze-Thaw Cycles,days,Number of days where maximum daily temperatures are above 2Â°C and minimum daily temperature are at or below -2Â°C.,50,44,42,41,35
Pictou,1212,Census Division,ft_ann,Freeze-Thaw Cycles,days,Number of days where maximum daily temperatures are above 2Â°C and minimum daily temperature are at or below -2Â°C.,47,43,42,42,40
Queens,1204,Census Division / Consolidated Census Subdivision,ft_ann,Freeze-Thaw Cycles,days,Number of days where maximum daily temperatures are above 2Â°C and minimum daily temperature are at or below -2Â°C.,48,41,39,38,31
Richmond,1216,Census Division / Consolidated Census Subdivision,ft_ann,Freeze-Thaw Cycles,days,Number of days where maximum daily temperatures are above 2Â°C and minimum daily temperature are at or below -2Â°C.,37,33,33,33,29
Shelburne,1201,Census Division / Consolidated Census Subdivision,ft_ann,Freeze-Thaw Cycles,days,Number of days where maximum daily temperatures are above 2Â°C and minimum daily temperature are at or below -2Â°C.,41,34,31,31,23
Victoria,1218,Census Division / Consolidated Census Subdivision,ft_ann,Freeze-Thaw Cycles,days,Number of days where maximum daily temperatures are above 2Â°C and minimum daily temperature are at or below -2Â°C.,39,36,35,35,32
Yarmouth,1202,Census Division,ft_ann,Freeze-Thaw Cycles,days,Number of days where maximum daily temperatures are above 2Â°C and minimum daily temperature are at or below -2Â°C.,39,31,28,29,20
"Annapolis, Subd. A",1205004,Consolidated Census Subdivision,ft_ann,Freeze-Thaw Cycles,days,Number of days where maximum daily temperatures are above 2Â°C and minimum daily temperature are at or below -2Â°C.,45,39,37,38,32
"Annapolis, Subd. B",1205009,Consolidated Census Subdivision,ft_ann,Freeze-Thaw Cycles,days,Number of days where maximum daily temperatures are above 2Â°C and minimum daily temperature are at or below -2Â°C.,47,42,40,40,35
"Annapolis, Subd. C",1205014,Consolidated Census Subdivision,ft_ann,Freeze-Thaw Cycles,days,Number of days where maximum daily temperatures are above 2Â°C and minimum daily temperature are at or below -2Â°C.,47,42,41,40,35
"Annapolis, Subd. D",1205001,Consolidated Census Subdivision,ft_ann,Freeze-Thaw Cycles,days,Number of days where maximum daily temperatures are above 2Â°C and minimum daily temperature are at or below -2Â°C.,49,43,41,40,35
"Antigonish, Subd. A",1214001,Consolidated Census Subdivision,ft_ann,Freeze-Thaw Cycles,days,Number of days where maximum daily temperatures are above 2Â°C and minimum daily temperature are at or below -2Â°C.,44,40,40,39,36
"Antigonish, Subd. B",1214006,Consolidated Census Subdivision,ft_ann,Freeze-Thaw Cycles,days,Number of days where maximum daily temperatures are above 2Â°C and minimum daily temperature are at or below -2Â°C.,42,38,37,37,35
Argyle,1202001,Consolidated Census Subdivision,ft_ann,Freeze-Thaw Cycles,days,Number of days where maximum daily temperatures are above 2Â°C and minimum daily temperature are at or below -2Â°C.,40,32,29,29,21
Cape Breton - Outlying Areas,1217030A,Consolidated Census Subdivision,ft_ann,Freeze-Thaw Cycles,days,Number of days where maximum daily temperatures are above 2Â°C and minimum daily temperature are at or below -2Â°C.,36,33,33,33,29
Chester,1206009,Consolidated Census Subdivision,ft_ann,Freeze-Thaw Cycles,days,Number of days where maximum daily temperatures are above 2Â°C and minimum daily temperature are at or below -2Â°C.,49,44,43,42,36
Clare,1203001,Consolidated Census Subdivision,ft_ann,Freeze-Thaw Cycles,days,Number of days where maximum daily temperatures are above 2Â°C and minimum daily temperature are at or below -2Â°C.,39,31,28,29,19
"Colchester, Subd. A",1210012,Consolidated Census Subdivision,ft_ann,Freeze-Thaw Cycles,days,Number of days where maximum daily temperatures are above 2Â°C and minimum daily temperature are at or below -2Â°C.,49,45,45,44,42
"Colchester, Subd. B",1210008,Consolidated Census Subdivision,ft_ann,Freeze-Thaw Cycles,days,Number of days where maximum daily temperatures are above 2Â°C and minimum daily temperature are at or below -2Â°C.,48,44,44,43,40
"Colchester, Subd. C",1210001,Consolidated Census Subdivision,ft_ann,Freeze-Thaw Cycles,days,Number of days where maximum daily temperatures are above 2Â°C and minimum daily temperature are at or below -2Â°C.,50,45,45,44,41
"Cumberland, Subd. A",1211001,Consolidated Census Subdivision,ft_ann,Freeze-Thaw Cycles,days,Number of days where maximum daily temperatures are above 2Â°C and minimum daily temperature are at or below -2Â°C.,47,44,43,42,40
"Cumberland, Subd. B",1211006,Consolidated Census Subdivision,ft_ann,Freeze-Thaw Cycles,days,Number of days where maximum daily temperatures are above 2Â°C and minimum daily temperature are at or below -2Â°C.,47,43,43,43,40
"Cumberland, Subd. C",1211009,Consolidated Census Subdivision,ft_ann,Freeze-Thaw Cycles,days,Number of days where maximum daily temperatures are above 2Â°C and minimum daily temperature are at or below -2Â°C.,44,40,40,40,37
"Cumberland, Subd. D",1211014,Consolidated Census Subdivision,ft_ann,Freeze-Thaw Cycles,days,Number of days where maximum daily temperatures are above 2Â°C and minimum daily temperature are at or below -2Â°C.,46,42,42,41,39
Digby,1203004,Consolidated Census Subdivision,ft_ann,Freeze-Thaw Cycles,days,Number of days where maximum daily temperatures are above 2Â°C and minimum daily temperature are at or below -2Â°C.,43,36,35,33,25
East Hants,1208008,Consolidated Census Subdivision,ft_ann,Freeze-Thaw Cycles,days,Number of days where maximum daily temperatures are above 2Â°C and minimum daily temperature are at or below -2Â°C.,49,44,44,43,39
Guysborough,1213004,Consolidated Census Subdivision,ft_ann,Freeze-Thaw Cycles,days,Number of days where maximum daily temperatures are above 2Â°C and minimum daily temperature are at or below -2Â°C.,41,37,37,37,33
Halifax - Central,1209034B,Consolidated Census Subdivision,ft_ann,Freeze-Thaw Cycles,days,Number of days where maximum daily temperatures are above 2Â°C and minimum daily temperature are at or below -2Â°C.,46,42,41,40,34
Halifax - East,1209034A,Consolidated Census Subdivision,ft_ann,Freeze-Thaw Cycles,days,Number of days where maximum daily temperatures are above 2Â°C and minimum daily temperature are at or below -2Â°C.,49,44,43,42,38
Halifax - West,1209034C,Consolidated Census Subdivision,ft_ann,Freeze-Thaw Cycles,days,Number of days where maximum daily temperatures are above 2Â°C and minimum daily temperature are at or below -2Â°C.,47,42,41,40,34
"Inverness, Subd. A",1215011,Consolidated Census Subdivision,ft_ann,Freeze-Thaw Cycles,days,Number of days where maximum daily temperatures are above 2Â°C and minimum daily temperature are at or below -2Â°C.,40,35,35,35,32
"Inverness, Subd. B",1215006,Consolidated Census Subdivision,ft_ann,Freeze-Thaw Cycles,days,Number of days where maximum daily temperatures are above 2Â°C and minimum daily temperature are at or below -2Â°C.,39,35,35,35,32
"Inverness, Subd. C",1215001,Consolidated Census Subdivision,ft_ann,Freeze-Thaw Cycles,days,Number of days where maximum daily temperatures are above 2Â°C and minimum daily temperature are at or below -2Â°C.,39,35,35,35,32
"Kings, Subd. A",1207001,Consolidated Census Subdivision,ft_ann,Freeze-Thaw Cycles,days,Number of days where maximum daily temperatures are above 2Â°C and minimum daily temperature are at or below -2Â°C.,49,44,43,43,37
"Kings, Subd. B",1207016,Consolidated Census Subdivision,ft_ann,Freeze-Thaw Cycles,days,Number of days where maximum daily temperatures are above 2Â°C and minimum daily temperature are at or below -2Â°C.,48,43,42,43,38
"Kings, Subd. C",1207011,Consolidated Census Subdivision,ft_ann,Freeze-Thaw Cycles,days,Number of days where maximum daily temperatures are above 2Â°C and minimum daily temperature are at or below -2Â°C.,49,45,44,44,38
"Kings, Subd. D",1207021,Consolidated Census Subdivision,ft_ann,Freeze-Thaw Cycles,days,Number of days where maximum daily temperatures are above 2Â°C and minimum daily temperature are at or below -2Â°C.,49,45,43,43,38
Lunenburg,1206001,Consolidated Census Subdivision,ft_ann,Freeze-Thaw Cycles,days,Number of days where maximum daily temperatures are above 2Â°C and minimum daily temperature are at or below -2Â°C.,50,43,42,41,34
"Pictou, Subd. A",1212001,Consolidated Census Subdivision,ft_ann,Freeze-Thaw Cycles,days,Number of days where maximum daily temperatures are above 2Â°C and minimum daily temperature are at or below -2Â°C.,45,41,41,40,38
"Pictou, Subd. B",1212006,Consolidated Census Subdivision,ft_ann,Freeze-Thaw Cycles,days,Number of days where maximum daily temperatures are above 2Â°C and minimum daily temperature are at or below -2Â°C.,49,44,44,43,41
"Pictou, Subd. C",1212011,Consolidated Census Subdivision,ft_ann,Freeze-Thaw Cycles,days,Number of days where maximum daily temperatures are above 2Â°C and minimum daily temperature are at or below -2Â°C.,47,43,43,42,40
St. Mary's,1213001,Consolidated Census Subdivision,ft_ann,Freeze-Thaw Cycles,days,Number of days where maximum daily temperatures are above 2Â°C and minimum daily temperature are at or below -2Â°C.,47,42,42,42,39
Sydney and Surrounds,1217030B,Consolidated Census Subdivision,ft_ann,Freeze-Thaw Cycles,days,Number of days where maximum daily temperatures are above 2Â°C and minimum daily temperature are at or below -2Â°C.,36,33,32,32,29
West Hants,1208003,Consolidated Census Subdivision,ft_ann,Freeze-Thaw Cycles,days,Number of days where maximum daily temperatures are above 2Â°C and minimum daily temperature are at or below -2Â°C.,48,44,43,43,37
Yarmouth,1202004,Consolidated Census Subdivision,ft_ann,Freeze-Thaw Cycles,days,Number of days where maximum daily temperatures are above 2Â°C and minimum daily temperature are at or below -2Â°C.,37,29,26,27,18
Nova Scotia,12,Province,ft_win_ext,Freeze-Thaw Cycles (Winter-extended),days,Number of days in winter (extended) where maximum daily temperatures are above 2Â°C and minimum daily temperature are at or below -2Â°C.,25,26,26,26,25
Annapolis,1205,Census Division,ft_win_ext,Freeze-Thaw Cycles (Winter-extended),days,Number of days in winter (extended) where maximum daily temperatures are above 2Â°C and minimum daily temperature are at or below -2Â°C.,27,28,27,27,25
Antigonish,1214,Census Division,ft_win_ext,Freeze-Thaw Cycles (Winter-extended),days,Number of days in winter (extended) where maximum daily temperatures are above 2Â°C and minimum daily temperature are at or below -2Â°C.,23,24,25,25,26
Cape Breton,1217,Census Division,ft_win_ext,Freeze-Thaw Cycles (Winter-extended),days,Number of days in winter (extended) where maximum daily temperatures are above 2Â°C and minimum daily temperature are at or below -2Â°C.,21,22,22,21,21
Colchester,1210,Census Division,ft_win_ext,Freeze-Thaw Cycles (Winter-extended),days,Number of days in winter (extended) where maximum daily temperatures are above 2Â°C and minimum daily temperature are at or below -2Â°C.,25,28,29,29,30
Cumberland,1211,Census Division,ft_win_ext,Freeze-Thaw Cycles (Winter-extended),days,Number of days in winter (extended) where maximum daily temperatures are above 2Â°C and minimum daily temperature are at or below -2Â°C.,24,27,29,29,29
Digby,1203,Census Division,ft_win_ext,Freeze-Thaw Cycles (Winter-extended),days,Number of days in winter (extended) where maximum daily temperatures are above 2Â°C and minimum daily temperature are at or below -2Â°C.,26,25,25,24,20
Guysborough,1213,Census Division,ft_win_ext,Freeze-Thaw Cycles (Winter-extended),days,Number of days in winter (extended) where maximum daily temperatures are above 2Â°C and minimum daily temperature are at or below -2Â°C.,25,26,27,27,27
Halifax,1209,Census Division,ft_win_ext,Freeze-Thaw Cycles (Winter-extended),days,Number of days in winter (extended) where maximum daily temperatures are above 2Â°C and minimum daily temperature are at or below -2Â°C.,28,29,30,30,29
Hants,1208,Census Division,ft_win_ext,Freeze-Thaw Cycles (Winter-extended),days,Number of days in winter (extended) where maximum daily temperatures are above 2Â°C and minimum daily temperature are at or below -2Â°C.,27,29,30,30,30
Inverness,1215,Census Division,ft_win_ext,Freeze-Thaw Cycles (Winter-extended),days,Number of days in winter (extended) where maximum daily temperatures are above 2Â°C and minimum daily temperature are at or below -2Â°C.,20,21,22,22,22
Kings,1207,Census Division,ft_win_ext,Freeze-Thaw Cycles (Winter-extended),days,Number of days in winter (extended) where maximum daily temperatures are above 2Â°C and minimum daily temperature are at or below -2Â°C.,26,28,29,28,28
Lunenburg,1206,Census Division,ft_win_ext,Freeze-Thaw Cycles (Winter-extended),days,Number of days in winter (extended) where maximum daily temperatures are above 2Â°C and minimum daily temperature are at or below -2Â°C.,29,30,30,29,27
Pictou,1212,Census Division,ft_win_ext,Freeze-Thaw Cycles (Winter-extended),days,Number of days in winter (extended) where maximum daily temperatures are above 2Â°C and minimum daily temperature are at or below -2Â°C.,25,27,28,28,29
Queens,1204,Census Division / Consolidated Census Subdivision,ft_win_ext,Freeze-Thaw Cycles (Winter-extended),days,Number of days in winter (extended) where maximum daily temperatures are above 2Â°C and minimum daily temperature are at or below -2Â°C.,29,29,29,28,25
Richmond,1216,Census Division / Consolidated Census Subdivision,ft_win_ext,Freeze-Thaw Cycles (Winter-extended),days,Number of days in winter (extended) where maximum daily temperatures are above 2Â°C and minimum daily temperature are at or below -2Â°C.,21,22,22,22,21
Shelburne,1201,Census Division / Consolidated Census Subdivision,ft_win_ext,Freeze-Thaw Cycles (Winter-extended),days,Number of days in winter (extended) where maximum daily temperatures are above 2Â°C and minimum daily temperature are at or below -2Â°C.,28,26,25,24,19
Victoria,1218,Census Division / Consolidated Census Subdivision,ft_win_ext,Freeze-Thaw Cycles (Winter-extended),days,Number of days in winter (extended) where maximum daily temperatures are above 2Â°C and minimum daily temperature are at or below -2Â°C.,20,21,22,22,21
Yarmouth,1202,Census Division,ft_win_ext,Freeze-Thaw Cycles (Winter-extended),days,Number of days in winter (extended) where maximum daily temperatures are above 2Â°C and minimum daily temperature are at or below -2Â°C.,26,24,23,22,17
"Annapolis, Subd. A",1205004,Consolidated Census Subdivision,ft_win_ext,Freeze-Thaw Cycles (Winter-extended),days,Number of days in winter (extended) where maximum daily temperatures are above 2Â°C and minimum daily temperature are at or below -2Â°C.,26,26,27,26,23
"Annapolis, Subd. B",1205009,Consolidated Census Subdivision,ft_win_ext,Freeze-Thaw Cycles (Winter-extended),days,Number of days in winter (extended) where maximum daily temperatures are above 2Â°C and minimum daily temperature are at or below -2Â°C.,26,28,27,27,25
"Annapolis, Subd. C",1205014,Consolidated Census Subdivision,ft_win_ext,Freeze-Thaw Cycles (Winter-extended),days,Number of days in winter (extended) where maximum daily temperatures are above 2Â°C and minimum daily temperature are at or below -2Â°C.,26,27,27,27,26
"Annapolis, Subd. D",1205001,Consolidated Census Subdivision,ft_win_ext,Freeze-Thaw Cycles (Winter-extended),days,Number of days in winter (extended) where maximum daily temperatures are above 2Â°C and minimum daily temperature are at or below -2Â°C.,27,28,28,27,25
"Antigonish, Subd. A",1214001,Consolidated Census Subdivision,ft_win_ext,Freeze-Thaw Cycles (Winter-extended),days,Number of days in winter (extended) where maximum daily temperatures are above 2Â°C and minimum daily temperature are at or below -2Â°C.,23,24,26,26,26
"Antigonish, Subd. B",1214006,Consolidated Census Subdivision,ft_win_ext,Freeze-Thaw Cycles (Winter-extended),days,Number of days in winter (extended) where maximum daily temperatures are above 2Â°C and minimum daily temperature are at or below -2Â°C.,23,24,25,25,25
Argyle,1202001,Consolidated Census Subdivision,ft_win_ext,Freeze-Thaw Cycles (Winter-extended),days,Number of days in winter (extended) where maximum daily temperatures are above 2Â°C and minimum daily temperature are at or below -2Â°C.,26,25,23,23,18
Cape Breton - Outlying Areas,1217030A,Consolidated Census Subdivision,ft_win_ext,Freeze-Thaw Cycles (Winter-extended),days,Number of days in winter (extended) where maximum daily temperatures are above 2Â°C and minimum daily temperature are at or below -2Â°C.,21,22,22,21,21
Chester,1206009,Consolidated Census Subdivision,ft_win_ext,Freeze-Thaw Cycles (Winter-extended),days,Number of days in winter (extended) where maximum daily temperatures are above 2Â°C and minimum daily temperature are at or below -2Â°C.,28,29,29,29,27
Clare,1203001,Consolidated Census Subdivision,ft_win_ext,Freeze-Thaw Cycles (Winter-extended),days,Number of days in winter (extended) where maximum daily temperatures are above 2Â°C and minimum daily temperature are at or below -2Â°C.,26,24,23,22,17
"Colchester, Subd. A",1210012,Consolidated Census Subdivision,ft_win_ext,Freeze-Thaw Cycles (Winter-extended),days,Number of days in winter (extended) where maximum daily temperatures are above 2Â°C and minimum daily temperature are at or below -2Â°C.,25,28,29,30,30
"Colchester, Subd. B",1210008,Consolidated Census Subdivision,ft_win_ext,Freeze-Thaw Cycles (Winter-extended),days,Number of days in winter (extended) where maximum daily temperatures are above 2Â°C and minimum daily temperature are at or below -2Â°C.,25,28,28,28,29
"Colchester, Subd. C",1210001,Consolidated Census Subdivision,ft_win_ext,Freeze-Thaw Cycles (Winter-extended),days,Number of days in winter (extended) where maximum daily temperatures are above 2Â°C and minimum daily temperature are at or below -2Â°C.,26,29,30,29,30
"Cumberland, Subd. A",1211001,Consolidated Census Subdivision,ft_win_ext,Freeze-Thaw Cycles (Winter-extended),days,Number of days in winter (extended) where maximum daily temperatures are above 2Â°C and minimum daily temperature are at or below -2Â°C.,25,28,30,30,31
"Cumberland, Subd. B",1211006,Consolidated Census Subdivision,ft_win_ext,Freeze-Thaw Cycles (Winter-extended),days,Number of days in winter (extended) where maximum daily temperatures are above 2Â°C and minimum daily temperature are at or below -2Â°C.,24,28,29,30,30
"Cumberland, Subd. C",1211009,Consolidated Census Subdivision,ft_win_ext,Freeze-Thaw Cycles (Winter-extended),days,Number of days in winter (extended) where maximum daily temperatures are above 2Â°C and minimum daily temperature are at or below -2Â°C.,22,26,27,27,28
"Cumberland, Subd. D",1211014,Consolidated Census Subdivision,ft_win_ext,Freeze-Thaw Cycles (Winter-extended),days,Number of days in winter (extended) where maximum daily temperatures are above 2Â°C and minimum daily temperature are at or below -2Â°C.,24,27,27,28,28
Digby,1203004,Consolidated Census Subdivision,ft_win_ext,Freeze-Thaw Cycles (Winter-extended),days,Number of days in winter (extended) where maximum daily temperatures are above 2Â°C and minimum daily temperature are at or below -2Â°C.,27,25,26,25,21
East Hants,1208008,Consolidated Census Subdivision,ft_win_ext,Freeze-Thaw Cycles (Winter-extended),days,Number of days in winter (extended) where maximum daily temperatures are above 2Â°C and minimum daily temperature are at or below -2Â°C.,27,29,30,30,31
Guysborough,1213004,Consolidated Census Subdivision,ft_win_ext,Freeze-Thaw Cycles (Winter-extended),days,Number of days in winter (extended) where maximum daily temperatures are above 2Â°C and minimum daily temperature are at or below -2Â°C.,23,24,25,25,25
Halifax - Central,1209034B,Consolidated Census Subdivision,ft_win_ext,Freeze-Thaw Cycles (Winter-extended),days,Number of days in winter (extended) where maximum daily temperatures are above 2Â°C and minimum daily temperature are at or below -2Â°C.,28,29,30,29,27
Halifax - East,1209034A,Consolidated Census Subdivision,ft_win_ext,Freeze-Thaw Cycles (Winter-extended),days,Number of days in winter (extended) where maximum daily temperatures are above 2Â°C and minimum daily temperature are at or below -2Â°C.,28,29,30,30,29
Halifax - West,1209034C,Consolidated Census Subdivision,ft_win_ext,Freeze-Thaw Cycles (Winter-extended),days,Number of days in winter (extended) where maximum daily temperatures are above 2Â°C and minimum daily temperature are at or below -2Â°C.,28,29,29,29,27
"Inverness, Subd. A",1215011,Consolidated Census Subdivision,ft_win_ext,Freeze-Thaw Cycles (Winter-extended),days,Number of days in winter (extended) where maximum daily temperatures are above 2Â°C and minimum daily temperature are at or below -2Â°C.,20,21,22,21,21
"Inverness, Subd. B",1215006,Consolidated Census Subdivision,ft_win_ext,Freeze-Thaw Cycles (Winter-extended),days,Number of days in winter (extended) where maximum daily temperatures are above 2Â°C and minimum daily temperature are at or below -2Â°C.,20,22,23,22,22
"Inverness, Subd. C",1215001,Consolidated Census Subdivision,ft_win_ext,Freeze-Thaw Cycles (Winter-extended),days,Number of days in winter (extended) where maximum daily temperatures are above 2Â°C and minimum daily temperature are at or below -2Â°C.,21,22,23,23,22
"Kings, Subd. A",1207001,Consolidated Census Subdivision,ft_win_ext,Freeze-Thaw Cycles (Winter-extended),days,Number of days in winter (extended) where maximum daily temperatures are above 2Â°C and minimum daily temperature are at or below -2Â°C.,26,28,28,28,28
"Kings, Subd. B",1207016,Consolidated Census Subdivision,ft_win_ext,Freeze-Thaw Cycles (Winter-extended),days,Number of days in winter (extended) where maximum daily temperatures are above 2Â°C and minimum daily temperature are at or below -2Â°C.,26,28,29,29,29
"Kings, Subd. C",1207011,Consolidated Census Subdivision,ft_win_ext,Freeze-Thaw Cycles (Winter-extended),days,Number of days in winter (extended) where maximum daily temperatures are above 2Â°C and minimum daily temperature are at or below -2Â°C.,27,28,29,29,29
"Kings, Subd. D",1207021,Consolidated Census Subdivision,ft_win_ext,Freeze-Thaw Cycles (Winter-extended),days,Number of days in winter (extended) where maximum daily temperatures are above 2Â°C and minimum daily temperature are at or below -2Â°C.,26,29,29,29,30
Lunenburg,1206001,Consolidated Census Subdivision,ft_win_ext,Freeze-Thaw Cycles (Winter-extended),days,Number of days in winter (extended) where maximum daily temperatures are above 2Â°C and minimum daily temperature are at or below -2Â°C.,29,30,30,29,26
"Pictou, Subd. A",1212001,Consolidated Census Subdivision,ft_win_ext,Freeze-Thaw Cycles (Winter-extended),days,Number of days in winter (extended) where maximum daily temperatures are above 2Â°C and minimum daily temperature are at or below -2Â°C.,24,26,27,27,28
"Pictou, Subd. B",1212006,Consolidated Census Subdivision,ft_win_ext,Freeze-Thaw Cycles (Winter-extended),days,Number of days in winter (extended) where maximum daily temperatures are above 2Â°C and minimum daily temperature are at or below -2Â°C.,25,28,28,29,30
"Pictou, Subd. C",1212011,Consolidated Census Subdivision,ft_win_ext,Freeze-Thaw Cycles (Winter-extended),days,Number of days in winter (extended) where maximum daily temperatures are above 2Â°C and minimum daily temperature are at or below -2Â°C.,25,26,27,28,28
St. Mary's,1213001,Consolidated Census Subdivision,ft_win_ext,Freeze-Thaw Cycles (Winter-extended),days,Number of days in winter (extended) where maximum daily temperatures are above 2Â°C and minimum daily temperature are at or below -2Â°C.,26,28,28,28,29
Sydney and Surrounds,1217030B,Consolidated Census Subdivision,ft_win_ext,Freeze-Thaw Cycles (Winter-extended),days,Number of days in winter (extended) where maximum daily temperatures are above 2Â°C and minimum daily temperature are at or below -2Â°C.,20,21,22,21,21
West Hants,1208003,Consolidated Census Subdivision,ft_win_ext,Freeze-Thaw Cycles (Winter-extended),days,Number of days in winter (extended) where maximum daily temperatures are above 2Â°C and minimum daily temperature are at or below -2Â°C.,27,29,30,29,30
Yarmouth,1202004,Consolidated Census Subdivision,ft_win_ext,Freeze-Thaw Cycles (Winter-extended),days,Number of days in winter (extended) where maximum daily temperatures are above 2Â°C and minimum daily temperature are at or below -2Â°C.,25,24,22,21,15
Nova Scotia,12,Province,fwia,Fire Weather Index Amplitude,unitless,Maximum fire weather index.,13,14,15,15,16
Annapolis,1205,Census Division,fwia,Fire Weather Index Amplitude,unitless,Maximum fire weather index.,12,12,13,13,14
Antigonish,1214,Census Division,fwia,Fire Weather Index Amplitude,unitless,Maximum fire weather index.,16,18,19,18,20
Cape Breton,1217,Census Division,fwia,Fire Weather Index Amplitude,unitless,Maximum fire weather index.,15,16,17,17,19
Colchester,1210,Census Division,fwia,Fire Weather Index Amplitude,unitless,Maximum fire weather index.,14,16,17,15,18
Cumberland,1211,Census Division,fwia,Fire Weather Index Amplitude,unitless,Maximum fire weather index.,13,14,15,14,16
Digby,1203,Census Division,fwia,Fire Weather Index Amplitude,unitless,Maximum fire weather index.,10,11,11,11,12
Guysborough,1213,Census Division,fwia,Fire Weather Index Amplitude,unitless,Maximum fire weather index.,14,16,17,16,18
Halifax,1209,Census Division,fwia,Fire Weather Index Amplitude,unitless,Maximum fire weather index.,13,14,15,14,16
Hants,1208,Census Division,fwia,Fire Weather Index Amplitude,unitless,Maximum fire weather index.,14,15,15,15,16
Inverness,1215,Census Division,fwia,Fire Weather Index Amplitude,unitless,Maximum fire weather index.,14,16,17,17,18
Kings,1207,Census Division,fwia,Fire Weather Index Amplitude,unitless,Maximum fire weather index.,13,14,14,14,15
Lunenburg,1206,Census Division,fwia,Fire Weather Index Amplitude,unitless,Maximum fire weather index.,13,14,14,14,15
Pictou,1212,Census Division,fwia,Fire Weather Index Amplitude,unitless,Maximum fire weather index.,15,17,18,17,19
Queens,1204,Census Division / Consolidated Census Subdivision,fwia,Fire Weather Index Amplitude,unitless,Maximum fire weather index.,12,13,14,13,15
Richmond,1216,Census Division / Consolidated Census Subdivision,fwia,Fire Weather Index Amplitude,unitless,Maximum fire weather index.,14,16,17,16,18
Shelburne,1201,Census Division / Consolidated Census Subdivision,fwia,Fire Weather Index Amplitude,unitless,Maximum fire weather index.,10,11,12,11,13
Victoria,1218,Census Division / Consolidated Census Subdivision,fwia,Fire Weather Index Amplitude,unitless,Maximum fire weather index.,14,15,17,16,18
Yarmouth,1202,Census Division,fwia,Fire Weather Index Amplitude,unitless,Maximum fire weather index.,10,10,11,10,12
"Annapolis, Subd. A",1205004,Consolidated Census Subdivision,fwia,Fire Weather Index Amplitude,unitless,Maximum fire weather index.,11,12,12,12,13
"Annapolis, Subd. B",1205009,Consolidated Census Subdivision,fwia,Fire Weather Index Amplitude,unitless,Maximum fire weather index.,12,13,13,13,14
"Annapolis, Subd. C",1205014,Consolidated Census Subdivision,fwia,Fire Weather Index Amplitude,unitless,Maximum fire weather index.,12,13,14,13,14
"Annapolis, Subd. D",1205001,Consolidated Census Subdivision,fwia,Fire Weather Index Amplitude,unitless,Maximum fire weather index.,12,13,13,13,14
"Antigonish, Subd. A",1214001,Consolidated Census Subdivision,fwia,Fire Weather Index Amplitude,unitless,Maximum fire weather index.,16,18,19,18,20
"Antigonish, Subd. B",1214006,Consolidated Census Subdivision,fwia,Fire Weather Index Amplitude,unitless,Maximum fire weather index.,16,18,19,18,20
Argyle,1202001,Consolidated Census Subdivision,fwia,Fire Weather Index Amplitude,unitless,Maximum fire weather index.,10,11,11,11,12
Cape Breton - Outlying Areas,1217030A,Consolidated Census Subdivision,fwia,Fire Weather Index Amplitude,unitless,Maximum fire weather index.,15,16,17,17,19
Chester,1206009,Consolidated Census Subdivision,fwia,Fire Weather Index Amplitude,unitless,Maximum fire weather index.,13,13,14,14,15
Clare,1203001,Consolidated Census Subdivision,fwia,Fire Weather Index Amplitude,unitless,Maximum fire weather index.,9,10,11,10,12
"Colchester, Subd. A",1210012,Consolidated Census Subdivision,fwia,Fire Weather Index Amplitude,unitless,Maximum fire weather index.,14,15,16,15,16
"Colchester, Subd. B",1210008,Consolidated Census Subdivision,fwia,Fire Weather Index Amplitude,unitless,Maximum fire weather index.,15,16,17,16,18
"Colchester, Subd. C",1210001,Consolidated Census Subdivision,fwia,Fire Weather Index Amplitude,unitless,Maximum fire weather index.,15,16,17,16,18
"Cumberland, Subd. A",1211001,Consolidated Census Subdivision,fwia,Fire Weather Index Amplitude,unitless,Maximum fire weather index.,12,13,14,13,15
"Cumberland, Subd. B",1211006,Consolidated Census Subdivision,fwia,Fire Weather Index Amplitude,unitless,Maximum fire weather index.,13,14,15,14,15
"Cumberland, Subd. C",1211009,Consolidated Census Subdivision,fwia,Fire Weather Index Amplitude,unitless,Maximum fire weather index.,14,15,16,15,16
"Cumberland, Subd. D",1211014,Consolidated Census Subdivision,fwia,Fire Weather Index Amplitude,unitless,Maximum fire weather index.,14,15,16,15,17
Digby,1203004,Consolidated Census Subdivision,fwia,Fire Weather Index Amplitude,unitless,Maximum fire weather index.,10,11,11,11,12
East Hants,1208008,Consolidated Census Subdivision,fwia,Fire Weather Index Amplitude,unitless,Maximum fire weather index.,14,15,15,15,17
Guysborough,1213004,Consolidated Census Subdivision,fwia,Fire Weather Index Amplitude,unitless,Maximum fire weather index.,14,16,17,16,18
Halifax - Central,1209034B,Consolidated Census Subdivision,fwia,Fire Weather Index Amplitude,unitless,Maximum fire weather index.,12,14,14,14,15
Halifax - East,1209034A,Consolidated Census Subdivision,fwia,Fire Weather Index Amplitude,unitless,Maximum fire weather index.,13,15,15,15,16
Halifax - West,1209034C,Consolidated Census Subdivision,fwia,Fire Weather Index Amplitude,unitless,Maximum fire weather index.,12,13,14,13,15
"Inverness, Subd. A",1215011,Consolidated Census Subdivision,fwia,Fire Weather Index Amplitude,unitless,Maximum fire weather index.,14,16,17,17,18
"Inverness, Subd. B",1215006,Consolidated Census Subdivision,fwia,Fire Weather Index Amplitude,unitless,Maximum fire weather index.,16,17,18,18,20
"Inverness, Subd. C",1215001,Consolidated Census Subdivision,fwia,Fire Weather Index Amplitude,unitless,Maximum fire weather index.,15,17,18,17,19
"Kings, Subd. A",1207001,Consolidated Census Subdivision,fwia,Fire Weather Index Amplitude,unitless,Maximum fire weather index.,12,13,14,13,15
"Kings, Subd. B",1207016,Consolidated Census Subdivision,fwia,Fire Weather Index Amplitude,unitless,Maximum fire weather index.,13,14,15,14,16
"Kings, Subd. C",1207011,Consolidated Census Subdivision,fwia,Fire Weather Index Amplitude,unitless,Maximum fire weather index.,13,13,14,14,15
"Kings, Subd. D",1207021,Consolidated Census Subdivision,fwia,Fire Weather Index Amplitude,unitless,Maximum fire weather index.,13,14,15,14,16
Lunenburg,1206001,Consolidated Census Subdivision,fwia,Fire Weather Index Amplitude,unitless,Maximum fire weather index.,13,14,14,14,15
"Pictou, Subd. A",1212001,Consolidated Census Subdivision,fwia,Fire Weather Index Amplitude,unitless,Maximum fire weather index.,15,17,18,16,19
"Pictou, Subd. B",1212006,Consolidated Census Subdivision,fwia,Fire Weather Index Amplitude,unitless,Maximum fire weather index.,15,17,18,17,19
"Pictou, Subd. C",1212011,Consolidated Census Subdivision,fwia,Fire Weather Index Amplitude,unitless,Maximum fire weather index.,15,17,19,17,19
St. Mary's,1213001,Consolidated Census Subdivision,fwia,Fire Weather Index Amplitude,unitless,Maximum fire weather index.,15,16,17,16,18
Sydney and Surrounds,1217030B,Consolidated Census Subdivision,fwia,Fire Weather Index Amplitude,unitless,Maximum fire weather index.,15,16,17,17,19
West Hants,1208003,Consolidated Census Subdivision,fwia,Fire Weather Index Amplitude,unitless,Maximum fire weather index.,13,14,15,14,16
Yarmouth,1202004,Consolidated Census Subdivision,fwia,Fire Weather Index Amplitude,unitless,Maximum fire weather index.,9,10,11,10,11
Nova Scotia,12,Province,fwid,Fire Weather Index Duration,days,Longest spell of fire weather index rated very high (10) or severe (20).,2,2,3,2,3
Annapolis,1205,Census Division,fwid,Fire Weather Index Duration,days,Longest spell of fire weather index rated very high (10) or severe (20).,1,2,2,2,3
Antigonish,1214,Census Division,fwid,Fire Weather Index Duration,days,Longest spell of fire weather index rated very high (10) or severe (20).,3,3,4,3,4
Cape Breton,1217,Census Division,fwid,Fire Weather Index Duration,days,Longest spell of fire weather index rated very high (10) or severe (20).,2,3,3,3,3
Colchester,1210,Census Division,fwid,Fire Weather Index Duration,days,Longest spell of fire weather index rated very high (10) or severe (20).,2,3,3,3,4
Cumberland,1211,Census Division,fwid,Fire Weather Index Duration,days,Longest spell of fire weather index rated very high (10) or severe (20).,2,3,3,2,3
Digby,1203,Census Division,fwid,Fire Weather Index Duration,days,Longest spell of fire weather index rated very high (10) or severe (20).,1,1,1,1,2
Guysborough,1213,Census Division,fwid,Fire Weather Index Duration,days,Longest spell of fire weather index rated very high (10) or severe (20).,2,3,3,3,3
Halifax,1209,Census Division,fwid,Fire Weather Index Duration,days,Longest spell of fire weather index rated very high (10) or severe (20).,2,2,3,3,4
Hants,1208,Census Division,fwid,Fire Weather Index Duration,days,Longest spell of fire weather index rated very high (10) or severe (20).,2,3,3,3,4
Inverness,1215,Census Division,fwid,Fire Weather Index Duration,days,Longest spell of fire weather index rated very high (10) or severe (20).,2,3,3,3,3
Kings,1207,Census Division,fwid,Fire Weather Index Duration,days,Longest spell of fire weather index rated very high (10) or severe (20).,2,2,3,3,3
Lunenburg,1206,Census Division,fwid,Fire Weather Index Duration,days,Longest spell of fire weather index rated very high (10) or severe (20).,2,3,3,3,3
Pictou,1212,Census Division,fwid,Fire Weather Index Duration,days,Longest spell of fire weather index rated very high (10) or severe (20).,3,3,4,3,4
Queens,1204,Census Division / Consolidated Census Subdivision,fwid,Fire Weather Index Duration,days,Longest spell of fire weather index rated very high (10) or severe (20).,2,2,3,3,4
Richmond,1216,Census Division / Consolidated Census Subdivision,fwid,Fire Weather Index Duration,days,Longest spell of fire weather index rated very high (10) or severe (20).,2,3,3,3,3
Shelburne,1201,Census Division / Consolidated Census Subdivision,fwid,Fire Weather Index Duration,days,Longest spell of fire weather index rated very high (10) or severe (20).,1,1,2,1,2
Victoria,1218,Census Division / Consolidated Census Subdivision,fwid,Fire Weather Index Duration,days,Longest spell of fire weather index rated very high (10) or severe (20).,2,2,3,3,3
Yarmouth,1202,Census Division,fwid,Fire Weather Index Duration,days,Longest spell of fire weather index rated very high (10) or severe (20).,1,1,1,1,2
"Annapolis, Subd. A",1205004,Consolidated Census Subdivision,fwid,Fire Weather Index Duration,days,Longest spell of fire weather index rated very high (10) or severe (20).,1,2,2,2,3
"Annapolis, Subd. B",1205009,Consolidated Census Subdivision,fwid,Fire Weather Index Duration,days,Longest spell of fire weather index rated very high (10) or severe (20).,1,2,2,2,3
"Annapolis, Subd. C",1205014,Consolidated Census Subdivision,fwid,Fire Weather Index Duration,days,Longest spell of fire weather index rated very high (10) or severe (20).,2,2,3,2,3
"Annapolis, Subd. D",1205001,Consolidated Census Subdivision,fwid,Fire Weather Index Duration,days,Longest spell of fire weather index rated very high (10) or severe (20).,2,2,2,2,3
"Antigonish, Subd. A",1214001,Consolidated Census Subdivision,fwid,Fire Weather Index Duration,days,Longest spell of fire weather index rated very high (10) or severe (20).,3,3,4,3,4
"Antigonish, Subd. B",1214006,Consolidated Census Subdivision,fwid,Fire Weather Index Duration,days,Longest spell of fire weather index rated very high (10) or severe (20).,3,3,4,3,4
Argyle,1202001,Consolidated Census Subdivision,fwid,Fire Weather Index Duration,days,Longest spell of fire weather index rated very high (10) or severe (20).,1,1,1,1,2
Cape Breton - Outlying Areas,1217030A,Consolidated Census Subdivision,fwid,Fire Weather Index Duration,days,Longest spell of fire weather index rated very high (10) or severe (20).,2,3,3,3,3
Chester,1206009,Consolidated Census Subdivision,fwid,Fire Weather Index Duration,days,Longest spell of fire weather index rated very high (10) or severe (20).,2,2,3,3,3
Clare,1203001,Consolidated Census Subdivision,fwid,Fire Weather Index Duration,days,Longest spell of fire weather index rated very high (10) or severe (20).,0,1,1,1,1
"Colchester, Subd. A",1210012,Consolidated Census Subdivision,fwid,Fire Weather Index Duration,days,Longest spell of fire weather index rated very high (10) or severe (20).,2,3,3,3,4
"Colchester, Subd. B",1210008,Consolidated Census Subdivision,fwid,Fire Weather Index Duration,days,Longest spell of fire weather index rated very high (10) or severe (20).,2,3,3,3,4
"Colchester, Subd. C",1210001,Consolidated Census Subdivision,fwid,Fire Weather Index Duration,days,Longest spell of fire weather index rated very high (10) or severe (20).,2,3,4,3,4
"Cumberland, Subd. A",1211001,Consolidated Census Subdivision,fwid,Fire Weather Index Duration,days,Longest spell of fire weather index rated very high (10) or severe (20).,2,2,2,2,3
"Cumberland, Subd. B",1211006,Consolidated Census Subdivision,fwid,Fire Weather Index Duration,days,Longest spell of fire weather index rated very high (10) or severe (20).,2,2,3,2,3
"Cumberland, Subd. C",1211009,Consolidated Census Subdivision,fwid,Fire Weather Index Duration,days,Longest spell of fire weather index rated very high (10) or severe (20).,2,3,3,3,3
"Cumberland, Subd. D",1211014,Consolidated Census Subdivision,fwid,Fire Weather Index Duration,days,Longest spell of fire weather index rated very high (10) or severe (20).,2,3,3,3,4
Digby,1203004,Consolidated Census Subdivision,fwid,Fire Weather Index Duration,days,Longest spell of fire weather index rated very high (10) or severe (20).,1,1,2,1,2
East Hants,1208008,Consolidated Census Subdivision,fwid,Fire Weather Index Duration,days,Longest spell of fire weather index rated very high (10) or severe (20).,2,3,3,3,4
Guysborough,1213004,Consolidated Census Subdivision,fwid,Fire Weather Index Duration,days,Longest spell of fire weather index rated very high (10) or severe (20).,2,3,3,3,3
Halifax - Central,1209034B,Consolidated Census Subdivision,fwid,Fire Weather Index Duration,days,Longest spell of fire weather index rated very high (10) or severe (20).,2,2,3,2,3
Halifax - East,1209034A,Consolidated Census Subdivision,fwid,Fire Weather Index Duration,days,Longest spell of fire weather index rated very high (10) or severe (20).,2,3,3,3,4
Halifax - West,1209034C,Consolidated Census Subdivision,fwid,Fire Weather Index Duration,days,Longest spell of fire weather index rated very high (10) or severe (20).,2,2,2,2,3
"Inverness, Subd. A",1215011,Consolidated Census Subdivision,fwid,Fire Weather Index Duration,days,Longest spell of fire weather index rated very high (10) or severe (20).,2,2,3,2,3
"Inverness, Subd. B",1215006,Consolidated Census Subdivision,fwid,Fire Weather Index Duration,days,Longest spell of fire weather index rated very high (10) or severe (20).,2,3,4,3,4
"Inverness, Subd. C",1215001,Consolidated Census Subdivision,fwid,Fire Weather Index Duration,days,Longest spell of fire weather index rated very high (10) or severe (20).,2,3,3,3,4
"Kings, Subd. A",1207001,Consolidated Census Subdivision,fwid,Fire Weather Index Duration,days,Longest spell of fire weather index rated very high (10) or severe (20).,2,2,3,2,3
"Kings, Subd. B",1207016,Consolidated Census Subdivision,fwid,Fire Weather Index Duration,days,Longest spell of fire weather index rated very high (10) or severe (20).,2,3,3,3,4
"Kings, Subd. C",1207011,Consolidated Census Subdivision,fwid,Fire Weather Index Duration,days,Longest spell of fire weather index rated very high (10) or severe (20).,2,2,3,2,3
"Kings, Subd. D",1207021,Consolidated Census Subdivision,fwid,Fire Weather Index Duration,days,Longest spell of fire weather index rated very high (10) or severe (20).,2,3,3,3,4
Lunenburg,1206001,Consolidated Census Subdivision,fwid,Fire Weather Index Duration,days,Longest spell of fire weather index rated very high (10) or severe (20).,2,3,3,3,4
"Pictou, Subd. A",1212001,Consolidated Census Subdivision,fwid,Fire Weather Index Duration,days,Longest spell of fire weather index rated very high (10) or severe (20).,3,3,4,3,4
"Pictou, Subd. B",1212006,Consolidated Census Subdivision,fwid,Fire Weather Index Duration,days,Longest spell of fire weather index rated very high (10) or severe (20).,2,3,3,3,4
"Pictou, Subd. C",1212011,Consolidated Census Subdivision,fwid,Fire Weather Index Duration,days,Longest spell of fire weather index rated very high (10) or severe (20).,3,3,4,3,4
St. Mary's,1213001,Consolidated Census Subdivision,fwid,Fire Weather Index Duration,days,Longest spell of fire weather index rated very high (10) or severe (20).,2,3,3,3,4
Sydney and Surrounds,1217030B,Consolidated Census Subdivision,fwid,Fire Weather Index Duration,days,Longest spell of fire weather index rated very high (10) or severe (20).,2,3,3,3,4
West Hants,1208003,Consolidated Census Subdivision,fwid,Fire Weather Index Duration,days,Longest spell of fire weather index rated very high (10) or severe (20).,2,3,3,3,4
Yarmouth,1202004,Consolidated Census Subdivision,fwid,Fire Weather Index Duration,days,Longest spell of fire weather index rated very high (10) or severe (20).,0,1,1,1,1
Nova Scotia,12,Province,fwif,Fire Weather Index Frequency,days,Total number of days when the fire weather index was rated very high (10) or severe (20).,5,6,8,7,10
Annapolis,1205,Census Division,fwif,Fire Weather Index Frequency,days,Total number of days when the fire weather index was rated very high (10) or severe (20).,3,4,5,5,7
Antigonish,1214,Census Division,fwif,Fire Weather Index Frequency,days,Total number of days when the fire weather index was rated very high (10) or severe (20).,8,11,14,12,17
Cape Breton,1217,Census Division,fwif,Fire Weather Index Frequency,days,Total number of days when the fire weather index was rated very high (10) or severe (20).,5,8,9,9,13
Colchester,1210,Census Division,fwif,Fire Weather Index Frequency,days,Total number of days when the fire weather index was rated very high (10) or severe (20).,6,8,11,9,13
Cumberland,1211,Census Division,fwif,Fire Weather Index Frequency,days,Total number of days when the fire weather index was rated very high (10) or severe (20).,5,6,8,7,11
Digby,1203,Census Division,fwif,Fire Weather Index Frequency,days,Total number of days when the fire weather index was rated very high (10) or severe (20).,1,2,3,2,4
Guysborough,1213,Census Division,fwif,Fire Weather Index Frequency,days,Total number of days when the fire weather index was rated very high (10) or severe (20).,6,7,10,9,13
Halifax,1209,Census Division,fwif,Fire Weather Index Frequency,days,Total number of days when the fire weather index was rated very high (10) or severe (20).,4,6,8,7,10
Hants,1208,Census Division,fwif,Fire Weather Index Frequency,days,Total number of days when the fire weather index was rated very high (10) or severe (20).,5,7,9,8,11
Inverness,1215,Census Division,fwif,Fire Weather Index Frequency,days,Total number of days when the fire weather index was rated very high (10) or severe (20).,6,8,10,9,12
Kings,1207,Census Division,fwif,Fire Weather Index Frequency,days,Total number of days when the fire weather index was rated very high (10) or severe (20).,4,5,7,6,9
Lunenburg,1206,Census Division,fwif,Fire Weather Index Frequency,days,Total number of days when the fire weather index was rated very high (10) or severe (20).,4,6,8,7,10
Pictou,1212,Census Division,fwif,Fire Weather Index Frequency,days,Total number of days when the fire weather index was rated very high (10) or severe (20).,7,10,13,11,16
Queens,1204,Census Division / Consolidated Census Subdivision,fwif,Fire Weather Index Frequency,days,Total number of days when the fire weather index was rated very high (10) or severe (20).,4,5,7,6,9
Richmond,1216,Census Division / Consolidated Census Subdivision,fwif,Fire Weather Index Frequency,days,Total number of days when the fire weather index was rated very high (10) or severe (20).,5,7,9,8,12
Shelburne,1201,Census Division / Consolidated Census Subdivision,fwif,Fire Weather Index Frequency,days,Total number of days when the fire weather index was rated very high (10) or severe (20).,1,2,3,3,5
Victoria,1218,Census Division / Consolidated Census Subdivision,fwif,Fire Weather Index Frequency,days,Total number of days when the fire weather index was rated very high (10) or severe (20).,5,7,8,7,11
Yarmouth,1202,Census Division,fwif,Fire Weather Index Frequency,days,Total number of days when the fire weather index was rated very high (10) or severe (20).,1,1,2,2,3
"Annapolis, Subd. A",1205004,Consolidated Census Subdivision,fwif,Fire Weather Index Frequency,days,Total number of days when the fire weather index was rated very high (10) or severe (20).,2,3,4,4,6
"Annapolis, Subd. B",1205009,Consolidated Census Subdivision,fwif,Fire Weather Index Frequency,days,Total number of days when the fire weather index was rated very high (10) or severe (20).,3,4,5,5,7
"Annapolis, Subd. C",1205014,Consolidated Census Subdivision,fwif,Fire Weather Index Frequency,days,Total number of days when the fire weather index was rated very high (10) or severe (20).,4,4,6,5,8
"Annapolis, Subd. D",1205001,Consolidated Census Subdivision,fwif,Fire Weather Index Frequency,days,Total number of days when the fire weather index was rated very high (10) or severe (20).,3,5,6,5,7
"Antigonish, Subd. A",1214001,Consolidated Census Subdivision,fwif,Fire Weather Index Frequency,days,Total number of days when the fire weather index was rated very high (10) or severe (20).,8,11,14,13,17
"Antigonish, Subd. B",1214006,Consolidated Census Subdivision,fwif,Fire Weather Index Frequency,days,Total number of days when the fire weather index was rated very high (10) or severe (20).,8,11,14,12,17
Argyle,1202001,Consolidated Census Subdivision,fwif,Fire Weather Index Frequency,days,Total number of days when the fire weather index was rated very high (10) or severe (20).,1,2,2,2,4
Cape Breton - Outlying Areas,1217030A,Consolidated Census Subdivision,fwif,Fire Weather Index Frequency,days,Total number of days when the fire weather index was rated very high (10) or severe (20).,5,8,9,9,12
Chester,1206009,Consolidated Census Subdivision,fwif,Fire Weather Index Frequency,days,Total number of days when the fire weather index was rated very high (10) or severe (20).,4,5,8,6,9
Clare,1203001,Consolidated Census Subdivision,fwif,Fire Weather Index Frequency,days,Total number of days when the fire weather index was rated very high (10) or severe (20).,1,1,2,1,3
"Colchester, Subd. A",1210012,Consolidated Census Subdivision,fwif,Fire Weather Index Frequency,days,Total number of days when the fire weather index was rated very high (10) or severe (20).,5,7,9,7,11
"Colchester, Subd. B",1210008,Consolidated Census Subdivision,fwif,Fire Weather Index Frequency,days,Total number of days when the fire weather index was rated very high (10) or severe (20).,6,9,11,10,14
"Colchester, Subd. C",1210001,Consolidated Census Subdivision,fwif,Fire Weather Index Frequency,days,Total number of days when the fire weather index was rated very high (10) or severe (20).,6,9,12,10,15
"Cumberland, Subd. A",1211001,Consolidated Census Subdivision,fwif,Fire Weather Index Frequency,days,Total number of days when the fire weather index was rated very high (10) or severe (20).,3,4,6,5,9
"Cumberland, Subd. B",1211006,Consolidated Census Subdivision,fwif,Fire Weather Index Frequency,days,Total number of days when the fire weather index was rated very high (10) or severe (20).,4,5,7,6,10
"Cumberland, Subd. C",1211009,Consolidated Census Subdivision,fwif,Fire Weather Index Frequency,days,Total number of days when the fire weather index was rated very high (10) or severe (20).,5,6,9,7,12
"Cumberland, Subd. D",1211014,Consolidated Census Subdivision,fwif,Fire Weather Index Frequency,days,Total number of days when the fire weather index was rated very high (10) or severe (20).,6,8,10,9,13
Digby,1203004,Consolidated Census Subdivision,fwif,Fire Weather Index Frequency,days,Total number of days when the fire weather index was rated very high (10) or severe (20).,1,2,3,2,4
East Hants,1208008,Consolidated Census Subdivision,fwif,Fire Weather Index Frequency,days,Total number of days when the fire weather index was rated very high (10) or severe (20).,5,7,10,8,12
Guysborough,1213004,Consolidated Census Subdivision,fwif,Fire Weather Index Frequency,days,Total number of days when the fire weather index was rated very high (10) or severe (20).,5,7,10,9,12
Halifax - Central,1209034B,Consolidated Census Subdivision,fwif,Fire Weather Index Frequency,days,Total number of days when the fire weather index was rated very high (10) or severe (20).,4,5,7,6,9
Halifax - East,1209034A,Consolidated Census Subdivision,fwif,Fire Weather Index Frequency,days,Total number of days when the fire weather index was rated very high (10) or severe (20).,5,6,9,7,11
Halifax - West,1209034C,Consolidated Census Subdivision,fwif,Fire Weather Index Frequency,days,Total number of days when the fire weather index was rated very high (10) or severe (20).,4,5,6,5,9
"Inverness, Subd. A",1215011,Consolidated Census Subdivision,fwif,Fire Weather Index Frequency,days,Total number of days when the fire weather index was rated very high (10) or severe (20).,5,7,8,7,11
"Inverness, Subd. B",1215006,Consolidated Census Subdivision,fwif,Fire Weather Index Frequency,days,Total number of days when the fire weather index was rated very high (10) or severe (20).,7,10,12,11,15
"Inverness, Subd. C",1215001,Consolidated Census Subdivision,fwif,Fire Weather Index Frequency,days,Total number of days when the fire weather index was rated very high (10) or severe (20).,7,9,11,10,14
"Kings, Subd. A",1207001,Consolidated Census Subdivision,fwif,Fire Weather Index Frequency,days,Total number of days when the fire weather index was rated very high (10) or severe (20).,4,5,7,6,9
"Kings, Subd. B",1207016,Consolidated Census Subdivision,fwif,Fire Weather Index Frequency,days,Total number of days when the fire weather index was rated very high (10) or severe (20).,5,6,8,7,11
"Kings, Subd. C",1207011,Consolidated Census Subdivision,fwif,Fire Weather Index Frequency,days,Total number of days when the fire weather index was rated very high (10) or severe (20).,4,5,7,6,9
"Kings, Subd. D",1207021,Consolidated Census Subdivision,fwif,Fire Weather Index Frequency,days,Total number of days when the fire weather index was rated very high (10) or severe (20).,5,6,8,7,11
Lunenburg,1206001,Consolidated Census Subdivision,fwif,Fire Weather Index Frequency,days,Total number of days when the fire weather index was rated very high (10) or severe (20).,5,6,9,7,10
"Pictou, Subd. A",1212001,Consolidated Census Subdivision,fwif,Fire Weather Index Frequency,days,Total number of days when the fire weather index was rated very high (10) or severe (20).,7,9,13,11,15
"Pictou, Subd. B",1212006,Consolidated Census Subdivision,fwif,Fire Weather Index Frequency,days,Total number of days when the fire weather index was rated very high (10) or severe (20).,7,9,12,11,15
"Pictou, Subd. C",1212011,Consolidated Census Subdivision,fwif,Fire Weather Index Frequency,days,Total number of days when the fire weather index was rated very high (10) or severe (20).,7,10,13,11,16
St. Mary's,1213001,Consolidated Census Subdivision,fwif,Fire Weather Index Frequency,days,Total number of days when the fire weather index was rated very high (10) or severe (20).,6,8,11,10,13
Sydney and Surrounds,1217030B,Consolidated Census Subdivision,fwif,Fire Weather Index Frequency,days,Total number of days when the fire weather index was rated very high (10) or severe (20).,6,9,10,10,14
West Hants,1208003,Consolidated Census Subdivision,fwif,Fire Weather Index Frequency,days,Total number of days when the fire weather index was rated very high (10) or severe (20).,5,6,9,8,11
Yarmouth,1202004,Consolidated Census Subdivision,fwif,Fire Weather Index Frequency,days,Total number of days when the fire weather index was rated very high (10) or severe (20).,1,1,2,1,3
Nova Scotia,12,Province,gddgrow5,Growing Degree Days (base 5Â°C),degree days,"The accumulated total of degrees Celsius above 5Â°C mean temperature over the season. For any day above the threshold, the temperature that is accumulated is just the amount over the threshold.","1,723","2,173","2,326","2,352","2,841"
Annapolis,1205,Census Division,gddgrow5,Growing Degree Days (base 5Â°C),degree days,"The accumulated total of degrees Celsius above 5Â°C mean temperature over the season. For any day above the threshold, the temperature that is accumulated is just the amount over the threshold.","1,808","2,288","2,439","2,456","2,956"
Antigonish,1214,Census Division,gddgrow5,Growing Degree Days (base 5Â°C),degree days,"The accumulated total of degrees Celsius above 5Â°C mean temperature over the season. For any day above the threshold, the temperature that is accumulated is just the amount over the threshold.","1,700","2,141","2,280","2,315","2,791"
Cape Breton,1217,Census Division,gddgrow5,Growing Degree Days (base 5Â°C),degree days,"The accumulated total of degrees Celsius above 5Â°C mean temperature over the season. For any day above the threshold, the temperature that is accumulated is just the amount over the threshold.","1,623","2,057","2,197","2,219","2,696"
Colchester,1210,Census Division,gddgrow5,Growing Degree Days (base 5Â°C),degree days,"The accumulated total of degrees Celsius above 5Â°C mean temperature over the season. For any day above the threshold, the temperature that is accumulated is just the amount over the threshold.","1,763","2,217","2,359","2,397","2,876"
Cumberland,1211,Census Division,gddgrow5,Growing Degree Days (base 5Â°C),degree days,"The accumulated total of degrees Celsius above 5Â°C mean temperature over the season. For any day above the threshold, the temperature that is accumulated is just the amount over the threshold.","1,790","2,251","2,396","2,433","2,920"
Digby,1203,Census Division,gddgrow5,Growing Degree Days (base 5Â°C),degree days,"The accumulated total of degrees Celsius above 5Â°C mean temperature over the season. For any day above the threshold, the temperature that is accumulated is just the amount over the threshold.","1,742","2,218","2,383","2,400","2,915"
Guysborough,1213,Census Division,gddgrow5,Growing Degree Days (base 5Â°C),degree days,"The accumulated total of degrees Celsius above 5Â°C mean temperature over the season. For any day above the threshold, the temperature that is accumulated is just the amount over the threshold.","1,638","2,085","2,225","2,260","2,741"
Halifax,1209,Census Division,gddgrow5,Growing Degree Days (base 5Â°C),degree days,"The accumulated total of degrees Celsius above 5Â°C mean temperature over the season. For any day above the threshold, the temperature that is accumulated is just the amount over the threshold.","1,745","2,210","2,356","2,389","2,879"
Hants,1208,Census Division,gddgrow5,Growing Degree Days (base 5Â°C),degree days,"The accumulated total of degrees Celsius above 5Â°C mean temperature over the season. For any day above the threshold, the temperature that is accumulated is just the amount over the threshold.","1,840","2,315","2,459","2,491","2,983"
Inverness,1215,Census Division,gddgrow5,Growing Degree Days (base 5Â°C),degree days,"The accumulated total of degrees Celsius above 5Â°C mean temperature over the season. For any day above the threshold, the temperature that is accumulated is just the amount over the threshold.","1,561","1,983","2,123","2,143","2,610"
Kings,1207,Census Division,gddgrow5,Growing Degree Days (base 5Â°C),degree days,"The accumulated total of degrees Celsius above 5Â°C mean temperature over the season. For any day above the threshold, the temperature that is accumulated is just the amount over the threshold.","1,833","2,310","2,457","2,481","2,973"
Lunenburg,1206,Census Division,gddgrow5,Growing Degree Days (base 5Â°C),degree days,"The accumulated total of degrees Celsius above 5Â°C mean temperature over the season. For any day above the threshold, the temperature that is accumulated is just the amount over the threshold.","1,859","2,320","2,476","2,507","3,007"
Pictou,1212,Census Division,gddgrow5,Growing Degree Days (base 5Â°C),degree days,"The accumulated total of degrees Celsius above 5Â°C mean temperature over the season. For any day above the threshold, the temperature that is accumulated is just the amount over the threshold.","1,730","2,175","2,313","2,351","2,826"
Queens,1204,Census Division / Consolidated Census Subdivision,gddgrow5,Growing Degree Days (base 5Â°C),degree days,"The accumulated total of degrees Celsius above 5Â°C mean temperature over the season. For any day above the threshold, the temperature that is accumulated is just the amount over the threshold.","1,822","2,295","2,448","2,467","2,985"
Richmond,1216,Census Division / Consolidated Census Subdivision,gddgrow5,Growing Degree Days (base 5Â°C),degree days,"The accumulated total of degrees Celsius above 5Â°C mean temperature over the season. For any day above the threshold, the temperature that is accumulated is just the amount over the threshold.","1,633","2,076","2,216","2,245","2,730"
Shelburne,1201,Census Division / Consolidated Census Subdivision,gddgrow5,Growing Degree Days (base 5Â°C),degree days,"The accumulated total of degrees Celsius above 5Â°C mean temperature over the season. For any day above the threshold, the temperature that is accumulated is just the amount over the threshold.","1,709","2,203","2,336","2,353","2,901"
Victoria,1218,Census Division / Consolidated Census Subdivision,gddgrow5,Growing Degree Days (base 5Â°C),degree days,"The accumulated total of degrees Celsius above 5Â°C mean temperature over the season. For any day above the threshold, the temperature that is accumulated is just the amount over the threshold.","1,493","1,906","2,045","2,060","2,524"
Yarmouth,1202,Census Division,gddgrow5,Growing Degree Days (base 5Â°C),degree days,"The accumulated total of degrees Celsius above 5Â°C mean temperature over the season. For any day above the threshold, the temperature that is accumulated is just the amount over the threshold.","1,717","2,215","2,360","2,373","2,920"
"Annapolis, Subd. A",1205004,Consolidated Census Subdivision,gddgrow5,Growing Degree Days (base 5Â°C),degree days,"The accumulated total of degrees Celsius above 5Â°C mean temperature over the season. For any day above the threshold, the temperature that is accumulated is just the amount over the threshold.","1,808","2,303","2,450","2,466","2,974"
"Annapolis, Subd. B",1205009,Consolidated Census Subdivision,gddgrow5,Growing Degree Days (base 5Â°C),degree days,"The accumulated total of degrees Celsius above 5Â°C mean temperature over the season. For any day above the threshold, the temperature that is accumulated is just the amount over the threshold.","1,826","2,313","2,463","2,480","2,981"
"Annapolis, Subd. C",1205014,Consolidated Census Subdivision,gddgrow5,Growing Degree Days (base 5Â°C),degree days,"The accumulated total of degrees Celsius above 5Â°C mean temperature over the season. For any day above the threshold, the temperature that is accumulated is just the amount over the threshold.","1,870","2,358","2,511","2,529","3,030"
"Annapolis, Subd. D",1205001,Consolidated Census Subdivision,gddgrow5,Growing Degree Days (base 5Â°C),degree days,"The accumulated total of degrees Celsius above 5Â°C mean temperature over the season. For any day above the threshold, the temperature that is accumulated is just the amount over the threshold.","1,799","2,273","2,424","2,441","2,940"
"Antigonish, Subd. A",1214001,Consolidated Census Subdivision,gddgrow5,Growing Degree Days (base 5Â°C),degree days,"The accumulated total of degrees Celsius above 5Â°C mean temperature over the season. For any day above the threshold, the temperature that is accumulated is just the amount over the threshold.","1,704","2,145","2,283","2,319","2,794"
"Antigonish, Subd. B",1214006,Consolidated Census Subdivision,gddgrow5,Growing Degree Days (base 5Â°C),degree days,"The accumulated total of degrees Celsius above 5Â°C mean temperature over the season. For any day above the threshold, the temperature that is accumulated is just the amount over the threshold.","1,692","2,136","2,275","2,310","2,788"
Argyle,1202001,Consolidated Census Subdivision,gddgrow5,Growing Degree Days (base 5Â°C),degree days,"The accumulated total of degrees Celsius above 5Â°C mean temperature over the season. For any day above the threshold, the temperature that is accumulated is just the amount over the threshold.","1,713","2,208","2,352","2,366","2,911"
Cape Breton - Outlying Areas,1217030A,Consolidated Census Subdivision,gddgrow5,Growing Degree Days (base 5Â°C),degree days,"The accumulated total of degrees Celsius above 5Â°C mean temperature over the season. For any day above the threshold, the temperature that is accumulated is just the amount over the threshold.","1,619","2,053","2,192","2,214","2,691"
Chester,1206009,Consolidated Census Subdivision,gddgrow5,Growing Degree Days (base 5Â°C),degree days,"The accumulated total of degrees Celsius above 5Â°C mean temperature over the season. For any day above the threshold, the temperature that is accumulated is just the amount over the threshold.","1,838","2,320","2,452","2,485","2,980"
Clare,1203001,Consolidated Census Subdivision,gddgrow5,Growing Degree Days (base 5Â°C),degree days,"The accumulated total of degrees Celsius above 5Â°C mean temperature over the season. For any day above the threshold, the temperature that is accumulated is just the amount over the threshold.","1,738","2,228","2,393","2,403","2,934"
"Colchester, Subd. A",1210012,Consolidated Census Subdivision,gddgrow5,Growing Degree Days (base 5Â°C),degree days,"The accumulated total of degrees Celsius above 5Â°C mean temperature over the season. For any day above the threshold, the temperature that is accumulated is just the amount over the threshold.","1,748","2,202","2,344","2,380","2,857"
"Colchester, Subd. B",1210008,Consolidated Census Subdivision,gddgrow5,Growing Degree Days (base 5Â°C),degree days,"The accumulated total of degrees Celsius above 5Â°C mean temperature over the season. For any day above the threshold, the temperature that is accumulated is just the amount over the threshold.","1,763","2,213","2,352","2,392","2,868"
"Colchester, Subd. C",1210001,Consolidated Census Subdivision,gddgrow5,Growing Degree Days (base 5Â°C),degree days,"The accumulated total of degrees Celsius above 5Â°C mean temperature over the season. For any day above the threshold, the temperature that is accumulated is just the amount over the threshold.","1,774","2,231","2,375","2,413","2,895"
"Cumberland, Subd. A",1211001,Consolidated Census Subdivision,gddgrow5,Growing Degree Days (base 5Â°C),degree days,"The accumulated total of degrees Celsius above 5Â°C mean temperature over the season. For any day above the threshold, the temperature that is accumulated is just the amount over the threshold.","1,788","2,257","2,407","2,437","2,932"
"Cumberland, Subd. B",1211006,Consolidated Census Subdivision,gddgrow5,Growing Degree Days (base 5Â°C),degree days,"The accumulated total of degrees Celsius above 5Â°C mean temperature over the season. For any day above the threshold, the temperature that is accumulated is just the amount over the threshold.","1,767","2,227","2,372","2,408","2,893"
"Cumberland, Subd. C",1211009,Consolidated Census Subdivision,gddgrow5,Growing Degree Days (base 5Â°C),degree days,"The accumulated total of degrees Celsius above 5Â°C mean temperature over the season. For any day above the threshold, the temperature that is accumulated is just the amount over the threshold.","1,816","2,279","2,421","2,461","2,952"
"Cumberland, Subd. D",1211014,Consolidated Census Subdivision,gddgrow5,Growing Degree Days (base 5Â°C),degree days,"The accumulated total of degrees Celsius above 5Â°C mean temperature over the season. For any day above the threshold, the temperature that is accumulated is just the amount over the threshold.","1,795","2,251","2,392","2,432","2,911"
Digby,1203004,Consolidated Census Subdivision,gddgrow5,Growing Degree Days (base 5Â°C),degree days,"The accumulated total of degrees Celsius above 5Â°C mean temperature over the season. For any day above the threshold, the temperature that is accumulated is just the amount over the threshold.","1,745","2,214","2,378","2,399","2,912"
East Hants,1208008,Consolidated Census Subdivision,gddgrow5,Growing Degree Days (base 5Â°C),degree days,"The accumulated total of degrees Celsius above 5Â°C mean temperature over the season. For any day above the threshold, the temperature that is accumulated is just the amount over the threshold.","1,831","2,302","2,449","2,481","2,971"
Guysborough,1213004,Consolidated Census Subdivision,gddgrow5,Growing Degree Days (base 5Â°C),degree days,"The accumulated total of degrees Celsius above 5Â°C mean temperature over the season. For any day above the threshold, the temperature that is accumulated is just the amount over the threshold.","1,619","2,063","2,203","2,237","2,714"
Halifax - Central,1209034B,Consolidated Census Subdivision,gddgrow5,Growing Degree Days (base 5Â°C),degree days,"The accumulated total of degrees Celsius above 5Â°C mean temperature over the season. For any day above the threshold, the temperature that is accumulated is just the amount over the threshold.","1,820","2,303","2,442","2,478","2,978"
Halifax - East,1209034A,Consolidated Census Subdivision,gddgrow5,Growing Degree Days (base 5Â°C),degree days,"The accumulated total of degrees Celsius above 5Â°C mean temperature over the season. For any day above the threshold, the temperature that is accumulated is just the amount over the threshold.","1,724","2,185","2,334","2,365","2,853"
Halifax - West,1209034C,Consolidated Census Subdivision,gddgrow5,Growing Degree Days (base 5Â°C),degree days,"The accumulated total of degrees Celsius above 5Â°C mean temperature over the season. For any day above the threshold, the temperature that is accumulated is just the amount over the threshold.","1,827","2,307","2,445","2,482","2,983"
"Inverness, Subd. A",1215011,Consolidated Census Subdivision,gddgrow5,Growing Degree Days (base 5Â°C),degree days,"The accumulated total of degrees Celsius above 5Â°C mean temperature over the season. For any day above the threshold, the temperature that is accumulated is just the amount over the threshold.","1,486","1,897","2,033","2,051","2,512"
"Inverness, Subd. B",1215006,Consolidated Census Subdivision,gddgrow5,Growing Degree Days (base 5Â°C),degree days,"The accumulated total of degrees Celsius above 5Â°C mean temperature over the season. For any day above the threshold, the temperature that is accumulated is just the amount over the threshold.","1,655","2,088","2,227","2,255","2,728"
"Inverness, Subd. C",1215001,Consolidated Census Subdivision,gddgrow5,Growing Degree Days (base 5Â°C),degree days,"The accumulated total of degrees Celsius above 5Â°C mean temperature over the season. For any day above the threshold, the temperature that is accumulated is just the amount over the threshold.","1,647","2,083","2,220","2,252","2,727"
"Kings, Subd. A",1207001,Consolidated Census Subdivision,gddgrow5,Growing Degree Days (base 5Â°C),degree days,"The accumulated total of degrees Celsius above 5Â°C mean temperature over the season. For any day above the threshold, the temperature that is accumulated is just the amount over the threshold.","1,830","2,308","2,455","2,477","2,969"
"Kings, Subd. B",1207016,Consolidated Census Subdivision,gddgrow5,Growing Degree Days (base 5Â°C),degree days,"The accumulated total of degrees Celsius above 5Â°C mean temperature over the season. For any day above the threshold, the temperature that is accumulated is just the amount over the threshold.","1,860","2,340","2,491","2,517","3,015"
"Kings, Subd. C",1207011,Consolidated Census Subdivision,gddgrow5,Growing Degree Days (base 5Â°C),degree days,"The accumulated total of degrees Celsius above 5Â°C mean temperature over the season. For any day above the threshold, the temperature that is accumulated is just the amount over the threshold.","1,804","2,277","2,421","2,446","2,934"
"Kings, Subd. D",1207021,Consolidated Census Subdivision,gddgrow5,Growing Degree Days (base 5Â°C),degree days,"The accumulated total of degrees Celsius above 5Â°C mean temperature over the season. For any day above the threshold, the temperature that is accumulated is just the amount over the threshold.","1,841","2,317","2,462","2,491","2,982"
Lunenburg,1206001,Consolidated Census Subdivision,gddgrow5,Growing Degree Days (base 5Â°C),degree days,"The accumulated total of degrees Celsius above 5Â°C mean temperature over the season. For any day above the threshold, the temperature that is accumulated is just the amount over the threshold.","1,872","2,332","2,491","2,521","3,025"
"Pictou, Subd. A",1212001,Consolidated Census Subdivision,gddgrow5,Growing Degree Days (base 5Â°C),degree days,"The accumulated total of degrees Celsius above 5Â°C mean temperature over the season. For any day above the threshold, the temperature that is accumulated is just the amount over the threshold.","1,777","2,226","2,362","2,404","2,878"
"Pictou, Subd. B",1212006,Consolidated Census Subdivision,gddgrow5,Growing Degree Days (base 5Â°C),degree days,"The accumulated total of degrees Celsius above 5Â°C mean temperature over the season. For any day above the threshold, the temperature that is accumulated is just the amount over the threshold.","1,727","2,173","2,311","2,351","2,827"
"Pictou, Subd. C",1212011,Consolidated Census Subdivision,gddgrow5,Growing Degree Days (base 5Â°C),degree days,"The accumulated total of degrees Celsius above 5Â°C mean temperature over the season. For any day above the threshold, the temperature that is accumulated is just the amount over the threshold.","1,703","2,145","2,284","2,320","2,795"
St. Mary's,1213001,Consolidated Census Subdivision,gddgrow5,Growing Degree Days (base 5Â°C),degree days,"The accumulated total of degrees Celsius above 5Â°C mean temperature over the season. For any day above the threshold, the temperature that is accumulated is just the amount over the threshold.","1,660","2,110","2,251","2,287","2,769"
Sydney and Surrounds,1217030B,Consolidated Census Subdivision,gddgrow5,Growing Degree Days (base 5Â°C),degree days,"The accumulated total of degrees Celsius above 5Â°C mean temperature over the season. For any day above the threshold, the temperature that is accumulated is just the amount over the threshold.","1,654","2,090","2,234","2,251","2,734"
West Hants,1208003,Consolidated Census Subdivision,gddgrow5,Growing Degree Days (base 5Â°C),degree days,"The accumulated total of degrees Celsius above 5Â°C mean temperature over the season. For any day above the threshold, the temperature that is accumulated is just the amount over the threshold.","1,853","2,332","2,473","2,506","2,999"
Yarmouth,1202004,Consolidated Census Subdivision,gddgrow5,Growing Degree Days (base 5Â°C),degree days,"The accumulated total of degrees Celsius above 5Â°C mean temperature over the season. For any day above the threshold, the temperature that is accumulated is just the amount over the threshold.","1,730","2,236","2,382","2,394","2,948"
Nova Scotia,12,Province,gddgrow10,Growing Degree Days (base 10Â°C),degree days,"The accumulated total of degrees Celsius above 10Â°C mean temperature over the season. For any day above the threshold, the temperature that is accumulated is just the amount over the threshold.",844,"1,169","1,281","1,303","1,699"
Annapolis,1205,Census Division,gddgrow10,Growing Degree Days (base 10Â°C),degree days,"The accumulated total of degrees Celsius above 10Â°C mean temperature over the season. For any day above the threshold, the temperature that is accumulated is just the amount over the threshold.",904,"1,256","1,361","1,381","1,797"
Antigonish,1214,Census Division,gddgrow10,Growing Degree Days (base 10Â°C),degree days,"The accumulated total of degrees Celsius above 10Â°C mean temperature over the season. For any day above the threshold, the temperature that is accumulated is just the amount over the threshold.",847,"1,172","1,262","1,298","1,680"
Cape Breton,1217,Census Division,gddgrow10,Growing Degree Days (base 10Â°C),degree days,"The accumulated total of degrees Celsius above 10Â°C mean temperature over the season. For any day above the threshold, the temperature that is accumulated is just the amount over the threshold.",782,"1,101","1,193","1,219","1,574"
Colchester,1210,Census Division,gddgrow10,Growing Degree Days (base 10Â°C),degree days,"The accumulated total of degrees Celsius above 10Â°C mean temperature over the season. For any day above the threshold, the temperature that is accumulated is just the amount over the threshold.",897,"1,228","1,327","1,363","1,754"
Cumberland,1211,Census Division,gddgrow10,Growing Degree Days (base 10Â°C),degree days,"The accumulated total of degrees Celsius above 10Â°C mean temperature over the season. For any day above the threshold, the temperature that is accumulated is just the amount over the threshold.",917,"1,257","1,359","1,394","1,792"
Digby,1203,Census Division,gddgrow10,Growing Degree Days (base 10Â°C),degree days,"The accumulated total of degrees Celsius above 10Â°C mean temperature over the season. For any day above the threshold, the temperature that is accumulated is just the amount over the threshold.",817,"1,149","1,276","1,292","1,718"
Guysborough,1213,Census Division,gddgrow10,Growing Degree Days (base 10Â°C),degree days,"The accumulated total of degrees Celsius above 10Â°C mean temperature over the season. For any day above the threshold, the temperature that is accumulated is just the amount over the threshold.",785,"1,108","1,197","1,232","1,608"
Halifax,1209,Census Division,gddgrow10,Growing Degree Days (base 10Â°C),degree days,"The accumulated total of degrees Celsius above 10Â°C mean temperature over the season. For any day above the threshold, the temperature that is accumulated is just the amount over the threshold.",858,"1,190","1,294","1,322","1,719"
Hants,1208,Census Division,gddgrow10,Growing Degree Days (base 10Â°C),degree days,"The accumulated total of degrees Celsius above 10Â°C mean temperature over the season. For any day above the threshold, the temperature that is accumulated is just the amount over the threshold.",941,"1,290","1,395","1,422","1,826"
Inverness,1215,Census Division,gddgrow10,Growing Degree Days (base 10Â°C),degree days,"The accumulated total of degrees Celsius above 10Â°C mean temperature over the season. For any day above the threshold, the temperature that is accumulated is just the amount over the threshold.",754,"1,062","1,158","1,180","1,550"
Kings,1207,Census Division,gddgrow10,Growing Degree Days (base 10Â°C),degree days,"The accumulated total of degrees Celsius above 10Â°C mean temperature over the season. For any day above the threshold, the temperature that is accumulated is just the amount over the threshold.",936,"1,289","1,396","1,417","1,826"
Lunenburg,1206,Census Division,gddgrow10,Growing Degree Days (base 10Â°C),degree days,"The accumulated total of degrees Celsius above 10Â°C mean temperature over the season. For any day above the threshold, the temperature that is accumulated is just the amount over the threshold.",942,"1,281","1,398","1,420","1,832"
Pictou,1212,Census Division,gddgrow10,Growing Degree Days (base 10Â°C),degree days,"The accumulated total of degrees Celsius above 10Â°C mean temperature over the season. For any day above the threshold, the temperature that is accumulated is just the amount over the threshold.",874,"1,201","1,299","1,330","1,714"
Queens,1204,Census Division / Consolidated Census Subdivision,gddgrow10,Growing Degree Days (base 10Â°C),degree days,"The accumulated total of degrees Celsius above 10Â°C mean temperature over the season. For any day above the threshold, the temperature that is accumulated is just the amount over the threshold.",894,"1,231","1,347","1,364","1,780"
Richmond,1216,Census Division / Consolidated Census Subdivision,gddgrow10,Growing Degree Days (base 10Â°C),degree days,"The accumulated total of degrees Celsius above 10Â°C mean temperature over the season. For any day above the threshold, the temperature that is accumulated is just the amount over the threshold.",783,"1,105","1,190","1,226","1,582"
Shelburne,1201,Census Division / Consolidated Census Subdivision,gddgrow10,Growing Degree Days (base 10Â°C),degree days,"The accumulated total of degrees Celsius above 10Â°C mean temperature over the season. For any day above the threshold, the temperature that is accumulated is just the amount over the threshold.",772,"1,116","1,220","1,230","1,640"
Victoria,1218,Census Division / Consolidated Census Subdivision,gddgrow10,Growing Degree Days (base 10Â°C),degree days,"The accumulated total of degrees Celsius above 10Â°C mean temperature over the season. For any day above the threshold, the temperature that is accumulated is just the amount over the threshold.",706,"1,007","1,101","1,121","1,474"
Yarmouth,1202,Census Division,gddgrow10,Growing Degree Days (base 10Â°C),degree days,"The accumulated total of degrees Celsius above 10Â°C mean temperature over the season. For any day above the threshold, the temperature that is accumulated is just the amount over the threshold.",775,"1,122","1,231","1,244","1,660"
"Annapolis, Subd. A",1205004,Consolidated Census Subdivision,gddgrow10,Growing Degree Days (base 10Â°C),degree days,"The accumulated total of degrees Celsius above 10Â°C mean temperature over the season. For any day above the threshold, the temperature that is accumulated is just the amount over the threshold.",894,"1,254","1,358","1,378","1,802"
"Annapolis, Subd. B",1205009,Consolidated Census Subdivision,gddgrow10,Growing Degree Days (base 10Â°C),degree days,"The accumulated total of degrees Celsius above 10Â°C mean temperature over the season. For any day above the threshold, the temperature that is accumulated is just the amount over the threshold.",921,"1,279","1,383","1,404","1,822"
"Annapolis, Subd. C",1205014,Consolidated Census Subdivision,gddgrow10,Growing Degree Days (base 10Â°C),degree days,"The accumulated total of degrees Celsius above 10Â°C mean temperature over the season. For any day above the threshold, the temperature that is accumulated is just the amount over the threshold.",958,"1,319","1,426","1,447","1,865"
"Annapolis, Subd. D",1205001,Consolidated Census Subdivision,gddgrow10,Growing Degree Days (base 10Â°C),degree days,"The accumulated total of degrees Celsius above 10Â°C mean temperature over the season. For any day above the threshold, the temperature that is accumulated is just the amount over the threshold.",899,"1,246","1,352","1,372","1,785"
"Antigonish, Subd. A",1214001,Consolidated Census Subdivision,gddgrow10,Growing Degree Days (base 10Â°C),degree days,"The accumulated total of degrees Celsius above 10Â°C mean temperature over the season. For any day above the threshold, the temperature that is accumulated is just the amount over the threshold.",853,"1,178","1,269","1,304","1,685"
"Antigonish, Subd. B",1214006,Consolidated Census Subdivision,gddgrow10,Growing Degree Days (base 10Â°C),degree days,"The accumulated total of degrees Celsius above 10Â°C mean temperature over the season. For any day above the threshold, the temperature that is accumulated is just the amount over the threshold.",837,"1,163","1,252","1,288","1,666"
Argyle,1202001,Consolidated Census Subdivision,gddgrow10,Growing Degree Days (base 10Â°C),degree days,"The accumulated total of degrees Celsius above 10Â°C mean temperature over the season. For any day above the threshold, the temperature that is accumulated is just the amount over the threshold.",774,"1,119","1,228","1,241","1,656"
Cape Breton - Outlying Areas,1217030A,Consolidated Census Subdivision,gddgrow10,Growing Degree Days (base 10Â°C),degree days,"The accumulated total of degrees Celsius above 10Â°C mean temperature over the season. For any day above the threshold, the temperature that is accumulated is just the amount over the threshold.",779,"1,097","1,189","1,215","1,571"
Chester,1206009,Consolidated Census Subdivision,gddgrow10,Growing Degree Days (base 10Â°C),degree days,"The accumulated total of degrees Celsius above 10Â°C mean temperature over the season. For any day above the threshold, the temperature that is accumulated is just the amount over the threshold.",933,"1,287","1,392","1,410","1,818"
Clare,1203001,Consolidated Census Subdivision,gddgrow10,Growing Degree Days (base 10Â°C),degree days,"The accumulated total of degrees Celsius above 10Â°C mean temperature over the season. For any day above the threshold, the temperature that is accumulated is just the amount over the threshold.",797,"1,136","1,261","1,276","1,705"
"Colchester, Subd. A",1210012,Consolidated Census Subdivision,gddgrow10,Growing Degree Days (base 10Â°C),degree days,"The accumulated total of degrees Celsius above 10Â°C mean temperature over the season. For any day above the threshold, the temperature that is accumulated is just the amount over the threshold.",886,"1,219","1,319","1,353","1,744"
"Colchester, Subd. B",1210008,Consolidated Census Subdivision,gddgrow10,Growing Degree Days (base 10Â°C),degree days,"The accumulated total of degrees Celsius above 10Â°C mean temperature over the season. For any day above the threshold, the temperature that is accumulated is just the amount over the threshold.",901,"1,232","1,330","1,366","1,754"
"Colchester, Subd. C",1210001,Consolidated Census Subdivision,gddgrow10,Growing Degree Days (base 10Â°C),degree days,"The accumulated total of degrees Celsius above 10Â°C mean temperature over the season. For any day above the threshold, the temperature that is accumulated is just the amount over the threshold.",899,"1,232","1,334","1,367","1,759"
"Cumberland, Subd. A",1211001,Consolidated Census Subdivision,gddgrow10,Growing Degree Days (base 10Â°C),degree days,"The accumulated total of degrees Celsius above 10Â°C mean temperature over the season. For any day above the threshold, the temperature that is accumulated is just the amount over the threshold.",907,"1,253","1,358","1,388","1,794"
"Cumberland, Subd. B",1211006,Consolidated Census Subdivision,gddgrow10,Growing Degree Days (base 10Â°C),degree days,"The accumulated total of degrees Celsius above 10Â°C mean temperature over the season. For any day above the threshold, the temperature that is accumulated is just the amount over the threshold.",899,"1,238","1,339","1,374","1,770"
"Cumberland, Subd. C",1211009,Consolidated Census Subdivision,gddgrow10,Growing Degree Days (base 10Â°C),degree days,"The accumulated total of degrees Celsius above 10Â°C mean temperature over the season. For any day above the threshold, the temperature that is accumulated is just the amount over the threshold.",941,"1,283","1,384","1,423","1,820"
"Cumberland, Subd. D",1211014,Consolidated Census Subdivision,gddgrow10,Growing Degree Days (base 10Â°C),degree days,"The accumulated total of degrees Celsius above 10Â°C mean temperature over the season. For any day above the threshold, the temperature that is accumulated is just the amount over the threshold.",926,"1,262","1,361","1,399","1,791"
Digby,1203004,Consolidated Census Subdivision,gddgrow10,Growing Degree Days (base 10Â°C),degree days,"The accumulated total of degrees Celsius above 10Â°C mean temperature over the season. For any day above the threshold, the temperature that is accumulated is just the amount over the threshold.",827,"1,156","1,284","1,301","1,726"
East Hants,1208008,Consolidated Census Subdivision,gddgrow10,Growing Degree Days (base 10Â°C),degree days,"The accumulated total of degrees Celsius above 10Â°C mean temperature over the season. For any day above the threshold, the temperature that is accumulated is just the amount over the threshold.",935,"1,282","1,385","1,415","1,817"
Guysborough,1213004,Consolidated Census Subdivision,gddgrow10,Growing Degree Days (base 10Â°C),degree days,"The accumulated total of degrees Celsius above 10Â°C mean temperature over the season. For any day above the threshold, the temperature that is accumulated is just the amount over the threshold.",771,"1,092","1,176","1,214","1,575"
Halifax - Central,1209034B,Consolidated Census Subdivision,gddgrow10,Growing Degree Days (base 10Â°C),degree days,"The accumulated total of degrees Celsius above 10Â°C mean temperature over the season. For any day above the threshold, the temperature that is accumulated is just the amount over the threshold.",910,"1,259","1,365","1,388","1,796"
Halifax - East,1209034A,Consolidated Census Subdivision,gddgrow10,Growing Degree Days (base 10Â°C),degree days,"The accumulated total of degrees Celsius above 10Â°C mean temperature over the season. For any day above the threshold, the temperature that is accumulated is just the amount over the threshold.",844,"1,173","1,278","1,306","1,699"
Halifax - West,1209034C,Consolidated Census Subdivision,gddgrow10,Growing Degree Days (base 10Â°C),degree days,"The accumulated total of degrees Celsius above 10Â°C mean temperature over the season. For any day above the threshold, the temperature that is accumulated is just the amount over the threshold.",915,"1,265","1,370","1,393","1,802"
"Inverness, Subd. A",1215011,Consolidated Census Subdivision,gddgrow10,Growing Degree Days (base 10Â°C),degree days,"The accumulated total of degrees Celsius above 10Â°C mean temperature over the season. For any day above the threshold, the temperature that is accumulated is just the amount over the threshold.",706,"1,005","1,097","1,118","1,482"
"Inverness, Subd. B",1215006,Consolidated Census Subdivision,gddgrow10,Growing Degree Days (base 10Â°C),degree days,"The accumulated total of degrees Celsius above 10Â°C mean temperature over the season. For any day above the threshold, the temperature that is accumulated is just the amount over the threshold.",819,"1,138","1,233","1,260","1,636"
"Inverness, Subd. C",1215001,Consolidated Census Subdivision,gddgrow10,Growing Degree Days (base 10Â°C),degree days,"The accumulated total of degrees Celsius above 10Â°C mean temperature over the season. For any day above the threshold, the temperature that is accumulated is just the amount over the threshold.",806,"1,126","1,217","1,248","1,615"
"Kings, Subd. A",1207001,Consolidated Census Subdivision,gddgrow10,Growing Degree Days (base 10Â°C),degree days,"The accumulated total of degrees Celsius above 10Â°C mean temperature over the season. For any day above the threshold, the temperature that is accumulated is just the amount over the threshold.",934,"1,287","1,393","1,413","1,823"
"Kings, Subd. B",1207016,Consolidated Census Subdivision,gddgrow10,Growing Degree Days (base 10Â°C),degree days,"The accumulated total of degrees Celsius above 10Â°C mean temperature over the season. For any day above the threshold, the temperature that is accumulated is just the amount over the threshold.",957,"1,312","1,419","1,445","1,855"
"Kings, Subd. C",1207011,Consolidated Census Subdivision,gddgrow10,Growing Degree Days (base 10Â°C),degree days,"The accumulated total of degrees Celsius above 10Â°C mean temperature over the season. For any day above the threshold, the temperature that is accumulated is just the amount over the threshold.",917,"1,265","1,371","1,392","1,797"
"Kings, Subd. D",1207021,Consolidated Census Subdivision,gddgrow10,Growing Degree Days (base 10Â°C),degree days,"The accumulated total of degrees Celsius above 10Â°C mean temperature over the season. For any day above the threshold, the temperature that is accumulated is just the amount over the threshold.",943,"1,295","1,401","1,425","1,831"
Lunenburg,1206001,Consolidated Census Subdivision,gddgrow10,Growing Degree Days (base 10Â°C),degree days,"The accumulated total of degrees Celsius above 10Â°C mean temperature over the season. For any day above the threshold, the temperature that is accumulated is just the amount over the threshold.",948,"1,281","1,408","1,426","1,841"
"Pictou, Subd. A",1212001,Consolidated Census Subdivision,gddgrow10,Growing Degree Days (base 10Â°C),degree days,"The accumulated total of degrees Celsius above 10Â°C mean temperature over the season. For any day above the threshold, the temperature that is accumulated is just the amount over the threshold.",912,"1,243","1,340","1,375","1,760"
"Pictou, Subd. B",1212006,Consolidated Census Subdivision,gddgrow10,Growing Degree Days (base 10Â°C),degree days,"The accumulated total of degrees Celsius above 10Â°C mean temperature over the season. For any day above the threshold, the temperature that is accumulated is just the amount over the threshold.",870,"1,197","1,296","1,327","1,712"
"Pictou, Subd. C",1212011,Consolidated Census Subdivision,gddgrow10,Growing Degree Days (base 10Â°C),degree days,"The accumulated total of degrees Celsius above 10Â°C mean temperature over the season. For any day above the threshold, the temperature that is accumulated is just the amount over the threshold.",853,"1,178","1,276","1,305","1,687"
St. Mary's,1213001,Consolidated Census Subdivision,gddgrow10,Growing Degree Days (base 10Â°C),degree days,"The accumulated total of degrees Celsius above 10Â°C mean temperature over the season. For any day above the threshold, the temperature that is accumulated is just the amount over the threshold.",803,"1,127","1,222","1,254","1,639"
Sydney and Surrounds,1217030B,Consolidated Census Subdivision,gddgrow10,Growing Degree Days (base 10Â°C),degree days,"The accumulated total of degrees Celsius above 10Â°C mean temperature over the season. For any day above the threshold, the temperature that is accumulated is just the amount over the threshold.",806,"1,129","1,228","1,246","1,608"
West Hants,1208003,Consolidated Census Subdivision,gddgrow10,Growing Degree Days (base 10Â°C),degree days,"The accumulated total of degrees Celsius above 10Â°C mean temperature over the season. For any day above the threshold, the temperature that is accumulated is just the amount over the threshold.",950,"1,303","1,409","1,433","1,839"
Yarmouth,1202004,Consolidated Census Subdivision,gddgrow10,Growing Degree Days (base 10Â°C),degree days,"The accumulated total of degrees Celsius above 10Â°C mean temperature over the season. For any day above the threshold, the temperature that is accumulated is just the amount over the threshold.",779,"1,131","1,242","1,254","1,674"
Nova Scotia,12,Province,gsl,Growing Season Length,days,The number of days in the season between the first occurrence of six days in a row of mean daily temperature above 5Â°C and the occurrence of six days in a row of mean daily temperature below 5Â°C.,204,231,241,242,269
Annapolis,1205,Census Division,gsl,Growing Season Length,days,The number of days in the season between the first occurrence of six days in a row of mean daily temperature above 5Â°C and the occurrence of six days in a row of mean daily temperature below 5Â°C.,206,236,247,244,273
Antigonish,1214,Census Division,gsl,Growing Season Length,days,The number of days in the season between the first occurrence of six days in a row of mean daily temperature above 5Â°C and the occurrence of six days in a row of mean daily temperature below 5Â°C.,197,223,234,236,258
Cape Breton,1217,Census Division,gsl,Growing Season Length,days,The number of days in the season between the first occurrence of six days in a row of mean daily temperature above 5Â°C and the occurrence of six days in a row of mean daily temperature below 5Â°C.,196,225,232,236,260
Colchester,1210,Census Division,gsl,Growing Season Length,days,The number of days in the season between the first occurrence of six days in a row of mean daily temperature above 5Â°C and the occurrence of six days in a row of mean daily temperature below 5Â°C.,199,224,233,235,257
Cumberland,1211,Census Division,gsl,Growing Season Length,days,The number of days in the season between the first occurrence of six days in a row of mean daily temperature above 5Â°C and the occurrence of six days in a row of mean daily temperature below 5Â°C.,201,225,234,235,259
Digby,1203,Census Division,gsl,Growing Season Length,days,The number of days in the season between the first occurrence of six days in a row of mean daily temperature above 5Â°C and the occurrence of six days in a row of mean daily temperature below 5Â°C.,215,243,259,256,286
Guysborough,1213,Census Division,gsl,Growing Season Length,days,The number of days in the season between the first occurrence of six days in a row of mean daily temperature above 5Â°C and the occurrence of six days in a row of mean daily temperature below 5Â°C.,201,226,235,238,263
Halifax,1209,Census Division,gsl,Growing Season Length,days,The number of days in the season between the first occurrence of six days in a row of mean daily temperature above 5Â°C and the occurrence of six days in a row of mean daily temperature below 5Â°C.,207,236,243,243,271
Hants,1208,Census Division,gsl,Growing Season Length,days,The number of days in the season between the first occurrence of six days in a row of mean daily temperature above 5Â°C and the occurrence of six days in a row of mean daily temperature below 5Â°C.,206,233,242,243,267
Inverness,1215,Census Division,gsl,Growing Season Length,days,The number of days in the season between the first occurrence of six days in a row of mean daily temperature above 5Â°C and the occurrence of six days in a row of mean daily temperature below 5Â°C.,188,213,220,225,248
Kings,1207,Census Division,gsl,Growing Season Length,days,The number of days in the season between the first occurrence of six days in a row of mean daily temperature above 5Â°C and the occurrence of six days in a row of mean daily temperature below 5Â°C.,205,231,242,241,268
Lunenburg,1206,Census Division,gsl,Growing Season Length,days,The number of days in the season between the first occurrence of six days in a row of mean daily temperature above 5Â°C and the occurrence of six days in a row of mean daily temperature below 5Â°C.,210,239,247,250,278
Pictou,1212,Census Division,gsl,Growing Season Length,days,The number of days in the season between the first occurrence of six days in a row of mean daily temperature above 5Â°C and the occurrence of six days in a row of mean daily temperature below 5Â°C.,198,223,230,233,253
Queens,1204,Census Division / Consolidated Census Subdivision,gsl,Growing Season Length,days,The number of days in the season between the first occurrence of six days in a row of mean daily temperature above 5Â°C and the occurrence of six days in a row of mean daily temperature below 5Â°C.,215,242,255,255,287
Richmond,1216,Census Division / Consolidated Census Subdivision,gsl,Growing Season Length,days,The number of days in the season between the first occurrence of six days in a row of mean daily temperature above 5Â°C and the occurrence of six days in a row of mean daily temperature below 5Â°C.,199,227,239,238,268
Shelburne,1201,Census Division / Consolidated Census Subdivision,gsl,Growing Season Length,days,The number of days in the season between the first occurrence of six days in a row of mean daily temperature above 5Â°C and the occurrence of six days in a row of mean daily temperature below 5Â°C.,219,252,262,263,296
Victoria,1218,Census Division / Consolidated Census Subdivision,gsl,Growing Season Length,days,The number of days in the season between the first occurrence of six days in a row of mean daily temperature above 5Â°C and the occurrence of six days in a row of mean daily temperature below 5Â°C.,184,207,216,217,246
Yarmouth,1202,Census Division,gsl,Growing Season Length,days,The number of days in the season between the first occurrence of six days in a row of mean daily temperature above 5Â°C and the occurrence of six days in a row of mean daily temperature below 5Â°C.,219,252,264,263,296
"Annapolis, Subd. A",1205004,Consolidated Census Subdivision,gsl,Growing Season Length,days,The number of days in the season between the first occurrence of six days in a row of mean daily temperature above 5Â°C and the occurrence of six days in a row of mean daily temperature below 5Â°C.,210,238,250,246,277
"Annapolis, Subd. B",1205009,Consolidated Census Subdivision,gsl,Growing Season Length,days,The number of days in the season between the first occurrence of six days in a row of mean daily temperature above 5Â°C and the occurrence of six days in a row of mean daily temperature below 5Â°C.,207,234,247,243,274
"Annapolis, Subd. C",1205014,Consolidated Census Subdivision,gsl,Growing Season Length,days,The number of days in the season between the first occurrence of six days in a row of mean daily temperature above 5Â°C and the occurrence of six days in a row of mean daily temperature below 5Â°C.,208,235,246,244,275
"Annapolis, Subd. D",1205001,Consolidated Census Subdivision,gsl,Growing Season Length,days,The number of days in the season between the first occurrence of six days in a row of mean daily temperature above 5Â°C and the occurrence of six days in a row of mean daily temperature below 5Â°C.,206,234,244,242,273
"Antigonish, Subd. A",1214001,Consolidated Census Subdivision,gsl,Growing Season Length,days,The number of days in the season between the first occurrence of six days in a row of mean daily temperature above 5Â°C and the occurrence of six days in a row of mean daily temperature below 5Â°C.,197,222,233,234,257
"Antigonish, Subd. B",1214006,Consolidated Census Subdivision,gsl,Growing Season Length,days,The number of days in the season between the first occurrence of six days in a row of mean daily temperature above 5Â°C and the occurrence of six days in a row of mean daily temperature below 5Â°C.,198,225,235,236,259
Argyle,1202001,Consolidated Census Subdivision,gsl,Growing Season Length,days,The number of days in the season between the first occurrence of six days in a row of mean daily temperature above 5Â°C and the occurrence of six days in a row of mean daily temperature below 5Â°C.,219,251,262,263,296
Cape Breton - Outlying Areas,1217030A,Consolidated Census Subdivision,gsl,Growing Season Length,days,The number of days in the season between the first occurrence of six days in a row of mean daily temperature above 5Â°C and the occurrence of six days in a row of mean daily temperature below 5Â°C.,196,225,232,236,260
Chester,1206009,Consolidated Census Subdivision,gsl,Growing Season Length,days,The number of days in the season between the first occurrence of six days in a row of mean daily temperature above 5Â°C and the occurrence of six days in a row of mean daily temperature below 5Â°C.,207,235,246,245,276
Clare,1203001,Consolidated Census Subdivision,gsl,Growing Season Length,days,The number of days in the season between the first occurrence of six days in a row of mean daily temperature above 5Â°C and the occurrence of six days in a row of mean daily temperature below 5Â°C.,218,250,263,263,294
"Colchester, Subd. A",1210012,Consolidated Census Subdivision,gsl,Growing Season Length,days,The number of days in the season between the first occurrence of six days in a row of mean daily temperature above 5Â°C and the occurrence of six days in a row of mean daily temperature below 5Â°C.,198,223,230,233,256
"Colchester, Subd. B",1210008,Consolidated Census Subdivision,gsl,Growing Season Length,days,The number of days in the season between the first occurrence of six days in a row of mean daily temperature above 5Â°C and the occurrence of six days in a row of mean daily temperature below 5Â°C.,199,223,229,234,254
"Colchester, Subd. C",1210001,Consolidated Census Subdivision,gsl,Growing Season Length,days,The number of days in the season between the first occurrence of six days in a row of mean daily temperature above 5Â°C and the occurrence of six days in a row of mean daily temperature below 5Â°C.,202,229,236,238,260
"Cumberland, Subd. A",1211001,Consolidated Census Subdivision,gsl,Growing Season Length,days,The number of days in the season between the first occurrence of six days in a row of mean daily temperature above 5Â°C and the occurrence of six days in a row of mean daily temperature below 5Â°C.,202,227,237,237,261
"Cumberland, Subd. B",1211006,Consolidated Census Subdivision,gsl,Growing Season Length,days,The number of days in the season between the first occurrence of six days in a row of mean daily temperature above 5Â°C and the occurrence of six days in a row of mean daily temperature below 5Â°C.,199,224,232,234,259
"Cumberland, Subd. C",1211009,Consolidated Census Subdivision,gsl,Growing Season Length,days,The number of days in the season between the first occurrence of six days in a row of mean daily temperature above 5Â°C and the occurrence of six days in a row of mean daily temperature below 5Â°C.,200,224,232,235,256
"Cumberland, Subd. D",1211014,Consolidated Census Subdivision,gsl,Growing Season Length,days,The number of days in the season between the first occurrence of six days in a row of mean daily temperature above 5Â°C and the occurrence of six days in a row of mean daily temperature below 5Â°C.,200,224,231,234,257
Digby,1203004,Consolidated Census Subdivision,gsl,Growing Season Length,days,The number of days in the season between the first occurrence of six days in a row of mean daily temperature above 5Â°C and the occurrence of six days in a row of mean daily temperature below 5Â°C.,212,241,256,253,284
East Hants,1208008,Consolidated Census Subdivision,gsl,Growing Season Length,days,The number of days in the season between the first occurrence of six days in a row of mean daily temperature above 5Â°C and the occurrence of six days in a row of mean daily temperature below 5Â°C.,206,232,241,242,268
Guysborough,1213004,Consolidated Census Subdivision,gsl,Growing Season Length,days,The number of days in the season between the first occurrence of six days in a row of mean daily temperature above 5Â°C and the occurrence of six days in a row of mean daily temperature below 5Â°C.,198,225,233,238,263
Halifax - Central,1209034B,Consolidated Census Subdivision,gsl,Growing Season Length,days,The number of days in the season between the first occurrence of six days in a row of mean daily temperature above 5Â°C and the occurrence of six days in a row of mean daily temperature below 5Â°C.,211,241,251,250,279
Halifax - East,1209034A,Consolidated Census Subdivision,gsl,Growing Season Length,days,The number of days in the season between the first occurrence of six days in a row of mean daily temperature above 5Â°C and the occurrence of six days in a row of mean daily temperature below 5Â°C.,205,232,242,243,270
Halifax - West,1209034C,Consolidated Census Subdivision,gsl,Growing Season Length,days,The number of days in the season between the first occurrence of six days in a row of mean daily temperature above 5Â°C and the occurrence of six days in a row of mean daily temperature below 5Â°C.,211,240,251,249,278
"Inverness, Subd. A",1215011,Consolidated Census Subdivision,gsl,Growing Season Length,days,The number of days in the season between the first occurrence of six days in a row of mean daily temperature above 5Â°C and the occurrence of six days in a row of mean daily temperature below 5Â°C.,181,205,214,214,244
"Inverness, Subd. B",1215006,Consolidated Census Subdivision,gsl,Growing Season Length,days,The number of days in the season between the first occurrence of six days in a row of mean daily temperature above 5Â°C and the occurrence of six days in a row of mean daily temperature below 5Â°C.,193,218,226,233,254
"Inverness, Subd. C",1215001,Consolidated Census Subdivision,gsl,Growing Season Length,days,The number of days in the season between the first occurrence of six days in a row of mean daily temperature above 5Â°C and the occurrence of six days in a row of mean daily temperature below 5Â°C.,195,223,230,235,259
"Kings, Subd. A",1207001,Consolidated Census Subdivision,gsl,Growing Season Length,days,The number of days in the season between the first occurrence of six days in a row of mean daily temperature above 5Â°C and the occurrence of six days in a row of mean daily temperature below 5Â°C.,204,231,241,240,268
"Kings, Subd. B",1207016,Consolidated Census Subdivision,gsl,Growing Season Length,days,The number of days in the season between the first occurrence of six days in a row of mean daily temperature above 5Â°C and the occurrence of six days in a row of mean daily temperature below 5Â°C.,206,233,243,242,268
"Kings, Subd. C",1207011,Consolidated Census Subdivision,gsl,Growing Season Length,days,The number of days in the season between the first occurrence of six days in a row of mean daily temperature above 5Â°C and the occurrence of six days in a row of mean daily temperature below 5Â°C.,203,229,239,239,266
"Kings, Subd. D",1207021,Consolidated Census Subdivision,gsl,Growing Season Length,days,The number of days in the season between the first occurrence of six days in a row of mean daily temperature above 5Â°C and the occurrence of six days in a row of mean daily temperature below 5Â°C.,206,231,241,241,268
Lunenburg,1206001,Consolidated Census Subdivision,gsl,Growing Season Length,days,The number of days in the season between the first occurrence of six days in a row of mean daily temperature above 5Â°C and the occurrence of six days in a row of mean daily temperature below 5Â°C.,211,240,252,252,281
"Pictou, Subd. A",1212001,Consolidated Census Subdivision,gsl,Growing Season Length,days,The number of days in the season between the first occurrence of six days in a row of mean daily temperature above 5Â°C and the occurrence of six days in a row of mean daily temperature below 5Â°C.,199,224,231,235,252
"Pictou, Subd. B",1212006,Consolidated Census Subdivision,gsl,Growing Season Length,days,The number of days in the season between the first occurrence of six days in a row of mean daily temperature above 5Â°C and the occurrence of six days in a row of mean daily temperature below 5Â°C.,198,223,229,234,253
"Pictou, Subd. C",1212011,Consolidated Census Subdivision,gsl,Growing Season Length,days,The number of days in the season between the first occurrence of six days in a row of mean daily temperature above 5Â°C and the occurrence of six days in a row of mean daily temperature below 5Â°C.,196,222,231,233,253
St. Mary's,1213001,Consolidated Census Subdivision,gsl,Growing Season Length,days,The number of days in the season between the first occurrence of six days in a row of mean daily temperature above 5Â°C and the occurrence of six days in a row of mean daily temperature below 5Â°C.,201,228,235,238,264
Sydney and Surrounds,1217030B,Consolidated Census Subdivision,gsl,Growing Season Length,days,The number of days in the season between the first occurrence of six days in a row of mean daily temperature above 5Â°C and the occurrence of six days in a row of mean daily temperature below 5Â°C.,198,225,234,236,260
West Hants,1208003,Consolidated Census Subdivision,gsl,Growing Season Length,days,The number of days in the season between the first occurrence of six days in a row of mean daily temperature above 5Â°C and the occurrence of six days in a row of mean daily temperature below 5Â°C.,206,234,243,244,269
Yarmouth,1202004,Consolidated Census Subdivision,gsl,Growing Season Length,days,The number of days in the season between the first occurrence of six days in a row of mean daily temperature above 5Â°C and the occurrence of six days in a row of mean daily temperature below 5Â°C.,221,254,266,266,298
Nova Scotia,12,Province,hdd18_ann,Heating Degree Days,degree days,"The accumulated total of degrees Celsius below 18Â°C mean temperature over the season. For any day below 18Â°C, the temperature that is accumulated is just the amount under 18Â°C. The direct analogue of Cooling Degree Days.","4,194","3,466","3,286","3,271","2,737"
Annapolis,1205,Census Division,hdd18_ann,Heating Degree Days,degree days,"The accumulated total of degrees Celsius below 18Â°C mean temperature over the season. For any day below 18Â°C, the temperature that is accumulated is just the amount under 18Â°C. The direct analogue of Cooling Degree Days.","4,107","3,364","3,175","3,133","2,634"
Antigonish,1214,Census Division,hdd18_ann,Heating Degree Days,degree days,"The accumulated total of degrees Celsius below 18Â°C mean temperature over the season. For any day below 18Â°C, the temperature that is accumulated is just the amount under 18Â°C. The direct analogue of Cooling Degree Days.","4,323","3,591","3,432","3,451","2,887"
Cape Breton,1217,Census Division,hdd18_ann,Heating Degree Days,degree days,"The accumulated total of degrees Celsius below 18Â°C mean temperature over the season. For any day below 18Â°C, the temperature that is accumulated is just the amount under 18Â°C. The direct analogue of Cooling Degree Days.","4,257","3,549","3,408","3,435","2,894"
Colchester,1210,Census Division,hdd18_ann,Heating Degree Days,degree days,"The accumulated total of degrees Celsius below 18Â°C mean temperature over the season. For any day below 18Â°C, the temperature that is accumulated is just the amount under 18Â°C. The direct analogue of Cooling Degree Days.","4,340","3,599","3,415","3,397","2,875"
Cumberland,1211,Census Division,hdd18_ann,Heating Degree Days,degree days,"The accumulated total of degrees Celsius below 18Â°C mean temperature over the season. For any day below 18Â°C, the temperature that is accumulated is just the amount under 18Â°C. The direct analogue of Cooling Degree Days.","4,349","3,605","3,399","3,367","2,874"
Digby,1203,Census Division,hdd18_ann,Heating Degree Days,degree days,"The accumulated total of degrees Celsius below 18Â°C mean temperature over the season. For any day below 18Â°C, the temperature that is accumulated is just the amount under 18Â°C. The direct analogue of Cooling Degree Days.","3,964","3,260","3,040","2,984","2,479"
Guysborough,1213,Census Division,hdd18_ann,Heating Degree Days,degree days,"The accumulated total of degrees Celsius below 18Â°C mean temperature over the season. For any day below 18Â°C, the temperature that is accumulated is just the amount under 18Â°C. The direct analogue of Cooling Degree Days.","4,277","3,532","3,378","3,393","2,829"
Halifax,1209,Census Division,hdd18_ann,Heating Degree Days,degree days,"The accumulated total of degrees Celsius below 18Â°C mean temperature over the season. For any day below 18Â°C, the temperature that is accumulated is just the amount under 18Â°C. The direct analogue of Cooling Degree Days.","4,143","3,400","3,238","3,223","2,690"
Hants,1208,Census Division,hdd18_ann,Heating Degree Days,degree days,"The accumulated total of degrees Celsius below 18Â°C mean temperature over the season. For any day below 18Â°C, the temperature that is accumulated is just the amount under 18Â°C. The direct analogue of Cooling Degree Days.","4,148","3,413","3,242","3,198","2,705"
Inverness,1215,Census Division,hdd18_ann,Heating Degree Days,degree days,"The accumulated total of degrees Celsius below 18Â°C mean temperature over the season. For any day below 18Â°C, the temperature that is accumulated is just the amount under 18Â°C. The direct analogue of Cooling Degree Days.","4,501","3,768","3,569","3,630","3,042"
Kings,1207,Census Division,hdd18_ann,Heating Degree Days,degree days,"The accumulated total of degrees Celsius below 18Â°C mean temperature over the season. For any day below 18Â°C, the temperature that is accumulated is just the amount under 18Â°C. The direct analogue of Cooling Degree Days.","4,178","3,440","3,243","3,215","2,718"
Lunenburg,1206,Census Division,hdd18_ann,Heating Degree Days,degree days,"The accumulated total of degrees Celsius below 18Â°C mean temperature over the season. For any day below 18Â°C, the temperature that is accumulated is just the amount under 18Â°C. The direct analogue of Cooling Degree Days.","4,013","3,292","3,137","3,081","2,590"
Pictou,1212,Census Division,hdd18_ann,Heating Degree Days,degree days,"The accumulated total of degrees Celsius below 18Â°C mean temperature over the season. For any day below 18Â°C, the temperature that is accumulated is just the amount under 18Â°C. The direct analogue of Cooling Degree Days.","4,365","3,629","3,457","3,464","2,916"
Queens,1204,Census Division / Consolidated Census Subdivision,hdd18_ann,Heating Degree Days,degree days,"The accumulated total of degrees Celsius below 18Â°C mean temperature over the season. For any day below 18Â°C, the temperature that is accumulated is just the amount under 18Â°C. The direct analogue of Cooling Degree Days.","3,932","3,253","3,078","3,011","2,510"
Richmond,1216,Census Division / Consolidated Census Subdivision,hdd18_ann,Heating Degree Days,degree days,"The accumulated total of degrees Celsius below 18Â°C mean temperature over the season. For any day below 18Â°C, the temperature that is accumulated is just the amount under 18Â°C. The direct analogue of Cooling Degree Days.","4,215","3,497","3,356","3,372","2,807"
Shelburne,1201,Census Division / Consolidated Census Subdivision,hdd18_ann,Heating Degree Days,degree days,"The accumulated total of degrees Celsius below 18Â°C mean temperature over the season. For any day below 18Â°C, the temperature that is accumulated is just the amount under 18Â°C. The direct analogue of Cooling Degree Days.","3,886","3,179","3,026","3,031","2,452"
Victoria,1218,Census Division / Consolidated Census Subdivision,hdd18_ann,Heating Degree Days,degree days,"The accumulated total of degrees Celsius below 18Â°C mean temperature over the season. For any day below 18Â°C, the temperature that is accumulated is just the amount under 18Â°C. The direct analogue of Cooling Degree Days.","4,587","3,854","3,643","3,716","3,134"
Yarmouth,1202,Census Division,hdd18_ann,Heating Degree Days,degree days,"The accumulated total of degrees Celsius below 18Â°C mean temperature over the season. For any day below 18Â°C, the temperature that is accumulated is just the amount under 18Â°C. The direct analogue of Cooling Degree Days.","3,882","3,162","3,004","2,949","2,430"
"Annapolis, Subd. A",1205004,Consolidated Census Subdivision,hdd18_ann,Heating Degree Days,degree days,"The accumulated total of degrees Celsius below 18Â°C mean temperature over the season. For any day below 18Â°C, the temperature that is accumulated is just the amount under 18Â°C. The direct analogue of Cooling Degree Days.","4,060","3,315","3,121","3,082","2,571"
"Annapolis, Subd. B",1205009,Consolidated Census Subdivision,hdd18_ann,Heating Degree Days,degree days,"The accumulated total of degrees Celsius below 18Â°C mean temperature over the season. For any day below 18Â°C, the temperature that is accumulated is just the amount under 18Â°C. The direct analogue of Cooling Degree Days.","4,122","3,382","3,178","3,150","2,643"
"Annapolis, Subd. C",1205014,Consolidated Census Subdivision,hdd18_ann,Heating Degree Days,degree days,"The accumulated total of degrees Celsius below 18Â°C mean temperature over the season. For any day below 18Â°C, the temperature that is accumulated is just the amount under 18Â°C. The direct analogue of Cooling Degree Days.","4,097","3,365","3,161","3,137","2,637"
"Annapolis, Subd. D",1205001,Consolidated Census Subdivision,hdd18_ann,Heating Degree Days,degree days,"The accumulated total of degrees Celsius below 18Â°C mean temperature over the season. For any day below 18Â°C, the temperature that is accumulated is just the amount under 18Â°C. The direct analogue of Cooling Degree Days.","4,119","3,375","3,194","3,146","2,646"
"Antigonish, Subd. A",1214001,Consolidated Census Subdivision,hdd18_ann,Heating Degree Days,degree days,"The accumulated total of degrees Celsius below 18Â°C mean temperature over the season. For any day below 18Â°C, the temperature that is accumulated is just the amount under 18Â°C. The direct analogue of Cooling Degree Days.","4,343","3,611","3,450","3,469","2,907"
"Antigonish, Subd. B",1214006,Consolidated Census Subdivision,hdd18_ann,Heating Degree Days,degree days,"The accumulated total of degrees Celsius below 18Â°C mean temperature over the season. For any day below 18Â°C, the temperature that is accumulated is just the amount under 18Â°C. The direct analogue of Cooling Degree Days.","4,286","3,556","3,399","3,420","2,852"
Argyle,1202001,Consolidated Census Subdivision,hdd18_ann,Heating Degree Days,degree days,"The accumulated total of degrees Celsius below 18Â°C mean temperature over the season. For any day below 18Â°C, the temperature that is accumulated is just the amount under 18Â°C. The direct analogue of Cooling Degree Days.","3,895","3,176","3,019","2,968","2,443"
Cape Breton - Outlying Areas,1217030A,Consolidated Census Subdivision,hdd18_ann,Heating Degree Days,degree days,"The accumulated total of degrees Celsius below 18Â°C mean temperature over the season. For any day below 18Â°C, the temperature that is accumulated is just the amount under 18Â°C. The direct analogue of Cooling Degree Days.","4,261","3,552","3,411","3,438","2,896"
Chester,1206009,Consolidated Census Subdivision,hdd18_ann,Heating Degree Days,degree days,"The accumulated total of degrees Celsius below 18Â°C mean temperature over the season. For any day below 18Â°C, the temperature that is accumulated is just the amount under 18Â°C. The direct analogue of Cooling Degree Days.","4,083","3,351","3,194","3,137","2,641"
Clare,1203001,Consolidated Census Subdivision,hdd18_ann,Heating Degree Days,degree days,"The accumulated total of degrees Celsius below 18Â°C mean temperature over the season. For any day below 18Â°C, the temperature that is accumulated is just the amount under 18Â°C. The direct analogue of Cooling Degree Days.","3,888","3,179","2,972","2,916","2,417"
"Colchester, Subd. A",1210012,Consolidated Census Subdivision,hdd18_ann,Heating Degree Days,degree days,"The accumulated total of degrees Celsius below 18Â°C mean temperature over the season. For any day below 18Â°C, the temperature that is accumulated is just the amount under 18Â°C. The direct analogue of Cooling Degree Days.","4,392","3,643","3,452","3,411","2,908"
"Colchester, Subd. B",1210008,Consolidated Census Subdivision,hdd18_ann,Heating Degree Days,degree days,"The accumulated total of degrees Celsius below 18Â°C mean temperature over the season. For any day below 18Â°C, the temperature that is accumulated is just the amount under 18Â°C. The direct analogue of Cooling Degree Days.","4,380","3,640","3,456","3,443","2,914"
"Colchester, Subd. C",1210001,Consolidated Census Subdivision,hdd18_ann,Heating Degree Days,degree days,"The accumulated total of degrees Celsius below 18Â°C mean temperature over the season. For any day below 18Â°C, the temperature that is accumulated is just the amount under 18Â°C. The direct analogue of Cooling Degree Days.","4,277","3,538","3,360","3,351","2,825"
"Cumberland, Subd. A",1211001,Consolidated Census Subdivision,hdd18_ann,Heating Degree Days,degree days,"The accumulated total of degrees Celsius below 18Â°C mean temperature over the season. For any day below 18Â°C, the temperature that is accumulated is just the amount under 18Â°C. The direct analogue of Cooling Degree Days.","4,315","3,562","3,362","3,330","2,825"
"Cumberland, Subd. B",1211006,Consolidated Census Subdivision,hdd18_ann,Heating Degree Days,degree days,"The accumulated total of degrees Celsius below 18Â°C mean temperature over the season. For any day below 18Â°C, the temperature that is accumulated is just the amount under 18Â°C. The direct analogue of Cooling Degree Days.","4,375","3,626","3,421","3,388","2,891"
"Cumberland, Subd. C",1211009,Consolidated Census Subdivision,hdd18_ann,Heating Degree Days,degree days,"The accumulated total of degrees Celsius below 18Â°C mean temperature over the season. For any day below 18Â°C, the temperature that is accumulated is just the amount under 18Â°C. The direct analogue of Cooling Degree Days.","4,349","3,611","3,402","3,369","2,886"
"Cumberland, Subd. D",1211014,Consolidated Census Subdivision,hdd18_ann,Heating Degree Days,degree days,"The accumulated total of degrees Celsius below 18Â°C mean temperature over the season. For any day below 18Â°C, the temperature that is accumulated is just the amount under 18Â°C. The direct analogue of Cooling Degree Days.","4,360","3,621","3,428","3,400","2,897"
Digby,1203004,Consolidated Census Subdivision,hdd18_ann,Heating Degree Days,degree days,"The accumulated total of degrees Celsius below 18Â°C mean temperature over the season. For any day below 18Â°C, the temperature that is accumulated is just the amount under 18Â°C. The direct analogue of Cooling Degree Days.","4,004","3,283","3,077","3,020","2,511"
East Hants,1208008,Consolidated Census Subdivision,hdd18_ann,Heating Degree Days,degree days,"The accumulated total of degrees Celsius below 18Â°C mean temperature over the season. For any day below 18Â°C, the temperature that is accumulated is just the amount under 18Â°C. The direct analogue of Cooling Degree Days.","4,167","3,430","3,259","3,215","2,722"
Guysborough,1213004,Consolidated Census Subdivision,hdd18_ann,Heating Degree Days,degree days,"The accumulated total of degrees Celsius below 18Â°C mean temperature over the season. For any day below 18Â°C, the temperature that is accumulated is just the amount under 18Â°C. The direct analogue of Cooling Degree Days.","4,273","3,530","3,386","3,397","2,831"
Halifax - Central,1209034B,Consolidated Census Subdivision,hdd18_ann,Heating Degree Days,degree days,"The accumulated total of degrees Celsius below 18Â°C mean temperature over the season. For any day below 18Â°C, the temperature that is accumulated is just the amount under 18Â°C. The direct analogue of Cooling Degree Days.","4,027","3,289","3,137","3,095","2,592"
Halifax - East,1209034A,Consolidated Census Subdivision,hdd18_ann,Heating Degree Days,degree days,"The accumulated total of degrees Celsius below 18Â°C mean temperature over the season. For any day below 18Â°C, the temperature that is accumulated is just the amount under 18Â°C. The direct analogue of Cooling Degree Days.","4,184","3,439","3,269","3,266","2,727"
Halifax - West,1209034C,Consolidated Census Subdivision,hdd18_ann,Heating Degree Days,degree days,"The accumulated total of degrees Celsius below 18Â°C mean temperature over the season. For any day below 18Â°C, the temperature that is accumulated is just the amount under 18Â°C. The direct analogue of Cooling Degree Days.","4,022","3,286","3,144","3,095","2,599"
"Inverness, Subd. A",1215011,Consolidated Census Subdivision,hdd18_ann,Heating Degree Days,degree days,"The accumulated total of degrees Celsius below 18Â°C mean temperature over the season. For any day below 18Â°C, the temperature that is accumulated is just the amount under 18Â°C. The direct analogue of Cooling Degree Days.","4,644","3,905","3,692","3,763","3,168"
"Inverness, Subd. B",1215006,Consolidated Census Subdivision,hdd18_ann,Heating Degree Days,degree days,"The accumulated total of degrees Celsius below 18Â°C mean temperature over the season. For any day below 18Â°C, the temperature that is accumulated is just the amount under 18Â°C. The direct analogue of Cooling Degree Days.","4,367","3,642","3,462","3,508","2,929"
"Inverness, Subd. C",1215001,Consolidated Census Subdivision,hdd18_ann,Heating Degree Days,degree days,"The accumulated total of degrees Celsius below 18Â°C mean temperature over the season. For any day below 18Â°C, the temperature that is accumulated is just the amount under 18Â°C. The direct analogue of Cooling Degree Days.","4,322","3,596","3,430","3,463","2,884"
"Kings, Subd. A",1207001,Consolidated Census Subdivision,hdd18_ann,Heating Degree Days,degree days,"The accumulated total of degrees Celsius below 18Â°C mean temperature over the season. For any day below 18Â°C, the temperature that is accumulated is just the amount under 18Â°C. The direct analogue of Cooling Degree Days.","4,177","3,439","3,240","3,212","2,715"
"Kings, Subd. B",1207016,Consolidated Census Subdivision,hdd18_ann,Heating Degree Days,degree days,"The accumulated total of degrees Celsius below 18Â°C mean temperature over the season. For any day below 18Â°C, the temperature that is accumulated is just the amount under 18Â°C. The direct analogue of Cooling Degree Days.","4,155","3,420","3,222","3,197","2,702"
"Kings, Subd. C",1207011,Consolidated Census Subdivision,hdd18_ann,Heating Degree Days,degree days,"The accumulated total of degrees Celsius below 18Â°C mean temperature over the season. For any day below 18Â°C, the temperature that is accumulated is just the amount under 18Â°C. The direct analogue of Cooling Degree Days.","4,218","3,476","3,286","3,251","2,752"
"Kings, Subd. D",1207021,Consolidated Census Subdivision,hdd18_ann,Heating Degree Days,degree days,"The accumulated total of degrees Celsius below 18Â°C mean temperature over the season. For any day below 18Â°C, the temperature that is accumulated is just the amount under 18Â°C. The direct analogue of Cooling Degree Days.","4,167","3,431","3,244","3,210","2,715"
Lunenburg,1206001,Consolidated Census Subdivision,hdd18_ann,Heating Degree Days,degree days,"The accumulated total of degrees Celsius below 18Â°C mean temperature over the season. For any day below 18Â°C, the temperature that is accumulated is just the amount under 18Â°C. The direct analogue of Cooling Degree Days.","3,972","3,283","3,102","3,054","2,559"
"Pictou, Subd. A",1212001,Consolidated Census Subdivision,hdd18_ann,Heating Degree Days,degree days,"The accumulated total of degrees Celsius below 18Â°C mean temperature over the season. For any day below 18Â°C, the temperature that is accumulated is just the amount under 18Â°C. The direct analogue of Cooling Degree Days.","4,342","3,613","3,436","3,437","2,897"
"Pictou, Subd. B",1212006,Consolidated Census Subdivision,hdd18_ann,Heating Degree Days,degree days,"The accumulated total of degrees Celsius below 18Â°C mean temperature over the season. For any day below 18Â°C, the temperature that is accumulated is just the amount under 18Â°C. The direct analogue of Cooling Degree Days.","4,368","3,628","3,454","3,460","2,913"
"Pictou, Subd. C",1212011,Consolidated Census Subdivision,hdd18_ann,Heating Degree Days,degree days,"The accumulated total of degrees Celsius below 18Â°C mean temperature over the season. For any day below 18Â°C, the temperature that is accumulated is just the amount under 18Â°C. The direct analogue of Cooling Degree Days.","4,378","3,640","3,472","3,485","2,929"
St. Mary's,1213001,Consolidated Census Subdivision,hdd18_ann,Heating Degree Days,degree days,"The accumulated total of degrees Celsius below 18Â°C mean temperature over the season. For any day below 18Â°C, the temperature that is accumulated is just the amount under 18Â°C. The direct analogue of Cooling Degree Days.","4,282","3,535","3,371","3,389","2,823"
Sydney and Surrounds,1217030B,Consolidated Census Subdivision,hdd18_ann,Heating Degree Days,degree days,"The accumulated total of degrees Celsius below 18Â°C mean temperature over the season. For any day below 18Â°C, the temperature that is accumulated is just the amount under 18Â°C. The direct analogue of Cooling Degree Days.","4,229","3,525","3,388","3,410","2,873"
West Hants,1208003,Consolidated Census Subdivision,hdd18_ann,Heating Degree Days,degree days,"The accumulated total of degrees Celsius below 18Â°C mean temperature over the season. For any day below 18Â°C, the temperature that is accumulated is just the amount under 18Â°C. The direct analogue of Cooling Degree Days.","4,122","3,390","3,219","3,173","2,681"
Yarmouth,1202004,Consolidated Census Subdivision,hdd18_ann,Heating Degree Days,degree days,"The accumulated total of degrees Celsius below 18Â°C mean temperature over the season. For any day below 18Â°C, the temperature that is accumulated is just the amount under 18Â°C. The direct analogue of Cooling Degree Days.","3,848","3,126","2,967","2,899","2,398"
Nova Scotia,12,Province,hwm,Heatwave Magnitude,Â°C,Magnitude of the most intensive heat wave per year (as defined in Heatwave Number).,25.8,26.5,26.8,26.8,28.1
Annapolis,1205,Census Division,hwm,Heatwave Magnitude,Â°C,Magnitude of the most intensive heat wave per year (as defined in Heatwave Number).,26.6,27.4,27.7,27.7,28.9
Antigonish,1214,Census Division,hwm,Heatwave Magnitude,Â°C,Magnitude of the most intensive heat wave per year (as defined in Heatwave Number).,26.3,27,27.3,27.4,28.5
Cape Breton,1217,Census Division,hwm,Heatwave Magnitude,Â°C,Magnitude of the most intensive heat wave per year (as defined in Heatwave Number).,25,25.9,26,26.2,27.2
Colchester,1210,Census Division,hwm,Heatwave Magnitude,Â°C,Magnitude of the most intensive heat wave per year (as defined in Heatwave Number).,27,27.9,28.2,28.2,29.4
Cumberland,1211,Census Division,hwm,Heatwave Magnitude,Â°C,Magnitude of the most intensive heat wave per year (as defined in Heatwave Number).,27,27.9,28.2,28.1,29.4
Digby,1203,Census Division,hwm,Heatwave Magnitude,Â°C,Magnitude of the most intensive heat wave per year (as defined in Heatwave Number).,24.5,25.3,25.5,25.6,27
Guysborough,1213,Census Division,hwm,Heatwave Magnitude,Â°C,Magnitude of the most intensive heat wave per year (as defined in Heatwave Number).,24.8,25.7,25.9,26,27.3
Halifax,1209,Census Division,hwm,Heatwave Magnitude,Â°C,Magnitude of the most intensive heat wave per year (as defined in Heatwave Number).,25.9,26.7,26.9,26.9,28.2
Hants,1208,Census Division,hwm,Heatwave Magnitude,Â°C,Magnitude of the most intensive heat wave per year (as defined in Heatwave Number).,27.2,28,28.3,28.3,29.6
Inverness,1215,Census Division,hwm,Heatwave Magnitude,Â°C,Magnitude of the most intensive heat wave per year (as defined in Heatwave Number).,25.3,26.1,26.3,26.4,27.5
Kings,1207,Census Division,hwm,Heatwave Magnitude,Â°C,Magnitude of the most intensive heat wave per year (as defined in Heatwave Number).,27.3,28.1,28.4,28.3,29.6
Lunenburg,1206,Census Division,hwm,Heatwave Magnitude,Â°C,Magnitude of the most intensive heat wave per year (as defined in Heatwave Number).,27.1,27.8,28,28,29.3
Pictou,1212,Census Division,hwm,Heatwave Magnitude,Â°C,Magnitude of the most intensive heat wave per year (as defined in Heatwave Number).,26.8,27.6,27.9,27.9,29.1
Queens,1204,Census Division / Consolidated Census Subdivision,hwm,Heatwave Magnitude,Â°C,Magnitude of the most intensive heat wave per year (as defined in Heatwave Number).,26.2,26.8,27,27,28.3
Richmond,1216,Census Division / Consolidated Census Subdivision,hwm,Heatwave Magnitude,Â°C,Magnitude of the most intensive heat wave per year (as defined in Heatwave Number).,24.5,25.4,25.5,25.7,26.9
Shelburne,1201,Census Division / Consolidated Census Subdivision,hwm,Heatwave Magnitude,Â°C,Magnitude of the most intensive heat wave per year (as defined in Heatwave Number).,23.8,24.5,24.6,24.7,26
Victoria,1218,Census Division / Consolidated Census Subdivision,hwm,Heatwave Magnitude,Â°C,Magnitude of the most intensive heat wave per year (as defined in Heatwave Number).,24.9,25.7,25.8,26,27.1
Yarmouth,1202,Census Division,hwm,Heatwave Magnitude,Â°C,Magnitude of the most intensive heat wave per year (as defined in Heatwave Number).,23.4,24.2,24.4,24.5,25.9
"Annapolis, Subd. A",1205004,Consolidated Census Subdivision,hwm,Heatwave Magnitude,Â°C,Magnitude of the most intensive heat wave per year (as defined in Heatwave Number).,26.1,26.9,27.2,27.2,28.5
"Annapolis, Subd. B",1205009,Consolidated Census Subdivision,hwm,Heatwave Magnitude,Â°C,Magnitude of the most intensive heat wave per year (as defined in Heatwave Number).,26.8,27.6,27.9,27.8,29.1
"Annapolis, Subd. C",1205014,Consolidated Census Subdivision,hwm,Heatwave Magnitude,Â°C,Magnitude of the most intensive heat wave per year (as defined in Heatwave Number).,27.3,28.1,28.4,28.3,29.6
"Annapolis, Subd. D",1205001,Consolidated Census Subdivision,hwm,Heatwave Magnitude,Â°C,Magnitude of the most intensive heat wave per year (as defined in Heatwave Number).,26.6,27.5,27.7,27.7,28.9
"Antigonish, Subd. A",1214001,Consolidated Census Subdivision,hwm,Heatwave Magnitude,Â°C,Magnitude of the most intensive heat wave per year (as defined in Heatwave Number).,26.5,27.2,27.5,27.6,28.7
"Antigonish, Subd. B",1214006,Consolidated Census Subdivision,hwm,Heatwave Magnitude,Â°C,Magnitude of the most intensive heat wave per year (as defined in Heatwave Number).,25.9,26.7,26.9,27.1,28.2
Argyle,1202001,Consolidated Census Subdivision,hwm,Heatwave Magnitude,Â°C,Magnitude of the most intensive heat wave per year (as defined in Heatwave Number).,23.5,24.3,24.5,24.6,26
Cape Breton - Outlying Areas,1217030A,Consolidated Census Subdivision,hwm,Heatwave Magnitude,Â°C,Magnitude of the most intensive heat wave per year (as defined in Heatwave Number).,24.9,25.8,25.9,26.1,27.2
Chester,1206009,Consolidated Census Subdivision,hwm,Heatwave Magnitude,Â°C,Magnitude of the most intensive heat wave per year (as defined in Heatwave Number).,27,27.8,28.1,28,29.3
Clare,1203001,Consolidated Census Subdivision,hwm,Heatwave Magnitude,Â°C,Magnitude of the most intensive heat wave per year (as defined in Heatwave Number).,23.8,24.6,24.9,24.9,26.4
"Colchester, Subd. A",1210012,Consolidated Census Subdivision,hwm,Heatwave Magnitude,Â°C,Magnitude of the most intensive heat wave per year (as defined in Heatwave Number).,26.9,27.8,28.1,28.1,29.3
"Colchester, Subd. B",1210008,Consolidated Census Subdivision,hwm,Heatwave Magnitude,Â°C,Magnitude of the most intensive heat wave per year (as defined in Heatwave Number).,27.2,28.1,28.3,28.3,29.5
"Colchester, Subd. C",1210001,Consolidated Census Subdivision,hwm,Heatwave Magnitude,Â°C,Magnitude of the most intensive heat wave per year (as defined in Heatwave Number).,27,27.9,28.1,28.1,29.4
"Cumberland, Subd. A",1211001,Consolidated Census Subdivision,hwm,Heatwave Magnitude,Â°C,Magnitude of the most intensive heat wave per year (as defined in Heatwave Number).,26.8,27.7,28,28,29.3
"Cumberland, Subd. B",1211006,Consolidated Census Subdivision,hwm,Heatwave Magnitude,Â°C,Magnitude of the most intensive heat wave per year (as defined in Heatwave Number).,26.9,27.8,28.1,28,29.3
"Cumberland, Subd. C",1211009,Consolidated Census Subdivision,hwm,Heatwave Magnitude,Â°C,Magnitude of the most intensive heat wave per year (as defined in Heatwave Number).,27.2,28.1,28.4,28.3,29.6
"Cumberland, Subd. D",1211014,Consolidated Census Subdivision,hwm,Heatwave Magnitude,Â°C,Magnitude of the most intensive heat wave per year (as defined in Heatwave Number).,27.2,28.1,28.4,28.4,29.6
Digby,1203004,Consolidated Census Subdivision,hwm,Heatwave Magnitude,Â°C,Magnitude of the most intensive heat wave per year (as defined in Heatwave Number).,24.8,25.7,25.9,25.9,27.3
East Hants,1208008,Consolidated Census Subdivision,hwm,Heatwave Magnitude,Â°C,Magnitude of the most intensive heat wave per year (as defined in Heatwave Number).,27.1,28,28.3,28.2,29.5
Guysborough,1213004,Consolidated Census Subdivision,hwm,Heatwave Magnitude,Â°C,Magnitude of the most intensive heat wave per year (as defined in Heatwave Number).,24.5,25.3,25.5,25.7,26.9
Halifax - Central,1209034B,Consolidated Census Subdivision,hwm,Heatwave Magnitude,Â°C,Magnitude of the most intensive heat wave per year (as defined in Heatwave Number).,26.3,27,27.3,27.2,28.6
Halifax - East,1209034A,Consolidated Census Subdivision,hwm,Heatwave Magnitude,Â°C,Magnitude of the most intensive heat wave per year (as defined in Heatwave Number).,25.8,26.6,26.8,26.8,28.1
Halifax - West,1209034C,Consolidated Census Subdivision,hwm,Heatwave Magnitude,Â°C,Magnitude of the most intensive heat wave per year (as defined in Heatwave Number).,26.4,27.2,27.4,27.3,28.6
"Inverness, Subd. A",1215011,Consolidated Census Subdivision,hwm,Heatwave Magnitude,Â°C,Magnitude of the most intensive heat wave per year (as defined in Heatwave Number).,24.9,25.7,25.9,26.1,27.1
"Inverness, Subd. B",1215006,Consolidated Census Subdivision,hwm,Heatwave Magnitude,Â°C,Magnitude of the most intensive heat wave per year (as defined in Heatwave Number).,26,26.8,27,27.1,28.2
"Inverness, Subd. C",1215001,Consolidated Census Subdivision,hwm,Heatwave Magnitude,Â°C,Magnitude of the most intensive heat wave per year (as defined in Heatwave Number).,25.5,26.3,26.5,26.7,27.8
"Kings, Subd. A",1207001,Consolidated Census Subdivision,hwm,Heatwave Magnitude,Â°C,Magnitude of the most intensive heat wave per year (as defined in Heatwave Number).,27.3,28.1,28.4,28.3,29.6
"Kings, Subd. B",1207016,Consolidated Census Subdivision,hwm,Heatwave Magnitude,Â°C,Magnitude of the most intensive heat wave per year (as defined in Heatwave Number).,27.3,28.2,28.5,28.4,29.7
"Kings, Subd. C",1207011,Consolidated Census Subdivision,hwm,Heatwave Magnitude,Â°C,Magnitude of the most intensive heat wave per year (as defined in Heatwave Number).,27.2,28,28.3,28.2,29.5
"Kings, Subd. D",1207021,Consolidated Census Subdivision,hwm,Heatwave Magnitude,Â°C,Magnitude of the most intensive heat wave per year (as defined in Heatwave Number).,27.3,28.1,28.5,28.4,29.7
Lunenburg,1206001,Consolidated Census Subdivision,hwm,Heatwave Magnitude,Â°C,Magnitude of the most intensive heat wave per year (as defined in Heatwave Number).,27.1,27.8,28,28,29.3
"Pictou, Subd. A",1212001,Consolidated Census Subdivision,hwm,Heatwave Magnitude,Â°C,Magnitude of the most intensive heat wave per year (as defined in Heatwave Number).,27.2,28.1,28.3,28.3,29.5
"Pictou, Subd. B",1212006,Consolidated Census Subdivision,hwm,Heatwave Magnitude,Â°C,Magnitude of the most intensive heat wave per year (as defined in Heatwave Number).,26.8,27.6,27.9,27.9,29.1
"Pictou, Subd. C",1212011,Consolidated Census Subdivision,hwm,Heatwave Magnitude,Â°C,Magnitude of the most intensive heat wave per year (as defined in Heatwave Number).,26.6,27.4,27.6,27.7,28.8
St. Mary's,1213001,Consolidated Census Subdivision,hwm,Heatwave Magnitude,Â°C,Magnitude of the most intensive heat wave per year (as defined in Heatwave Number).,25.3,26.1,26.3,26.4,27.7
Sydney and Surrounds,1217030B,Consolidated Census Subdivision,hwm,Heatwave Magnitude,Â°C,Magnitude of the most intensive heat wave per year (as defined in Heatwave Number).,25.4,26.3,26.4,26.6,27.6
West Hants,1208003,Consolidated Census Subdivision,hwm,Heatwave Magnitude,Â°C,Magnitude of the most intensive heat wave per year (as defined in Heatwave Number).,27.3,28.1,28.4,28.3,29.6
Yarmouth,1202004,Consolidated Census Subdivision,hwm,Heatwave Magnitude,Â°C,Magnitude of the most intensive heat wave per year (as defined in Heatwave Number).,23.3,24,24.3,24.4,25.8
Nova Scotia,12,Province,hwn,Heatwave Number,days,Total number of heatwave days in a year. A heat wave occurs when daily maximum temperatures exceed 25Â°C for three days.,0,1,2,3,15
Annapolis,1205,Census Division,hwn,Heatwave Number,days,Total number of heatwave days in a year. A heat wave occurs when daily maximum temperatures exceed 25Â°C for three days.,0,2,4,3,21
Antigonish,1214,Census Division,hwn,Heatwave Number,days,Total number of heatwave days in a year. A heat wave occurs when daily maximum temperatures exceed 25Â°C for three days.,0,2,2,3,15
Cape Breton,1217,Census Division,hwn,Heatwave Number,days,Total number of heatwave days in a year. A heat wave occurs when daily maximum temperatures exceed 25Â°C for three days.,0,1,1,1,6
Colchester,1210,Census Division,hwn,Heatwave Number,days,Total number of heatwave days in a year. A heat wave occurs when daily maximum temperatures exceed 25Â°C for three days.,0,3,5,5,24
Cumberland,1211,Census Division,hwn,Heatwave Number,days,Total number of heatwave days in a year. A heat wave occurs when daily maximum temperatures exceed 25Â°C for three days.,0,3,5,5,24
Digby,1203,Census Division,hwn,Heatwave Number,days,Total number of heatwave days in a year. A heat wave occurs when daily maximum temperatures exceed 25Â°C for three days.,0,0,0,0,3
Guysborough,1213,Census Division,hwn,Heatwave Number,days,Total number of heatwave days in a year. A heat wave occurs when daily maximum temperatures exceed 25Â°C for three days.,0,0,1,1,6
Halifax,1209,Census Division,hwn,Heatwave Number,days,Total number of heatwave days in a year. A heat wave occurs when daily maximum temperatures exceed 25Â°C for three days.,0,1,2,2,14
Hants,1208,Census Division,hwn,Heatwave Number,days,Total number of heatwave days in a year. A heat wave occurs when daily maximum temperatures exceed 25Â°C for three days.,0,3,6,6,25
Inverness,1215,Census Division,hwn,Heatwave Number,days,Total number of heatwave days in a year. A heat wave occurs when daily maximum temperatures exceed 25Â°C for three days.,0,1,1,2,10
Kings,1207,Census Division,hwn,Heatwave Number,days,Total number of heatwave days in a year. A heat wave occurs when daily maximum temperatures exceed 25Â°C for three days.,0,4,7,7,25
Lunenburg,1206,Census Division,hwn,Heatwave Number,days,Total number of heatwave days in a year. A heat wave occurs when daily maximum temperatures exceed 25Â°C for three days.,0,3,5,5,23
Pictou,1212,Census Division,hwn,Heatwave Number,days,Total number of heatwave days in a year. A heat wave occurs when daily maximum temperatures exceed 25Â°C for three days.,0,2,4,5,20
Queens,1204,Census Division / Consolidated Census Subdivision,hwn,Heatwave Number,days,Total number of heatwave days in a year. A heat wave occurs when daily maximum temperatures exceed 25Â°C for three days.,0,2,2,2,14
Richmond,1216,Census Division / Consolidated Census Subdivision,hwn,Heatwave Number,days,Total number of heatwave days in a year. A heat wave occurs when daily maximum temperatures exceed 25Â°C for three days.,0,0,0,1,4
Shelburne,1201,Census Division / Consolidated Census Subdivision,hwn,Heatwave Number,days,Total number of heatwave days in a year. A heat wave occurs when daily maximum temperatures exceed 25Â°C for three days.,0,0,0,0,1
Victoria,1218,Census Division / Consolidated Census Subdivision,hwn,Heatwave Number,days,Total number of heatwave days in a year. A heat wave occurs when daily maximum temperatures exceed 25Â°C for three days.,0,1,1,1,7
Yarmouth,1202,Census Division,hwn,Heatwave Number,days,Total number of heatwave days in a year. A heat wave occurs when daily maximum temperatures exceed 25Â°C for three days.,0,0,0,0,1
"Annapolis, Subd. A",1205004,Consolidated Census Subdivision,hwn,Heatwave Number,days,Total number of heatwave days in a year. A heat wave occurs when daily maximum temperatures exceed 25Â°C for three days.,0,1,2,2,17
"Annapolis, Subd. B",1205009,Consolidated Census Subdivision,hwn,Heatwave Number,days,Total number of heatwave days in a year. A heat wave occurs when daily maximum temperatures exceed 25Â°C for three days.,0,2,4,5,23
"Annapolis, Subd. C",1205014,Consolidated Census Subdivision,hwn,Heatwave Number,days,Total number of heatwave days in a year. A heat wave occurs when daily maximum temperatures exceed 25Â°C for three days.,0,3,6,7,26
"Annapolis, Subd. D",1205001,Consolidated Census Subdivision,hwn,Heatwave Number,days,Total number of heatwave days in a year. A heat wave occurs when daily maximum temperatures exceed 25Â°C for three days.,0,2,4,4,21
"Antigonish, Subd. A",1214001,Consolidated Census Subdivision,hwn,Heatwave Number,days,Total number of heatwave days in a year. A heat wave occurs when daily maximum temperatures exceed 25Â°C for three days.,0,2,3,4,17
"Antigonish, Subd. B",1214006,Consolidated Census Subdivision,hwn,Heatwave Number,days,Total number of heatwave days in a year. A heat wave occurs when daily maximum temperatures exceed 25Â°C for three days.,0,1,2,2,14
Argyle,1202001,Consolidated Census Subdivision,hwn,Heatwave Number,days,Total number of heatwave days in a year. A heat wave occurs when daily maximum temperatures exceed 25Â°C for three days.,0,0,0,0,1
Cape Breton - Outlying Areas,1217030A,Consolidated Census Subdivision,hwn,Heatwave Number,days,Total number of heatwave days in a year. A heat wave occurs when daily maximum temperatures exceed 25Â°C for three days.,0,0,1,1,6
Chester,1206009,Consolidated Census Subdivision,hwn,Heatwave Number,days,Total number of heatwave days in a year. A heat wave occurs when daily maximum temperatures exceed 25Â°C for three days.,0,3,5,5,23
Clare,1203001,Consolidated Census Subdivision,hwn,Heatwave Number,days,Total number of heatwave days in a year. A heat wave occurs when daily maximum temperatures exceed 25Â°C for three days.,0,0,0,0,1
"Colchester, Subd. A",1210012,Consolidated Census Subdivision,hwn,Heatwave Number,days,Total number of heatwave days in a year. A heat wave occurs when daily maximum temperatures exceed 25Â°C for three days.,0,3,5,5,22
"Colchester, Subd. B",1210008,Consolidated Census Subdivision,hwn,Heatwave Number,days,Total number of heatwave days in a year. A heat wave occurs when daily maximum temperatures exceed 25Â°C for three days.,0,3,6,6,24
"Colchester, Subd. C",1210001,Consolidated Census Subdivision,hwn,Heatwave Number,days,Total number of heatwave days in a year. A heat wave occurs when daily maximum temperatures exceed 25Â°C for three days.,0,3,5,5,23
"Cumberland, Subd. A",1211001,Consolidated Census Subdivision,hwn,Heatwave Number,days,Total number of heatwave days in a year. A heat wave occurs when daily maximum temperatures exceed 25Â°C for three days.,0,3,5,4,22
"Cumberland, Subd. B",1211006,Consolidated Census Subdivision,hwn,Heatwave Number,days,Total number of heatwave days in a year. A heat wave occurs when daily maximum temperatures exceed 25Â°C for three days.,0,3,5,5,22
"Cumberland, Subd. C",1211009,Consolidated Census Subdivision,hwn,Heatwave Number,days,Total number of heatwave days in a year. A heat wave occurs when daily maximum temperatures exceed 25Â°C for three days.,0,4,6,7,26
"Cumberland, Subd. D",1211014,Consolidated Census Subdivision,hwn,Heatwave Number,days,Total number of heatwave days in a year. A heat wave occurs when daily maximum temperatures exceed 25Â°C for three days.,0,4,6,7,26
Digby,1203004,Consolidated Census Subdivision,hwn,Heatwave Number,days,Total number of heatwave days in a year. A heat wave occurs when daily maximum temperatures exceed 25Â°C for three days.,0,0,1,0,5
East Hants,1208008,Consolidated Census Subdivision,hwn,Heatwave Number,days,Total number of heatwave days in a year. A heat wave occurs when daily maximum temperatures exceed 25Â°C for three days.,0,3,6,6,25
Guysborough,1213004,Consolidated Census Subdivision,hwn,Heatwave Number,days,Total number of heatwave days in a year. A heat wave occurs when daily maximum temperatures exceed 25Â°C for three days.,0,0,0,1,4
Halifax - Central,1209034B,Consolidated Census Subdivision,hwn,Heatwave Number,days,Total number of heatwave days in a year. A heat wave occurs when daily maximum temperatures exceed 25Â°C for three days.,0,2,3,3,16
Halifax - East,1209034A,Consolidated Census Subdivision,hwn,Heatwave Number,days,Total number of heatwave days in a year. A heat wave occurs when daily maximum temperatures exceed 25Â°C for three days.,0,1,1,2,13
Halifax - West,1209034C,Consolidated Census Subdivision,hwn,Heatwave Number,days,Total number of heatwave days in a year. A heat wave occurs when daily maximum temperatures exceed 25Â°C for three days.,0,2,3,3,17
"Inverness, Subd. A",1215011,Consolidated Census Subdivision,hwn,Heatwave Number,days,Total number of heatwave days in a year. A heat wave occurs when daily maximum temperatures exceed 25Â°C for three days.,0,1,1,1,8
"Inverness, Subd. B",1215006,Consolidated Census Subdivision,hwn,Heatwave Number,days,Total number of heatwave days in a year. A heat wave occurs when daily maximum temperatures exceed 25Â°C for three days.,0,2,2,3,14
"Inverness, Subd. C",1215001,Consolidated Census Subdivision,hwn,Heatwave Number,days,Total number of heatwave days in a year. A heat wave occurs when daily maximum temperatures exceed 25Â°C for three days.,0,1,1,2,11
"Kings, Subd. A",1207001,Consolidated Census Subdivision,hwn,Heatwave Number,days,Total number of heatwave days in a year. A heat wave occurs when daily maximum temperatures exceed 25Â°C for three days.,0,4,7,6,25
"Kings, Subd. B",1207016,Consolidated Census Subdivision,hwn,Heatwave Number,days,Total number of heatwave days in a year. A heat wave occurs when daily maximum temperatures exceed 25Â°C for three days.,0,4,7,7,27
"Kings, Subd. C",1207011,Consolidated Census Subdivision,hwn,Heatwave Number,days,Total number of heatwave days in a year. A heat wave occurs when daily maximum temperatures exceed 25Â°C for three days.,0,3,6,6,24
"Kings, Subd. D",1207021,Consolidated Census Subdivision,hwn,Heatwave Number,days,Total number of heatwave days in a year. A heat wave occurs when daily maximum temperatures exceed 25Â°C for three days.,0,4,6,7,26
Lunenburg,1206001,Consolidated Census Subdivision,hwn,Heatwave Number,days,Total number of heatwave days in a year. A heat wave occurs when daily maximum temperatures exceed 25Â°C for three days.,0,3,5,5,23
"Pictou, Subd. A",1212001,Consolidated Census Subdivision,hwn,Heatwave Number,days,Total number of heatwave days in a year. A heat wave occurs when daily maximum temperatures exceed 25Â°C for three days.,0,4,6,6,24
"Pictou, Subd. B",1212006,Consolidated Census Subdivision,hwn,Heatwave Number,days,Total number of heatwave days in a year. A heat wave occurs when daily maximum temperatures exceed 25Â°C for three days.,0,2,4,5,20
"Pictou, Subd. C",1212011,Consolidated Census Subdivision,hwn,Heatwave Number,days,Total number of heatwave days in a year. A heat wave occurs when daily maximum temperatures exceed 25Â°C for three days.,0,2,3,4,19
St. Mary's,1213001,Consolidated Census Subdivision,hwn,Heatwave Number,days,Total number of heatwave days in a year. A heat wave occurs when daily maximum temperatures exceed 25Â°C for three days.,0,1,1,1,9
Sydney and Surrounds,1217030B,Consolidated Census Subdivision,hwn,Heatwave Number,days,Total number of heatwave days in a year. A heat wave occurs when daily maximum temperatures exceed 25Â°C for three days.,0,1,2,2,9
West Hants,1208003,Consolidated Census Subdivision,hwn,Heatwave Number,days,Total number of heatwave days in a year. A heat wave occurs when daily maximum temperatures exceed 25Â°C for three days.,0,3,6,6,26
Yarmouth,1202004,Consolidated Census Subdivision,hwn,Heatwave Number,days,Total number of heatwave days in a year. A heat wave occurs when daily maximum temperatures exceed 25Â°C for three days.,0,0,0,0,1
Nova Scotia,12,Province,id_win,Ice Days (Winter),days,The number of days in winter that the maximum daily temperature was below 0Â°C.,40,27,20,20,11
Annapolis,1205,Census Division,id_win,Ice Days (Winter),days,The number of days in winter that the maximum daily temperature was below 0Â°C.,40,26,20,20,10
Antigonish,1214,Census Division,id_win,Ice Days (Winter),days,The number of days in winter that the maximum daily temperature was below 0Â°C.,44,30,24,24,14
Cape Breton,1217,Census Division,id_win,Ice Days (Winter),days,The number of days in winter that the maximum daily temperature was below 0Â°C.,39,23,18,20,10
Colchester,1210,Census Division,id_win,Ice Days (Winter),days,The number of days in winter that the maximum daily temperature was below 0Â°C.,46,32,26,25,16
Cumberland,1211,Census Division,id_win,Ice Days (Winter),days,The number of days in winter that the maximum daily temperature was below 0Â°C.,48,35,28,27,16
Digby,1203,Census Division,id_win,Ice Days (Winter),days,The number of days in winter that the maximum daily temperature was below 0Â°C.,34,20,15,15,6
Guysborough,1213,Census Division,id_win,Ice Days (Winter),days,The number of days in winter that the maximum daily temperature was below 0Â°C.,39,24,19,20,11
Halifax,1209,Census Division,id_win,Ice Days (Winter),days,The number of days in winter that the maximum daily temperature was below 0Â°C.,38,24,18,17,9
Hants,1208,Census Division,id_win,Ice Days (Winter),days,The number of days in winter that the maximum daily temperature was below 0Â°C.,41,27,22,21,11
Inverness,1215,Census Division,id_win,Ice Days (Winter),days,The number of days in winter that the maximum daily temperature was below 0Â°C.,47,32,27,28,16
Kings,1207,Census Division,id_win,Ice Days (Winter),days,The number of days in winter that the maximum daily temperature was below 0Â°C.,43,29,22,22,12
Lunenburg,1206,Census Division,id_win,Ice Days (Winter),days,The number of days in winter that the maximum daily temperature was below 0Â°C.,37,23,17,16,8
Pictou,1212,Census Division,id_win,Ice Days (Winter),days,The number of days in winter that the maximum daily temperature was below 0Â°C.,46,32,26,26,16
Queens,1204,Census Division / Consolidated Census Subdivision,id_win,Ice Days (Winter),days,The number of days in winter that the maximum daily temperature was below 0Â°C.,32,19,13,14,6
Richmond,1216,Census Division / Consolidated Census Subdivision,id_win,Ice Days (Winter),days,The number of days in winter that the maximum daily temperature was below 0Â°C.,38,23,18,19,10
Shelburne,1201,Census Division / Consolidated Census Subdivision,id_win,Ice Days (Winter),days,The number of days in winter that the maximum daily temperature was below 0Â°C.,27,16,11,12,3
Victoria,1218,Census Division / Consolidated Census Subdivision,id_win,Ice Days (Winter),days,The number of days in winter that the maximum daily temperature was below 0Â°C.,49,33,27,28,16
Yarmouth,1202,Census Division,id_win,Ice Days (Winter),days,The number of days in winter that the maximum daily temperature was below 0Â°C.,29,17,11,13,3
"Annapolis, Subd. A",1205004,Consolidated Census Subdivision,id_win,Ice Days (Winter),days,The number of days in winter that the maximum daily temperature was below 0Â°C.,39,25,19,19,9
"Annapolis, Subd. B",1205009,Consolidated Census Subdivision,id_win,Ice Days (Winter),days,The number of days in winter that the maximum daily temperature was below 0Â°C.,42,28,21,21,11
"Annapolis, Subd. C",1205014,Consolidated Census Subdivision,id_win,Ice Days (Winter),days,The number of days in winter that the maximum daily temperature was below 0Â°C.,42,28,22,21,11
"Annapolis, Subd. D",1205001,Consolidated Census Subdivision,id_win,Ice Days (Winter),days,The number of days in winter that the maximum daily temperature was below 0Â°C.,40,26,20,19,10
"Antigonish, Subd. A",1214001,Consolidated Census Subdivision,id_win,Ice Days (Winter),days,The number of days in winter that the maximum daily temperature was below 0Â°C.,45,31,25,25,15
"Antigonish, Subd. B",1214006,Consolidated Census Subdivision,id_win,Ice Days (Winter),days,The number of days in winter that the maximum daily temperature was below 0Â°C.,42,28,22,23,13
Argyle,1202001,Consolidated Census Subdivision,id_win,Ice Days (Winter),days,The number of days in winter that the maximum daily temperature was below 0Â°C.,29,17,11,13,3
Cape Breton - Outlying Areas,1217030A,Consolidated Census Subdivision,id_win,Ice Days (Winter),days,The number of days in winter that the maximum daily temperature was below 0Â°C.,39,23,18,20,10
Chester,1206009,Consolidated Census Subdivision,id_win,Ice Days (Winter),days,The number of days in winter that the maximum daily temperature was below 0Â°C.,39,25,18,18,9
Clare,1203001,Consolidated Census Subdivision,id_win,Ice Days (Winter),days,The number of days in winter that the maximum daily temperature was below 0Â°C.,31,18,13,13,4
"Colchester, Subd. A",1210012,Consolidated Census Subdivision,id_win,Ice Days (Winter),days,The number of days in winter that the maximum daily temperature was below 0Â°C.,48,34,28,27,15
"Colchester, Subd. B",1210008,Consolidated Census Subdivision,id_win,Ice Days (Winter),days,The number of days in winter that the maximum daily temperature was below 0Â°C.,47,34,28,27,17
"Colchester, Subd. C",1210001,Consolidated Census Subdivision,id_win,Ice Days (Winter),days,The number of days in winter that the maximum daily temperature was below 0Â°C.,43,29,24,23,14
"Cumberland, Subd. A",1211001,Consolidated Census Subdivision,id_win,Ice Days (Winter),days,The number of days in winter that the maximum daily temperature was below 0Â°C.,47,33,26,25,15
"Cumberland, Subd. B",1211006,Consolidated Census Subdivision,id_win,Ice Days (Winter),days,The number of days in winter that the maximum daily temperature was below 0Â°C.,48,35,28,27,16
"Cumberland, Subd. C",1211009,Consolidated Census Subdivision,id_win,Ice Days (Winter),days,The number of days in winter that the maximum daily temperature was below 0Â°C.,50,36,29,28,17
"Cumberland, Subd. D",1211014,Consolidated Census Subdivision,id_win,Ice Days (Winter),days,The number of days in winter that the maximum daily temperature was below 0Â°C.,48,35,29,27,17
Digby,1203004,Consolidated Census Subdivision,id_win,Ice Days (Winter),days,The number of days in winter that the maximum daily temperature was below 0Â°C.,36,22,16,16,6
East Hants,1208008,Consolidated Census Subdivision,id_win,Ice Days (Winter),days,The number of days in winter that the maximum daily temperature was below 0Â°C.,41,27,22,21,11
Guysborough,1213004,Consolidated Census Subdivision,id_win,Ice Days (Winter),days,The number of days in winter that the maximum daily temperature was below 0Â°C.,39,24,19,20,10
Halifax - Central,1209034B,Consolidated Census Subdivision,id_win,Ice Days (Winter),days,The number of days in winter that the maximum daily temperature was below 0Â°C.,36,22,17,16,8
Halifax - East,1209034A,Consolidated Census Subdivision,id_win,Ice Days (Winter),days,The number of days in winter that the maximum daily temperature was below 0Â°C.,38,24,19,18,10
Halifax - West,1209034C,Consolidated Census Subdivision,id_win,Ice Days (Winter),days,The number of days in winter that the maximum daily temperature was below 0Â°C.,36,22,16,16,8
"Inverness, Subd. A",1215011,Consolidated Census Subdivision,id_win,Ice Days (Winter),days,The number of days in winter that the maximum daily temperature was below 0Â°C.,51,35,31,30,18
"Inverness, Subd. B",1215006,Consolidated Census Subdivision,id_win,Ice Days (Winter),days,The number of days in winter that the maximum daily temperature was below 0Â°C.,45,30,25,26,15
"Inverness, Subd. C",1215001,Consolidated Census Subdivision,id_win,Ice Days (Winter),days,The number of days in winter that the maximum daily temperature was below 0Â°C.,43,28,23,24,13
"Kings, Subd. A",1207001,Consolidated Census Subdivision,id_win,Ice Days (Winter),days,The number of days in winter that the maximum daily temperature was below 0Â°C.,43,29,23,22,12
"Kings, Subd. B",1207016,Consolidated Census Subdivision,id_win,Ice Days (Winter),days,The number of days in winter that the maximum daily temperature was below 0Â°C.,43,29,22,22,12
"Kings, Subd. C",1207011,Consolidated Census Subdivision,id_win,Ice Days (Winter),days,The number of days in winter that the maximum daily temperature was below 0Â°C.,43,30,23,22,12
"Kings, Subd. D",1207021,Consolidated Census Subdivision,id_win,Ice Days (Winter),days,The number of days in winter that the maximum daily temperature was below 0Â°C.,42,29,22,22,11
Lunenburg,1206001,Consolidated Census Subdivision,id_win,Ice Days (Winter),days,The number of days in winter that the maximum daily temperature was below 0Â°C.,35,22,16,16,7
"Pictou, Subd. A",1212001,Consolidated Census Subdivision,id_win,Ice Days (Winter),days,The number of days in winter that the maximum daily temperature was below 0Â°C.,47,34,27,27,17
"Pictou, Subd. B",1212006,Consolidated Census Subdivision,id_win,Ice Days (Winter),days,The number of days in winter that the maximum daily temperature was below 0Â°C.,45,32,26,25,16
"Pictou, Subd. C",1212011,Consolidated Census Subdivision,id_win,Ice Days (Winter),days,The number of days in winter that the maximum daily temperature was below 0Â°C.,45,32,26,25,16
St. Mary's,1213001,Consolidated Census Subdivision,id_win,Ice Days (Winter),days,The number of days in winter that the maximum daily temperature was below 0Â°C.,40,25,20,21,11
Sydney and Surrounds,1217030B,Consolidated Census Subdivision,id_win,Ice Days (Winter),days,The number of days in winter that the maximum daily temperature was below 0Â°C.,39,23,19,20,10
West Hants,1208003,Consolidated Census Subdivision,id_win,Ice Days (Winter),days,The number of days in winter that the maximum daily temperature was below 0Â°C.,41,27,20,20,11
Yarmouth,1202004,Consolidated Census Subdivision,id_win,Ice Days (Winter),days,The number of days in winter that the maximum daily temperature was below 0Â°C.,28,16,11,13,3
Nova Scotia,12,Province,id_win_ext,Ice Days (Winter-extended),days,The number of days in winter (extended) that the maximum daily temperature was below 0Â°C.,41,27,20,20,11
Annapolis,1205,Census Division,id_win_ext,Ice Days (Winter-extended),days,The number of days in winter (extended) that the maximum daily temperature was below 0Â°C.,42,26,20,20,10
Antigonish,1214,Census Division,id_win_ext,Ice Days (Winter-extended),days,The number of days in winter (extended) that the maximum daily temperature was below 0Â°C.,45,30,24,25,14
Cape Breton,1217,Census Division,id_win_ext,Ice Days (Winter-extended),days,The number of days in winter (extended) that the maximum daily temperature was below 0Â°C.,40,23,18,20,10
Colchester,1210,Census Division,id_win_ext,Ice Days (Winter-extended),days,The number of days in winter (extended) that the maximum daily temperature was below 0Â°C.,48,33,26,25,16
Cumberland,1211,Census Division,id_win_ext,Ice Days (Winter-extended),days,The number of days in winter (extended) that the maximum daily temperature was below 0Â°C.,50,35,28,27,16
Digby,1203,Census Division,id_win_ext,Ice Days (Winter-extended),days,The number of days in winter (extended) that the maximum daily temperature was below 0Â°C.,35,20,15,15,6
Guysborough,1213,Census Division,id_win_ext,Ice Days (Winter-extended),days,The number of days in winter (extended) that the maximum daily temperature was below 0Â°C.,40,24,19,20,11
Halifax,1209,Census Division,id_win_ext,Ice Days (Winter-extended),days,The number of days in winter (extended) that the maximum daily temperature was below 0Â°C.,38,24,18,17,9
Hants,1208,Census Division,id_win_ext,Ice Days (Winter-extended),days,The number of days in winter (extended) that the maximum daily temperature was below 0Â°C.,43,27,22,21,11
Inverness,1215,Census Division,id_win_ext,Ice Days (Winter-extended),days,The number of days in winter (extended) that the maximum daily temperature was below 0Â°C.,49,32,27,28,16
Kings,1207,Census Division,id_win_ext,Ice Days (Winter-extended),days,The number of days in winter (extended) that the maximum daily temperature was below 0Â°C.,44,29,22,22,12
Lunenburg,1206,Census Division,id_win_ext,Ice Days (Winter-extended),days,The number of days in winter (extended) that the maximum daily temperature was below 0Â°C.,37,23,17,16,8
Pictou,1212,Census Division,id_win_ext,Ice Days (Winter-extended),days,The number of days in winter (extended) that the maximum daily temperature was below 0Â°C.,47,33,26,26,16
Queens,1204,Census Division / Consolidated Census Subdivision,id_win_ext,Ice Days (Winter-extended),days,The number of days in winter (extended) that the maximum daily temperature was below 0Â°C.,33,19,13,14,6
Richmond,1216,Census Division / Consolidated Census Subdivision,id_win_ext,Ice Days (Winter-extended),days,The number of days in winter (extended) that the maximum daily temperature was below 0Â°C.,38,23,18,19,10
Shelburne,1201,Census Division / Consolidated Census Subdivision,id_win_ext,Ice Days (Winter-extended),days,The number of days in winter (extended) that the maximum daily temperature was below 0Â°C.,27,16,11,12,3
Victoria,1218,Census Division / Consolidated Census Subdivision,id_win_ext,Ice Days (Winter-extended),days,The number of days in winter (extended) that the maximum daily temperature was below 0Â°C.,50,33,27,28,16
Yarmouth,1202,Census Division,id_win_ext,Ice Days (Winter-extended),days,The number of days in winter (extended) that the maximum daily temperature was below 0Â°C.,29,17,11,13,3
"Annapolis, Subd. A",1205004,Consolidated Census Subdivision,id_win_ext,Ice Days (Winter-extended),days,The number of days in winter (extended) that the maximum daily temperature was below 0Â°C.,40,25,19,19,9
"Annapolis, Subd. B",1205009,Consolidated Census Subdivision,id_win_ext,Ice Days (Winter-extended),days,The number of days in winter (extended) that the maximum daily temperature was below 0Â°C.,43,28,22,21,11
"Annapolis, Subd. C",1205014,Consolidated Census Subdivision,id_win_ext,Ice Days (Winter-extended),days,The number of days in winter (extended) that the maximum daily temperature was below 0Â°C.,43,28,22,21,11
"Annapolis, Subd. D",1205001,Consolidated Census Subdivision,id_win_ext,Ice Days (Winter-extended),days,The number of days in winter (extended) that the maximum daily temperature was below 0Â°C.,42,26,20,19,10
"Antigonish, Subd. A",1214001,Consolidated Census Subdivision,id_win_ext,Ice Days (Winter-extended),days,The number of days in winter (extended) that the maximum daily temperature was below 0Â°C.,46,31,25,25,15
"Antigonish, Subd. B",1214006,Consolidated Census Subdivision,id_win_ext,Ice Days (Winter-extended),days,The number of days in winter (extended) that the maximum daily temperature was below 0Â°C.,43,28,22,23,13
Argyle,1202001,Consolidated Census Subdivision,id_win_ext,Ice Days (Winter-extended),days,The number of days in winter (extended) that the maximum daily temperature was below 0Â°C.,29,17,11,13,3
Cape Breton - Outlying Areas,1217030A,Consolidated Census Subdivision,id_win_ext,Ice Days (Winter-extended),days,The number of days in winter (extended) that the maximum daily temperature was below 0Â°C.,40,23,18,20,10
Chester,1206009,Consolidated Census Subdivision,id_win_ext,Ice Days (Winter-extended),days,The number of days in winter (extended) that the maximum daily temperature was below 0Â°C.,40,25,18,18,9
Clare,1203001,Consolidated Census Subdivision,id_win_ext,Ice Days (Winter-extended),days,The number of days in winter (extended) that the maximum daily temperature was below 0Â°C.,32,18,13,13,4
"Colchester, Subd. A",1210012,Consolidated Census Subdivision,id_win_ext,Ice Days (Winter-extended),days,The number of days in winter (extended) that the maximum daily temperature was below 0Â°C.,50,35,28,27,15
"Colchester, Subd. B",1210008,Consolidated Census Subdivision,id_win_ext,Ice Days (Winter-extended),days,The number of days in winter (extended) that the maximum daily temperature was below 0Â°C.,49,35,28,27,17
"Colchester, Subd. C",1210001,Consolidated Census Subdivision,id_win_ext,Ice Days (Winter-extended),days,The number of days in winter (extended) that the maximum daily temperature was below 0Â°C.,45,29,24,23,14
"Cumberland, Subd. A",1211001,Consolidated Census Subdivision,id_win_ext,Ice Days (Winter-extended),days,The number of days in winter (extended) that the maximum daily temperature was below 0Â°C.,49,34,26,25,15
"Cumberland, Subd. B",1211006,Consolidated Census Subdivision,id_win_ext,Ice Days (Winter-extended),days,The number of days in winter (extended) that the maximum daily temperature was below 0Â°C.,50,35,29,27,16
"Cumberland, Subd. C",1211009,Consolidated Census Subdivision,id_win_ext,Ice Days (Winter-extended),days,The number of days in winter (extended) that the maximum daily temperature was below 0Â°C.,52,36,30,28,17
"Cumberland, Subd. D",1211014,Consolidated Census Subdivision,id_win_ext,Ice Days (Winter-extended),days,The number of days in winter (extended) that the maximum daily temperature was below 0Â°C.,50,35,29,27,17
Digby,1203004,Consolidated Census Subdivision,id_win_ext,Ice Days (Winter-extended),days,The number of days in winter (extended) that the maximum daily temperature was below 0Â°C.,36,22,16,16,6
East Hants,1208008,Consolidated Census Subdivision,id_win_ext,Ice Days (Winter-extended),days,The number of days in winter (extended) that the maximum daily temperature was below 0Â°C.,43,27,23,21,11
Guysborough,1213004,Consolidated Census Subdivision,id_win_ext,Ice Days (Winter-extended),days,The number of days in winter (extended) that the maximum daily temperature was below 0Â°C.,40,24,19,20,10
Halifax - Central,1209034B,Consolidated Census Subdivision,id_win_ext,Ice Days (Winter-extended),days,The number of days in winter (extended) that the maximum daily temperature was below 0Â°C.,36,22,17,16,8
Halifax - East,1209034A,Consolidated Census Subdivision,id_win_ext,Ice Days (Winter-extended),days,The number of days in winter (extended) that the maximum daily temperature was below 0Â°C.,39,24,19,18,10
Halifax - West,1209034C,Consolidated Census Subdivision,id_win_ext,Ice Days (Winter-extended),days,The number of days in winter (extended) that the maximum daily temperature was below 0Â°C.,36,22,16,16,8
"Inverness, Subd. A",1215011,Consolidated Census Subdivision,id_win_ext,Ice Days (Winter-extended),days,The number of days in winter (extended) that the maximum daily temperature was below 0Â°C.,53,35,31,30,18
"Inverness, Subd. B",1215006,Consolidated Census Subdivision,id_win_ext,Ice Days (Winter-extended),days,The number of days in winter (extended) that the maximum daily temperature was below 0Â°C.,46,30,25,26,15
"Inverness, Subd. C",1215001,Consolidated Census Subdivision,id_win_ext,Ice Days (Winter-extended),days,The number of days in winter (extended) that the maximum daily temperature was below 0Â°C.,44,28,23,24,13
"Kings, Subd. A",1207001,Consolidated Census Subdivision,id_win_ext,Ice Days (Winter-extended),days,The number of days in winter (extended) that the maximum daily temperature was below 0Â°C.,44,29,23,22,12
"Kings, Subd. B",1207016,Consolidated Census Subdivision,id_win_ext,Ice Days (Winter-extended),days,The number of days in winter (extended) that the maximum daily temperature was below 0Â°C.,44,29,23,22,12
"Kings, Subd. C",1207011,Consolidated Census Subdivision,id_win_ext,Ice Days (Winter-extended),days,The number of days in winter (extended) that the maximum daily temperature was below 0Â°C.,45,30,23,22,12
"Kings, Subd. D",1207021,Consolidated Census Subdivision,id_win_ext,Ice Days (Winter-extended),days,The number of days in winter (extended) that the maximum daily temperature was below 0Â°C.,44,29,22,22,11
Lunenburg,1206001,Consolidated Census Subdivision,id_win_ext,Ice Days (Winter-extended),days,The number of days in winter (extended) that the maximum daily temperature was below 0Â°C.,36,22,16,16,7
"Pictou, Subd. A",1212001,Consolidated Census Subdivision,id_win_ext,Ice Days (Winter-extended),days,The number of days in winter (extended) that the maximum daily temperature was below 0Â°C.,48,34,28,27,17
"Pictou, Subd. B",1212006,Consolidated Census Subdivision,id_win_ext,Ice Days (Winter-extended),days,The number of days in winter (extended) that the maximum daily temperature was below 0Â°C.,47,32,26,26,16
"Pictou, Subd. C",1212011,Consolidated Census Subdivision,id_win_ext,Ice Days (Winter-extended),days,The number of days in winter (extended) that the maximum daily temperature was below 0Â°C.,47,32,26,26,16
St. Mary's,1213001,Consolidated Census Subdivision,id_win_ext,Ice Days (Winter-extended),days,The number of days in winter (extended) that the maximum daily temperature was below 0Â°C.,40,25,20,21,11
Sydney and Surrounds,1217030B,Consolidated Census Subdivision,id_win_ext,Ice Days (Winter-extended),days,The number of days in winter (extended) that the maximum daily temperature was below 0Â°C.,40,23,19,20,10
West Hants,1208003,Consolidated Census Subdivision,id_win_ext,Ice Days (Winter-extended),days,The number of days in winter (extended) that the maximum daily temperature was below 0Â°C.,42,27,20,20,11
Yarmouth,1202004,Consolidated Census Subdivision,id_win_ext,Ice Days (Winter-extended),days,The number of days in winter (extended) that the maximum daily temperature was below 0Â°C.,29,16,11,13,3
Nova Scotia,12,Province,prcptot_ann,Total Precipitation (Annual),mm,The total precipitation above 1 mm for the year.,"1,454","1,584","1,592","1,600","1,630"
Annapolis,1205,Census Division,prcptot_ann,Total Precipitation (Annual),mm,The total precipitation above 1 mm for the year.,"1,401","1,543","1,546","1,556","1,598"
Antigonish,1214,Census Division,prcptot_ann,Total Precipitation (Annual),mm,The total precipitation above 1 mm for the year.,"1,449","1,568","1,575","1,577","1,624"
Cape Breton,1217,Census Division,prcptot_ann,Total Precipitation (Annual),mm,The total precipitation above 1 mm for the year.,"1,611","1,743","1,752","1,759","1,808"
Colchester,1210,Census Division,prcptot_ann,Total Precipitation (Annual),mm,The total precipitation above 1 mm for the year.,"1,377","1,503","1,522","1,513","1,544"
Cumberland,1211,Census Division,prcptot_ann,Total Precipitation (Annual),mm,The total precipitation above 1 mm for the year.,"1,303","1,437","1,435","1,445","1,481"
Digby,1203,Census Division,prcptot_ann,Total Precipitation (Annual),mm,The total precipitation above 1 mm for the year.,"1,369","1,497","1,511","1,520","1,542"
Guysborough,1213,Census Division,prcptot_ann,Total Precipitation (Annual),mm,The total precipitation above 1 mm for the year.,"1,491","1,605","1,618","1,619","1,677"
Halifax,1209,Census Division,prcptot_ann,Total Precipitation (Annual),mm,The total precipitation above 1 mm for the year.,"1,487","1,616","1,639","1,640","1,682"
Hants,1208,Census Division,prcptot_ann,Total Precipitation (Annual),mm,The total precipitation above 1 mm for the year.,"1,424","1,555","1,568","1,573","1,605"
Inverness,1215,Census Division,prcptot_ann,Total Precipitation (Annual),mm,The total precipitation above 1 mm for the year.,"1,534","1,662","1,665","1,666","1,718"
Kings,1207,Census Division,prcptot_ann,Total Precipitation (Annual),mm,The total precipitation above 1 mm for the year.,"1,371","1,514","1,508","1,520","1,568"
Lunenburg,1206,Census Division,prcptot_ann,Total Precipitation (Annual),mm,The total precipitation above 1 mm for the year.,"1,496","1,654","1,648","1,660","1,689"
Pictou,1212,Census Division,prcptot_ann,Total Precipitation (Annual),mm,The total precipitation above 1 mm for the year.,"1,409","1,532","1,539","1,542","1,577"
Queens,1204,Census Division / Consolidated Census Subdivision,prcptot_ann,Total Precipitation (Annual),mm,The total precipitation above 1 mm for the year.,"1,494","1,653","1,644","1,655","1,678"
Richmond,1216,Census Division / Consolidated Census Subdivision,prcptot_ann,Total Precipitation (Annual),mm,The total precipitation above 1 mm for the year.,"1,533","1,645","1,657","1,649","1,700"
Shelburne,1201,Census Division / Consolidated Census Subdivision,prcptot_ann,Total Precipitation (Annual),mm,The total precipitation above 1 mm for the year.,"1,428","1,573","1,571","1,580","1,587"
Victoria,1218,Census Division / Consolidated Census Subdivision,prcptot_ann,Total Precipitation (Annual),mm,The total precipitation above 1 mm for the year.,"1,610","1,746","1,753","1,758","1,815"
Yarmouth,1202,Census Division,prcptot_ann,Total Precipitation (Annual),mm,The total precipitation above 1 mm for the year.,"1,390","1,519","1,524","1,534","1,542"
"Annapolis, Subd. A",1205004,Consolidated Census Subdivision,prcptot_ann,Total Precipitation (Annual),mm,The total precipitation above 1 mm for the year.,"1,367","1,501","1,511","1,521","1,571"
"Annapolis, Subd. B",1205009,Consolidated Census Subdivision,prcptot_ann,Total Precipitation (Annual),mm,The total precipitation above 1 mm for the year.,"1,359","1,495","1,502","1,509","1,565"
"Annapolis, Subd. C",1205014,Consolidated Census Subdivision,prcptot_ann,Total Precipitation (Annual),mm,The total precipitation above 1 mm for the year.,"1,333","1,470","1,473","1,481","1,538"
"Annapolis, Subd. D",1205001,Consolidated Census Subdivision,prcptot_ann,Total Precipitation (Annual),mm,The total precipitation above 1 mm for the year.,"1,427","1,572","1,577","1,584","1,618"
"Antigonish, Subd. A",1214001,Consolidated Census Subdivision,prcptot_ann,Total Precipitation (Annual),mm,The total precipitation above 1 mm for the year.,"1,440","1,560","1,567","1,569","1,614"
"Antigonish, Subd. B",1214006,Consolidated Census Subdivision,prcptot_ann,Total Precipitation (Annual),mm,The total precipitation above 1 mm for the year.,"1,465","1,582","1,591","1,590","1,642"
Argyle,1202001,Consolidated Census Subdivision,prcptot_ann,Total Precipitation (Annual),mm,The total precipitation above 1 mm for the year.,"1,399","1,531","1,535","1,545","1,553"
Cape Breton - Outlying Areas,1217030A,Consolidated Census Subdivision,prcptot_ann,Total Precipitation (Annual),mm,The total precipitation above 1 mm for the year.,"1,608","1,739","1,748","1,754","1,802"
Chester,1206009,Consolidated Census Subdivision,prcptot_ann,Total Precipitation (Annual),mm,The total precipitation above 1 mm for the year.,"1,480","1,633","1,635","1,644","1,672"
Clare,1203001,Consolidated Census Subdivision,prcptot_ann,Total Precipitation (Annual),mm,The total precipitation above 1 mm for the year.,"1,345","1,466","1,482","1,491","1,509"
"Colchester, Subd. A",1210012,Consolidated Census Subdivision,prcptot_ann,Total Precipitation (Annual),mm,The total precipitation above 1 mm for the year.,"1,350","1,479","1,487","1,487","1,523"
"Colchester, Subd. B",1210008,Consolidated Census Subdivision,prcptot_ann,Total Precipitation (Annual),mm,The total precipitation above 1 mm for the year.,"1,350","1,476","1,491","1,479","1,515"
"Colchester, Subd. C",1210001,Consolidated Census Subdivision,prcptot_ann,Total Precipitation (Annual),mm,The total precipitation above 1 mm for the year.,"1,417","1,541","1,563","1,556","1,591"
"Cumberland, Subd. A",1211001,Consolidated Census Subdivision,prcptot_ann,Total Precipitation (Annual),mm,The total precipitation above 1 mm for the year.,"1,310","1,444","1,447","1,455","1,496"
"Cumberland, Subd. B",1211006,Consolidated Census Subdivision,prcptot_ann,Total Precipitation (Annual),mm,The total precipitation above 1 mm for the year.,"1,321","1,456","1,454","1,466","1,501"
"Cumberland, Subd. C",1211009,Consolidated Census Subdivision,prcptot_ann,Total Precipitation (Annual),mm,The total precipitation above 1 mm for the year.,"1,275","1,414","1,408","1,420","1,457"
"Cumberland, Subd. D",1211014,Consolidated Census Subdivision,prcptot_ann,Total Precipitation (Annual),mm,The total precipitation above 1 mm for the year.,"1,303","1,433","1,436","1,435","1,475"
Digby,1203004,Consolidated Census Subdivision,prcptot_ann,Total Precipitation (Annual),mm,The total precipitation above 1 mm for the year.,"1,382","1,513","1,525","1,536","1,560"
East Hants,1208008,Consolidated Census Subdivision,prcptot_ann,Total Precipitation (Annual),mm,The total precipitation above 1 mm for the year.,"1,421","1,548","1,565","1,568","1,601"
Guysborough,1213004,Consolidated Census Subdivision,prcptot_ann,Total Precipitation (Annual),mm,The total precipitation above 1 mm for the year.,"1,493","1,601","1,615","1,614","1,673"
Halifax - Central,1209034B,Consolidated Census Subdivision,prcptot_ann,Total Precipitation (Annual),mm,The total precipitation above 1 mm for the year.,"1,514","1,653","1,665","1,673","1,713"
Halifax - East,1209034A,Consolidated Census Subdivision,prcptot_ann,Total Precipitation (Annual),mm,The total precipitation above 1 mm for the year.,"1,483","1,605","1,630","1,631","1,675"
Halifax - West,1209034C,Consolidated Census Subdivision,prcptot_ann,Total Precipitation (Annual),mm,The total precipitation above 1 mm for the year.,"1,514","1,656","1,664","1,673","1,711"
"Inverness, Subd. A",1215011,Consolidated Census Subdivision,prcptot_ann,Total Precipitation (Annual),mm,The total precipitation above 1 mm for the year.,"1,559","1,695","1,700","1,701","1,753"
"Inverness, Subd. B",1215006,Consolidated Census Subdivision,prcptot_ann,Total Precipitation (Annual),mm,The total precipitation above 1 mm for the year.,"1,488","1,605","1,614","1,606","1,660"
"Inverness, Subd. C",1215001,Consolidated Census Subdivision,prcptot_ann,Total Precipitation (Annual),mm,The total precipitation above 1 mm for the year.,"1,507","1,619","1,632","1,626","1,682"
"Kings, Subd. A",1207001,Consolidated Census Subdivision,prcptot_ann,Total Precipitation (Annual),mm,The total precipitation above 1 mm for the year.,"1,372","1,517","1,509","1,521","1,573"
"Kings, Subd. B",1207016,Consolidated Census Subdivision,prcptot_ann,Total Precipitation (Annual),mm,The total precipitation above 1 mm for the year.,"1,331","1,468","1,464","1,477","1,519"
"Kings, Subd. C",1207011,Consolidated Census Subdivision,prcptot_ann,Total Precipitation (Annual),mm,The total precipitation above 1 mm for the year.,"1,398","1,543","1,539","1,551","1,598"
"Kings, Subd. D",1207021,Consolidated Census Subdivision,prcptot_ann,Total Precipitation (Annual),mm,The total precipitation above 1 mm for the year.,"1,381","1,522","1,522","1,534","1,575"
Lunenburg,1206001,Consolidated Census Subdivision,prcptot_ann,Total Precipitation (Annual),mm,The total precipitation above 1 mm for the year.,"1,505","1,667","1,658","1,667","1,700"
"Pictou, Subd. A",1212001,Consolidated Census Subdivision,prcptot_ann,Total Precipitation (Annual),mm,The total precipitation above 1 mm for the year.,"1,345","1,470","1,476","1,469","1,506"
"Pictou, Subd. B",1212006,Consolidated Census Subdivision,prcptot_ann,Total Precipitation (Annual),mm,The total precipitation above 1 mm for the year.,"1,425","1,550","1,561","1,562","1,598"
"Pictou, Subd. C",1212011,Consolidated Census Subdivision,prcptot_ann,Total Precipitation (Annual),mm,The total precipitation above 1 mm for the year.,"1,437","1,559","1,567","1,572","1,612"
St. Mary's,1213001,Consolidated Census Subdivision,prcptot_ann,Total Precipitation (Annual),mm,The total precipitation above 1 mm for the year.,"1,489","1,606","1,622","1,624","1,678"
Sydney and Surrounds,1217030B,Consolidated Census Subdivision,prcptot_ann,Total Precipitation (Annual),mm,The total precipitation above 1 mm for the year.,"1,636","1,770","1,784","1,789","1,851"
West Hants,1208003,Consolidated Census Subdivision,prcptot_ann,Total Precipitation (Annual),mm,The total precipitation above 1 mm for the year.,"1,427","1,565","1,571","1,580","1,616"
Yarmouth,1202004,Consolidated Census Subdivision,prcptot_ann,Total Precipitation (Annual),mm,The total precipitation above 1 mm for the year.,"1,369","1,489","1,498","1,510","1,517"
Nova Scotia,12,Province,prcptot_fal,Total Precipitation (Fall),mm,The total precipitation above 1 mm for the fall season.,380,403,394,403,401
Annapolis,1205,Census Division,prcptot_fal,Total Precipitation (Fall),mm,The total precipitation above 1 mm for the fall season.,368,396,382,392,394
Antigonish,1214,Census Division,prcptot_fal,Total Precipitation (Fall),mm,The total precipitation above 1 mm for the fall season.,384,408,401,406,407
Cape Breton,1217,Census Division,prcptot_fal,Total Precipitation (Fall),mm,The total precipitation above 1 mm for the fall season.,418,443,433,439,442
Colchester,1210,Census Division,prcptot_fal,Total Precipitation (Fall),mm,The total precipitation above 1 mm for the fall season.,358,383,370,380,380
Cumberland,1211,Census Division,prcptot_fal,Total Precipitation (Fall),mm,The total precipitation above 1 mm for the fall season.,339,364,354,361,363
Digby,1203,Census Division,prcptot_fal,Total Precipitation (Fall),mm,The total precipitation above 1 mm for the fall season.,362,388,379,388,391
Guysborough,1213,Census Division,prcptot_fal,Total Precipitation (Fall),mm,The total precipitation above 1 mm for the fall season.,391,417,408,413,414
Halifax,1209,Census Division,prcptot_fal,Total Precipitation (Fall),mm,The total precipitation above 1 mm for the fall season.,381,408,393,403,405
Hants,1208,Census Division,prcptot_fal,Total Precipitation (Fall),mm,The total precipitation above 1 mm for the fall season.,370,395,380,392,391
Inverness,1215,Census Division,prcptot_fal,Total Precipitation (Fall),mm,The total precipitation above 1 mm for the fall season.,404,427,417,422,427
Kings,1207,Census Division,prcptot_fal,Total Precipitation (Fall),mm,The total precipitation above 1 mm for the fall season.,358,381,370,381,380
Lunenburg,1206,Census Division,prcptot_fal,Total Precipitation (Fall),mm,The total precipitation above 1 mm for the fall season.,392,418,404,415,417
Pictou,1212,Census Division,prcptot_fal,Total Precipitation (Fall),mm,The total precipitation above 1 mm for the fall season.,370,395,386,392,395
Queens,1204,Census Division / Consolidated Census Subdivision,prcptot_fal,Total Precipitation (Fall),mm,The total precipitation above 1 mm for the fall season.,394,419,406,418,421
Richmond,1216,Census Division / Consolidated Census Subdivision,prcptot_fal,Total Precipitation (Fall),mm,The total precipitation above 1 mm for the fall season.,402,424,417,420,422
Shelburne,1201,Census Division / Consolidated Census Subdivision,prcptot_fal,Total Precipitation (Fall),mm,The total precipitation above 1 mm for the fall season.,376,398,389,395,402
Victoria,1218,Census Division / Consolidated Census Subdivision,prcptot_fal,Total Precipitation (Fall),mm,The total precipitation above 1 mm for the fall season.,422,447,436,444,448
Yarmouth,1202,Census Division,prcptot_fal,Total Precipitation (Fall),mm,The total precipitation above 1 mm for the fall season.,365,387,381,385,392
"Annapolis, Subd. A",1205004,Consolidated Census Subdivision,prcptot_fal,Total Precipitation (Fall),mm,The total precipitation above 1 mm for the fall season.,361,390,378,388,388
"Annapolis, Subd. B",1205009,Consolidated Census Subdivision,prcptot_fal,Total Precipitation (Fall),mm,The total precipitation above 1 mm for the fall season.,356,383,371,381,380
"Annapolis, Subd. C",1205014,Consolidated Census Subdivision,prcptot_fal,Total Precipitation (Fall),mm,The total precipitation above 1 mm for the fall season.,348,373,362,371,370
"Annapolis, Subd. D",1205001,Consolidated Census Subdivision,prcptot_fal,Total Precipitation (Fall),mm,The total precipitation above 1 mm for the fall season.,375,403,388,400,400
"Antigonish, Subd. A",1214001,Consolidated Census Subdivision,prcptot_fal,Total Precipitation (Fall),mm,The total precipitation above 1 mm for the fall season.,381,406,398,404,406
"Antigonish, Subd. B",1214006,Consolidated Census Subdivision,prcptot_fal,Total Precipitation (Fall),mm,The total precipitation above 1 mm for the fall season.,388,412,404,410,410
Argyle,1202001,Consolidated Census Subdivision,prcptot_fal,Total Precipitation (Fall),mm,The total precipitation above 1 mm for the fall season.,368,390,383,387,395
Cape Breton - Outlying Areas,1217030A,Consolidated Census Subdivision,prcptot_fal,Total Precipitation (Fall),mm,The total precipitation above 1 mm for the fall season.,418,442,432,438,441
Chester,1206009,Consolidated Census Subdivision,prcptot_fal,Total Precipitation (Fall),mm,The total precipitation above 1 mm for the fall season.,386,412,398,410,410
Clare,1203001,Consolidated Census Subdivision,prcptot_fal,Total Precipitation (Fall),mm,The total precipitation above 1 mm for the fall season.,355,378,373,382,383
"Colchester, Subd. A",1210012,Consolidated Census Subdivision,prcptot_fal,Total Precipitation (Fall),mm,The total precipitation above 1 mm for the fall season.,352,376,363,374,374
"Colchester, Subd. B",1210008,Consolidated Census Subdivision,prcptot_fal,Total Precipitation (Fall),mm,The total precipitation above 1 mm for the fall season.,352,377,365,375,376
"Colchester, Subd. C",1210001,Consolidated Census Subdivision,prcptot_fal,Total Precipitation (Fall),mm,The total precipitation above 1 mm for the fall season.,366,391,379,388,388
"Cumberland, Subd. A",1211001,Consolidated Census Subdivision,prcptot_fal,Total Precipitation (Fall),mm,The total precipitation above 1 mm for the fall season.,340,365,357,364,363
"Cumberland, Subd. B",1211006,Consolidated Census Subdivision,prcptot_fal,Total Precipitation (Fall),mm,The total precipitation above 1 mm for the fall season.,344,369,359,366,367
"Cumberland, Subd. C",1211009,Consolidated Census Subdivision,prcptot_fal,Total Precipitation (Fall),mm,The total precipitation above 1 mm for the fall season.,330,355,346,352,355
"Cumberland, Subd. D",1211014,Consolidated Census Subdivision,prcptot_fal,Total Precipitation (Fall),mm,The total precipitation above 1 mm for the fall season.,340,364,352,362,364
Digby,1203004,Consolidated Census Subdivision,prcptot_fal,Total Precipitation (Fall),mm,The total precipitation above 1 mm for the fall season.,366,392,383,393,394
East Hants,1208008,Consolidated Census Subdivision,prcptot_fal,Total Precipitation (Fall),mm,The total precipitation above 1 mm for the fall season.,368,393,378,390,388
Guysborough,1213004,Consolidated Census Subdivision,prcptot_fal,Total Precipitation (Fall),mm,The total precipitation above 1 mm for the fall season.,393,418,411,415,414
Halifax - Central,1209034B,Consolidated Census Subdivision,prcptot_fal,Total Precipitation (Fall),mm,The total precipitation above 1 mm for the fall season.,386,414,396,408,408
Halifax - East,1209034A,Consolidated Census Subdivision,prcptot_fal,Total Precipitation (Fall),mm,The total precipitation above 1 mm for the fall season.,380,406,393,401,406
Halifax - West,1209034C,Consolidated Census Subdivision,prcptot_fal,Total Precipitation (Fall),mm,The total precipitation above 1 mm for the fall season.,388,416,399,410,411
"Inverness, Subd. A",1215011,Consolidated Census Subdivision,prcptot_fal,Total Precipitation (Fall),mm,The total precipitation above 1 mm for the fall season.,409,434,422,429,434
"Inverness, Subd. B",1215006,Consolidated Census Subdivision,prcptot_fal,Total Precipitation (Fall),mm,The total precipitation above 1 mm for the fall season.,394,417,407,411,416
"Inverness, Subd. C",1215001,Consolidated Census Subdivision,prcptot_fal,Total Precipitation (Fall),mm,The total precipitation above 1 mm for the fall season.,399,421,414,417,420
"Kings, Subd. A",1207001,Consolidated Census Subdivision,prcptot_fal,Total Precipitation (Fall),mm,The total precipitation above 1 mm for the fall season.,358,382,370,380,380
"Kings, Subd. B",1207016,Consolidated Census Subdivision,prcptot_fal,Total Precipitation (Fall),mm,The total precipitation above 1 mm for the fall season.,349,373,363,372,370
"Kings, Subd. C",1207011,Consolidated Census Subdivision,prcptot_fal,Total Precipitation (Fall),mm,The total precipitation above 1 mm for the fall season.,365,389,378,389,388
"Kings, Subd. D",1207021,Consolidated Census Subdivision,prcptot_fal,Total Precipitation (Fall),mm,The total precipitation above 1 mm for the fall season.,362,386,374,385,384
Lunenburg,1206001,Consolidated Census Subdivision,prcptot_fal,Total Precipitation (Fall),mm,The total precipitation above 1 mm for the fall season.,396,423,408,419,421
"Pictou, Subd. A",1212001,Consolidated Census Subdivision,prcptot_fal,Total Precipitation (Fall),mm,The total precipitation above 1 mm for the fall season.,353,378,369,376,378
"Pictou, Subd. B",1212006,Consolidated Census Subdivision,prcptot_fal,Total Precipitation (Fall),mm,The total precipitation above 1 mm for the fall season.,373,399,388,395,398
"Pictou, Subd. C",1212011,Consolidated Census Subdivision,prcptot_fal,Total Precipitation (Fall),mm,The total precipitation above 1 mm for the fall season.,377,404,395,401,407
St. Mary's,1213001,Consolidated Census Subdivision,prcptot_fal,Total Precipitation (Fall),mm,The total precipitation above 1 mm for the fall season.,389,416,408,413,417
Sydney and Surrounds,1217030B,Consolidated Census Subdivision,prcptot_fal,Total Precipitation (Fall),mm,The total precipitation above 1 mm for the fall season.,424,449,437,445,449
West Hants,1208003,Consolidated Census Subdivision,prcptot_fal,Total Precipitation (Fall),mm,The total precipitation above 1 mm for the fall season.,372,398,384,395,395
Yarmouth,1202004,Consolidated Census Subdivision,prcptot_fal,Total Precipitation (Fall),mm,The total precipitation above 1 mm for the fall season.,358,380,375,379,386
Nova Scotia,12,Province,prcptot_spr,Total Precipitation (Spring),mm,The total precipitation above 1 mm for the spring season.,334,369,373,382,388
Annapolis,1205,Census Division,prcptot_spr,Total Precipitation (Spring),mm,The total precipitation above 1 mm for the spring season.,324,357,364,371,382
Antigonish,1214,Census Division,prcptot_spr,Total Precipitation (Spring),mm,The total precipitation above 1 mm for the spring season.,324,350,357,362,371
Cape Breton,1217,Census Division,prcptot_spr,Total Precipitation (Spring),mm,The total precipitation above 1 mm for the spring season.,373,404,413,419,431
Colchester,1210,Census Division,prcptot_spr,Total Precipitation (Spring),mm,The total precipitation above 1 mm for the spring season.,314,345,354,359,367
Cumberland,1211,Census Division,prcptot_spr,Total Precipitation (Spring),mm,The total precipitation above 1 mm for the spring season.,300,336,344,347,358
Digby,1203,Census Division,prcptot_spr,Total Precipitation (Spring),mm,The total precipitation above 1 mm for the spring season.,319,350,355,362,374
Guysborough,1213,Census Division,prcptot_spr,Total Precipitation (Spring),mm,The total precipitation above 1 mm for the spring season.,341,365,373,382,390
Halifax,1209,Census Division,prcptot_spr,Total Precipitation (Spring),mm,The total precipitation above 1 mm for the spring season.,346,377,386,395,399
Hants,1208,Census Division,prcptot_spr,Total Precipitation (Spring),mm,The total precipitation above 1 mm for the spring season.,328,364,372,379,385
Inverness,1215,Census Division,prcptot_spr,Total Precipitation (Spring),mm,The total precipitation above 1 mm for the spring season.,335,367,366,377,383
Kings,1207,Census Division,prcptot_spr,Total Precipitation (Spring),mm,The total precipitation above 1 mm for the spring season.,315,348,358,364,370
Lunenburg,1206,Census Division,prcptot_spr,Total Precipitation (Spring),mm,The total precipitation above 1 mm for the spring season.,353,390,398,406,413
Pictou,1212,Census Division,prcptot_spr,Total Precipitation (Spring),mm,The total precipitation above 1 mm for the spring season.,316,343,352,357,366
Queens,1204,Census Division / Consolidated Census Subdivision,prcptot_spr,Total Precipitation (Spring),mm,The total precipitation above 1 mm for the spring season.,356,389,392,406,414
Richmond,1216,Census Division / Consolidated Census Subdivision,prcptot_spr,Total Precipitation (Spring),mm,The total precipitation above 1 mm for the spring season.,351,381,384,393,398
Shelburne,1201,Census Division / Consolidated Census Subdivision,prcptot_spr,Total Precipitation (Spring),mm,The total precipitation above 1 mm for the spring season.,339,368,374,383,389
Victoria,1218,Census Division / Consolidated Census Subdivision,prcptot_spr,Total Precipitation (Spring),mm,The total precipitation above 1 mm for the spring season.,357,394,395,404,413
Yarmouth,1202,Census Division,prcptot_spr,Total Precipitation (Spring),mm,The total precipitation above 1 mm for the spring season.,325,356,358,366,375
"Annapolis, Subd. A",1205004,Consolidated Census Subdivision,prcptot_spr,Total Precipitation (Spring),mm,The total precipitation above 1 mm for the spring season.,314,347,353,358,372
"Annapolis, Subd. B",1205009,Consolidated Census Subdivision,prcptot_spr,Total Precipitation (Spring),mm,The total precipitation above 1 mm for the spring season.,310,343,350,355,367
"Annapolis, Subd. C",1205014,Consolidated Census Subdivision,prcptot_spr,Total Precipitation (Spring),mm,The total precipitation above 1 mm for the spring season.,303,336,344,348,359
"Annapolis, Subd. D",1205001,Consolidated Census Subdivision,prcptot_spr,Total Precipitation (Spring),mm,The total precipitation above 1 mm for the spring season.,332,365,373,379,389
"Antigonish, Subd. A",1214001,Consolidated Census Subdivision,prcptot_spr,Total Precipitation (Spring),mm,The total precipitation above 1 mm for the spring season.,321,347,354,358,368
"Antigonish, Subd. B",1214006,Consolidated Census Subdivision,prcptot_spr,Total Precipitation (Spring),mm,The total precipitation above 1 mm for the spring season.,329,355,361,368,377
Argyle,1202001,Consolidated Census Subdivision,prcptot_spr,Total Precipitation (Spring),mm,The total precipitation above 1 mm for the spring season.,328,359,361,369,378
Cape Breton - Outlying Areas,1217030A,Consolidated Census Subdivision,prcptot_spr,Total Precipitation (Spring),mm,The total precipitation above 1 mm for the spring season.,372,403,411,418,430
Chester,1206009,Consolidated Census Subdivision,prcptot_spr,Total Precipitation (Spring),mm,The total precipitation above 1 mm for the spring season.,347,387,393,401,406
Clare,1203001,Consolidated Census Subdivision,prcptot_spr,Total Precipitation (Spring),mm,The total precipitation above 1 mm for the spring season.,314,345,348,355,368
"Colchester, Subd. A",1210012,Consolidated Census Subdivision,prcptot_spr,Total Precipitation (Spring),mm,The total precipitation above 1 mm for the spring season.,310,345,352,358,367
"Colchester, Subd. B",1210008,Consolidated Census Subdivision,prcptot_spr,Total Precipitation (Spring),mm,The total precipitation above 1 mm for the spring season.,306,335,344,349,358
"Colchester, Subd. C",1210001,Consolidated Census Subdivision,prcptot_spr,Total Precipitation (Spring),mm,The total precipitation above 1 mm for the spring season.,323,352,362,369,376
"Cumberland, Subd. A",1211001,Consolidated Census Subdivision,prcptot_spr,Total Precipitation (Spring),mm,The total precipitation above 1 mm for the spring season.,304,337,348,352,362
"Cumberland, Subd. B",1211006,Consolidated Census Subdivision,prcptot_spr,Total Precipitation (Spring),mm,The total precipitation above 1 mm for the spring season.,305,342,350,354,364
"Cumberland, Subd. C",1211009,Consolidated Census Subdivision,prcptot_spr,Total Precipitation (Spring),mm,The total precipitation above 1 mm for the spring season.,294,331,338,341,352
"Cumberland, Subd. D",1211014,Consolidated Census Subdivision,prcptot_spr,Total Precipitation (Spring),mm,The total precipitation above 1 mm for the spring season.,297,332,338,342,353
Digby,1203004,Consolidated Census Subdivision,prcptot_spr,Total Precipitation (Spring),mm,The total precipitation above 1 mm for the spring season.,321,353,358,365,377
East Hants,1208008,Consolidated Census Subdivision,prcptot_spr,Total Precipitation (Spring),mm,The total precipitation above 1 mm for the spring season.,327,361,371,377,384
Guysborough,1213004,Consolidated Census Subdivision,prcptot_spr,Total Precipitation (Spring),mm,The total precipitation above 1 mm for the spring season.,342,365,373,382,391
Halifax - Central,1209034B,Consolidated Census Subdivision,prcptot_spr,Total Precipitation (Spring),mm,The total precipitation above 1 mm for the spring season.,355,389,398,407,412
Halifax - East,1209034A,Consolidated Census Subdivision,prcptot_spr,Total Precipitation (Spring),mm,The total precipitation above 1 mm for the spring season.,344,373,382,391,396
Halifax - West,1209034C,Consolidated Census Subdivision,prcptot_spr,Total Precipitation (Spring),mm,The total precipitation above 1 mm for the spring season.,355,392,399,408,413
"Inverness, Subd. A",1215011,Consolidated Census Subdivision,prcptot_spr,Total Precipitation (Spring),mm,The total precipitation above 1 mm for the spring season.,339,375,372,384,392
"Inverness, Subd. B",1215006,Consolidated Census Subdivision,prcptot_spr,Total Precipitation (Spring),mm,The total precipitation above 1 mm for the spring season.,322,352,352,362,368
"Inverness, Subd. C",1215001,Consolidated Census Subdivision,prcptot_spr,Total Precipitation (Spring),mm,The total precipitation above 1 mm for the spring season.,335,364,366,376,382
"Kings, Subd. A",1207001,Consolidated Census Subdivision,prcptot_spr,Total Precipitation (Spring),mm,The total precipitation above 1 mm for the spring season.,315,349,358,363,371
"Kings, Subd. B",1207016,Consolidated Census Subdivision,prcptot_spr,Total Precipitation (Spring),mm,The total precipitation above 1 mm for the spring season.,304,338,347,352,360
"Kings, Subd. C",1207011,Consolidated Census Subdivision,prcptot_spr,Total Precipitation (Spring),mm,The total precipitation above 1 mm for the spring season.,323,358,367,373,380
"Kings, Subd. D",1207021,Consolidated Census Subdivision,prcptot_spr,Total Precipitation (Spring),mm,The total precipitation above 1 mm for the spring season.,319,354,362,368,374
Lunenburg,1206001,Consolidated Census Subdivision,prcptot_spr,Total Precipitation (Spring),mm,The total precipitation above 1 mm for the spring season.,357,392,400,409,418
"Pictou, Subd. A",1212001,Consolidated Census Subdivision,prcptot_spr,Total Precipitation (Spring),mm,The total precipitation above 1 mm for the spring season.,301,328,336,342,350
"Pictou, Subd. B",1212006,Consolidated Census Subdivision,prcptot_spr,Total Precipitation (Spring),mm,The total precipitation above 1 mm for the spring season.,321,348,357,364,371
"Pictou, Subd. C",1212011,Consolidated Census Subdivision,prcptot_spr,Total Precipitation (Spring),mm,The total precipitation above 1 mm for the spring season.,322,348,357,362,370
St. Mary's,1213001,Consolidated Census Subdivision,prcptot_spr,Total Precipitation (Spring),mm,The total precipitation above 1 mm for the spring season.,340,365,373,381,390
Sydney and Surrounds,1217030B,Consolidated Census Subdivision,prcptot_spr,Total Precipitation (Spring),mm,The total precipitation above 1 mm for the spring season.,380,413,420,426,438
West Hants,1208003,Consolidated Census Subdivision,prcptot_spr,Total Precipitation (Spring),mm,The total precipitation above 1 mm for the spring season.,330,367,375,381,387
Yarmouth,1202004,Consolidated Census Subdivision,prcptot_spr,Total Precipitation (Spring),mm,The total precipitation above 1 mm for the spring season.,319,350,351,359,368
Nova Scotia,12,Province,prcptot_sum,Total Precipitation (Summer),mm,The total precipitation above 1 mm for the summer season.,282,311,303,306,300
Annapolis,1205,Census Division,prcptot_sum,Total Precipitation (Summer),mm,The total precipitation above 1 mm for the summer season.,270,297,294,297,294
Antigonish,1214,Census Division,prcptot_sum,Total Precipitation (Summer),mm,The total precipitation above 1 mm for the summer season.,288,323,314,320,321
Cape Breton,1217,Census Division,prcptot_sum,Total Precipitation (Summer),mm,The total precipitation above 1 mm for the summer season.,298,320,317,324,312
Colchester,1210,Census Division,prcptot_sum,Total Precipitation (Summer),mm,The total precipitation above 1 mm for the summer season.,277,306,300,303,303
Cumberland,1211,Census Division,prcptot_sum,Total Precipitation (Summer),mm,The total precipitation above 1 mm for the summer season.,265,294,290,291,289
Digby,1203,Census Division,prcptot_sum,Total Precipitation (Summer),mm,The total precipitation above 1 mm for the summer season.,261,282,280,281,280
Guysborough,1213,Census Division,prcptot_sum,Total Precipitation (Summer),mm,The total precipitation above 1 mm for the summer season.,294,328,317,326,320
Halifax,1209,Census Division,prcptot_sum,Total Precipitation (Summer),mm,The total precipitation above 1 mm for the summer season.,296,331,323,325,328
Hants,1208,Census Division,prcptot_sum,Total Precipitation (Summer),mm,The total precipitation above 1 mm for the summer season.,275,302,300,302,302
Inverness,1215,Census Division,prcptot_sum,Total Precipitation (Summer),mm,The total precipitation above 1 mm for the summer season.,295,325,314,323,309
Kings,1207,Census Division,prcptot_sum,Total Precipitation (Summer),mm,The total precipitation above 1 mm for the summer season.,264,290,290,289,290
Lunenburg,1206,Census Division,prcptot_sum,Total Precipitation (Summer),mm,The total precipitation above 1 mm for the summer season.,284,314,308,313,309
Pictou,1212,Census Division,prcptot_sum,Total Precipitation (Summer),mm,The total precipitation above 1 mm for the summer season.,284,316,309,313,313
Queens,1204,Census Division / Consolidated Census Subdivision,prcptot_sum,Total Precipitation (Summer),mm,The total precipitation above 1 mm for the summer season.,277,308,297,301,296
Richmond,1216,Census Division / Consolidated Census Subdivision,prcptot_sum,Total Precipitation (Summer),mm,The total precipitation above 1 mm for the summer season.,293,318,312,318,306
Shelburne,1201,Census Division / Consolidated Census Subdivision,prcptot_sum,Total Precipitation (Summer),mm,The total precipitation above 1 mm for the summer season.,269,295,285,290,282
Victoria,1218,Census Division / Consolidated Census Subdivision,prcptot_sum,Total Precipitation (Summer),mm,The total precipitation above 1 mm for the summer season.,301,326,323,330,316
Yarmouth,1202,Census Division,prcptot_sum,Total Precipitation (Summer),mm,The total precipitation above 1 mm for the summer season.,263,283,280,283,277
"Annapolis, Subd. A",1205004,Consolidated Census Subdivision,prcptot_sum,Total Precipitation (Summer),mm,The total precipitation above 1 mm for the summer season.,264,289,289,289,290
"Annapolis, Subd. B",1205009,Consolidated Census Subdivision,prcptot_sum,Total Precipitation (Summer),mm,The total precipitation above 1 mm for the summer season.,264,291,291,290,290
"Annapolis, Subd. C",1205014,Consolidated Census Subdivision,prcptot_sum,Total Precipitation (Summer),mm,The total precipitation above 1 mm for the summer season.,260,289,287,286,286
"Annapolis, Subd. D",1205001,Consolidated Census Subdivision,prcptot_sum,Total Precipitation (Summer),mm,The total precipitation above 1 mm for the summer season.,273,301,298,301,298
"Antigonish, Subd. A",1214001,Consolidated Census Subdivision,prcptot_sum,Total Precipitation (Summer),mm,The total precipitation above 1 mm for the summer season.,287,323,314,320,320
"Antigonish, Subd. B",1214006,Consolidated Census Subdivision,prcptot_sum,Total Precipitation (Summer),mm,The total precipitation above 1 mm for the summer season.,289,323,313,320,322
Argyle,1202001,Consolidated Census Subdivision,prcptot_sum,Total Precipitation (Summer),mm,The total precipitation above 1 mm for the summer season.,264,285,282,284,278
Cape Breton - Outlying Areas,1217030A,Consolidated Census Subdivision,prcptot_sum,Total Precipitation (Summer),mm,The total precipitation above 1 mm for the summer season.,298,321,317,324,312
Chester,1206009,Consolidated Census Subdivision,prcptot_sum,Total Precipitation (Summer),mm,The total precipitation above 1 mm for the summer season.,281,310,307,310,310
Clare,1203001,Consolidated Census Subdivision,prcptot_sum,Total Precipitation (Summer),mm,The total precipitation above 1 mm for the summer season.,256,275,275,274,274
"Colchester, Subd. A",1210012,Consolidated Census Subdivision,prcptot_sum,Total Precipitation (Summer),mm,The total precipitation above 1 mm for the summer season.,270,296,295,297,295
"Colchester, Subd. B",1210008,Consolidated Census Subdivision,prcptot_sum,Total Precipitation (Summer),mm,The total precipitation above 1 mm for the summer season.,272,301,296,299,298
"Colchester, Subd. C",1210001,Consolidated Census Subdivision,prcptot_sum,Total Precipitation (Summer),mm,The total precipitation above 1 mm for the summer season.,284,315,309,311,312
"Cumberland, Subd. A",1211001,Consolidated Census Subdivision,prcptot_sum,Total Precipitation (Summer),mm,The total precipitation above 1 mm for the summer season.,264,289,291,291,289
"Cumberland, Subd. B",1211006,Consolidated Census Subdivision,prcptot_sum,Total Precipitation (Summer),mm,The total precipitation above 1 mm for the summer season.,268,297,294,296,293
"Cumberland, Subd. C",1211009,Consolidated Census Subdivision,prcptot_sum,Total Precipitation (Summer),mm,The total precipitation above 1 mm for the summer season.,262,295,286,290,286
"Cumberland, Subd. D",1211014,Consolidated Census Subdivision,prcptot_sum,Total Precipitation (Summer),mm,The total precipitation above 1 mm for the summer season.,264,294,287,291,288
Digby,1203004,Consolidated Census Subdivision,prcptot_sum,Total Precipitation (Summer),mm,The total precipitation above 1 mm for the summer season.,264,286,284,284,283
East Hants,1208008,Consolidated Census Subdivision,prcptot_sum,Total Precipitation (Summer),mm,The total precipitation above 1 mm for the summer season.,277,305,302,304,305
Guysborough,1213004,Consolidated Census Subdivision,prcptot_sum,Total Precipitation (Summer),mm,The total precipitation above 1 mm for the summer season.,293,326,312,324,311
Halifax - Central,1209034B,Consolidated Census Subdivision,prcptot_sum,Total Precipitation (Summer),mm,The total precipitation above 1 mm for the summer season.,301,334,327,330,333
Halifax - East,1209034A,Consolidated Census Subdivision,prcptot_sum,Total Precipitation (Summer),mm,The total precipitation above 1 mm for the summer season.,296,332,324,326,329
Halifax - West,1209034C,Consolidated Census Subdivision,prcptot_sum,Total Precipitation (Summer),mm,The total precipitation above 1 mm for the summer season.,295,327,320,324,326
"Inverness, Subd. A",1215011,Consolidated Census Subdivision,prcptot_sum,Total Precipitation (Summer),mm,The total precipitation above 1 mm for the summer season.,297,325,319,326,311
"Inverness, Subd. B",1215006,Consolidated Census Subdivision,prcptot_sum,Total Precipitation (Summer),mm,The total precipitation above 1 mm for the summer season.,291,322,310,320,306
"Inverness, Subd. C",1215001,Consolidated Census Subdivision,prcptot_sum,Total Precipitation (Summer),mm,The total precipitation above 1 mm for the summer season.,295,324,313,323,308
"Kings, Subd. A",1207001,Consolidated Census Subdivision,prcptot_sum,Total Precipitation (Summer),mm,The total precipitation above 1 mm for the summer season.,265,292,292,290,290
"Kings, Subd. B",1207016,Consolidated Census Subdivision,prcptot_sum,Total Precipitation (Summer),mm,The total precipitation above 1 mm for the summer season.,258,281,284,283,283
"Kings, Subd. C",1207011,Consolidated Census Subdivision,prcptot_sum,Total Precipitation (Summer),mm,The total precipitation above 1 mm for the summer season.,267,293,294,294,294
"Kings, Subd. D",1207021,Consolidated Census Subdivision,prcptot_sum,Total Precipitation (Summer),mm,The total precipitation above 1 mm for the summer season.,263,287,289,289,290
Lunenburg,1206001,Consolidated Census Subdivision,prcptot_sum,Total Precipitation (Summer),mm,The total precipitation above 1 mm for the summer season.,285,316,309,312,308
"Pictou, Subd. A",1212001,Consolidated Census Subdivision,prcptot_sum,Total Precipitation (Summer),mm,The total precipitation above 1 mm for the summer season.,272,302,297,298,298
"Pictou, Subd. B",1212006,Consolidated Census Subdivision,prcptot_sum,Total Precipitation (Summer),mm,The total precipitation above 1 mm for the summer season.,286,320,313,315,316
"Pictou, Subd. C",1212011,Consolidated Census Subdivision,prcptot_sum,Total Precipitation (Summer),mm,The total precipitation above 1 mm for the summer season.,289,322,315,320,320
St. Mary's,1213001,Consolidated Census Subdivision,prcptot_sum,Total Precipitation (Summer),mm,The total precipitation above 1 mm for the summer season.,295,330,319,328,328
Sydney and Surrounds,1217030B,Consolidated Census Subdivision,prcptot_sum,Total Precipitation (Summer),mm,The total precipitation above 1 mm for the summer season.,296,317,316,324,311
West Hants,1208003,Consolidated Census Subdivision,prcptot_sum,Total Precipitation (Summer),mm,The total precipitation above 1 mm for the summer season.,271,297,297,298,299
Yarmouth,1202004,Consolidated Census Subdivision,prcptot_sum,Total Precipitation (Summer),mm,The total precipitation above 1 mm for the summer season.,259,278,278,280,275
Nova Scotia,12,Province,prcptot_win,Total Precipitation (Winter),mm,The total precipitation above 1 mm for the winter season.,450,493,502,506,536
Annapolis,1205,Census Division,prcptot_win,Total Precipitation (Winter),mm,The total precipitation above 1 mm for the winter season.,436,479,489,492,530
Antigonish,1214,Census Division,prcptot_win,Total Precipitation (Winter),mm,The total precipitation above 1 mm for the winter season.,438,481,494,490,521
Cape Breton,1217,Census Division,prcptot_win,Total Precipitation (Winter),mm,The total precipitation above 1 mm for the winter season.,518,570,571,578,610
Colchester,1210,Census Division,prcptot_win,Total Precipitation (Winter),mm,The total precipitation above 1 mm for the winter season.,418,461,468,469,504
Cumberland,1211,Census Division,prcptot_win,Total Precipitation (Winter),mm,The total precipitation above 1 mm for the winter season.,392,437,441,442,476
Digby,1203,Census Division,prcptot_win,Total Precipitation (Winter),mm,The total precipitation above 1 mm for the winter season.,422,462,479,479,516
Guysborough,1213,Census Division,prcptot_win,Total Precipitation (Winter),mm,The total precipitation above 1 mm for the winter season.,447,492,503,502,533
Halifax,1209,Census Division,prcptot_win,Total Precipitation (Winter),mm,The total precipitation above 1 mm for the winter season.,453,497,509,510,547
Hants,1208,Census Division,prcptot_win,Total Precipitation (Winter),mm,The total precipitation above 1 mm for the winter season.,440,486,494,494,533
Inverness,1215,Census Division,prcptot_win,Total Precipitation (Winter),mm,The total precipitation above 1 mm for the winter season.,487,531,548,545,574
Kings,1207,Census Division,prcptot_win,Total Precipitation (Winter),mm,The total precipitation above 1 mm for the winter season.,427,473,481,481,517
Lunenburg,1206,Census Division,prcptot_win,Total Precipitation (Winter),mm,The total precipitation above 1 mm for the winter season.,464,509,521,521,560
Pictou,1212,Census Division,prcptot_win,Total Precipitation (Winter),mm,The total precipitation above 1 mm for the winter season.,424,464,477,476,509
Queens,1204,Census Division / Consolidated Census Subdivision,prcptot_win,Total Precipitation (Winter),mm,The total precipitation above 1 mm for the winter season.,464,505,521,523,557
Richmond,1216,Census Division / Consolidated Census Subdivision,prcptot_win,Total Precipitation (Winter),mm,The total precipitation above 1 mm for the winter season.,474,524,533,533,555
Shelburne,1201,Census Division / Consolidated Census Subdivision,prcptot_win,Total Precipitation (Winter),mm,The total precipitation above 1 mm for the winter season.,443,481,497,501,531
Victoria,1218,Census Division / Consolidated Census Subdivision,prcptot_win,Total Precipitation (Winter),mm,The total precipitation above 1 mm for the winter season.,522,569,588,581,618
Yarmouth,1202,Census Division,prcptot_win,Total Precipitation (Winter),mm,The total precipitation above 1 mm for the winter season.,431,467,483,488,516
"Annapolis, Subd. A",1205004,Consolidated Census Subdivision,prcptot_win,Total Precipitation (Winter),mm,The total precipitation above 1 mm for the winter season.,423,466,476,480,519
"Annapolis, Subd. B",1205009,Consolidated Census Subdivision,prcptot_win,Total Precipitation (Winter),mm,The total precipitation above 1 mm for the winter season.,424,467,476,478,517
"Annapolis, Subd. C",1205014,Consolidated Census Subdivision,prcptot_win,Total Precipitation (Winter),mm,The total precipitation above 1 mm for the winter season.,418,461,470,471,508
"Annapolis, Subd. D",1205001,Consolidated Census Subdivision,prcptot_win,Total Precipitation (Winter),mm,The total precipitation above 1 mm for the winter season.,443,487,497,501,537
"Antigonish, Subd. A",1214001,Consolidated Census Subdivision,prcptot_win,Total Precipitation (Winter),mm,The total precipitation above 1 mm for the winter season.,435,477,491,487,518
"Antigonish, Subd. B",1214006,Consolidated Census Subdivision,prcptot_win,Total Precipitation (Winter),mm,The total precipitation above 1 mm for the winter season.,443,487,499,496,527
Argyle,1202001,Consolidated Census Subdivision,prcptot_win,Total Precipitation (Winter),mm,The total precipitation above 1 mm for the winter season.,434,470,487,491,519
Cape Breton - Outlying Areas,1217030A,Consolidated Census Subdivision,prcptot_win,Total Precipitation (Winter),mm,The total precipitation above 1 mm for the winter season.,516,568,569,576,608
Chester,1206009,Consolidated Census Subdivision,prcptot_win,Total Precipitation (Winter),mm,The total precipitation above 1 mm for the winter season.,459,507,517,517,555
Clare,1203001,Consolidated Census Subdivision,prcptot_win,Total Precipitation (Winter),mm,The total precipitation above 1 mm for the winter season.,414,452,469,471,504
"Colchester, Subd. A",1210012,Consolidated Census Subdivision,prcptot_win,Total Precipitation (Winter),mm,The total precipitation above 1 mm for the winter season.,408,454,459,459,494
"Colchester, Subd. B",1210008,Consolidated Census Subdivision,prcptot_win,Total Precipitation (Winter),mm,The total precipitation above 1 mm for the winter season.,407,450,457,456,491
"Colchester, Subd. C",1210001,Consolidated Census Subdivision,prcptot_win,Total Precipitation (Winter),mm,The total precipitation above 1 mm for the winter season.,432,472,484,485,521
"Cumberland, Subd. A",1211001,Consolidated Census Subdivision,prcptot_win,Total Precipitation (Winter),mm,The total precipitation above 1 mm for the winter season.,394,437,443,445,481
"Cumberland, Subd. B",1211006,Consolidated Census Subdivision,prcptot_win,Total Precipitation (Winter),mm,The total precipitation above 1 mm for the winter season.,397,442,446,447,482
"Cumberland, Subd. C",1211009,Consolidated Census Subdivision,prcptot_win,Total Precipitation (Winter),mm,The total precipitation above 1 mm for the winter season.,384,427,432,432,466
"Cumberland, Subd. D",1211014,Consolidated Census Subdivision,prcptot_win,Total Precipitation (Winter),mm,The total precipitation above 1 mm for the winter season.,393,438,442,440,475
Digby,1203004,Consolidated Census Subdivision,prcptot_win,Total Precipitation (Winter),mm,The total precipitation above 1 mm for the winter season.,426,467,483,484,522
East Hants,1208008,Consolidated Census Subdivision,prcptot_win,Total Precipitation (Winter),mm,The total precipitation above 1 mm for the winter season.,437,483,490,491,529
Guysborough,1213004,Consolidated Census Subdivision,prcptot_win,Total Precipitation (Winter),mm,The total precipitation above 1 mm for the winter season.,446,492,503,501,530
Halifax - Central,1209034B,Consolidated Census Subdivision,prcptot_win,Total Precipitation (Winter),mm,The total precipitation above 1 mm for the winter season.,463,510,518,520,561
Halifax - East,1209034A,Consolidated Census Subdivision,prcptot_win,Total Precipitation (Winter),mm,The total precipitation above 1 mm for the winter season.,451,494,507,507,543
Halifax - West,1209034C,Consolidated Census Subdivision,prcptot_win,Total Precipitation (Winter),mm,The total precipitation above 1 mm for the winter season.,465,513,520,522,563
"Inverness, Subd. A",1215011,Consolidated Census Subdivision,prcptot_win,Total Precipitation (Winter),mm,The total precipitation above 1 mm for the winter season.,506,550,571,563,598
"Inverness, Subd. B",1215006,Consolidated Census Subdivision,prcptot_win,Total Precipitation (Winter),mm,The total precipitation above 1 mm for the winter season.,468,510,524,522,551
"Inverness, Subd. C",1215001,Consolidated Census Subdivision,prcptot_win,Total Precipitation (Winter),mm,The total precipitation above 1 mm for the winter season.,465,510,521,520,549
"Kings, Subd. A",1207001,Consolidated Census Subdivision,prcptot_win,Total Precipitation (Winter),mm,The total precipitation above 1 mm for the winter season.,428,474,482,482,519
"Kings, Subd. B",1207016,Consolidated Census Subdivision,prcptot_win,Total Precipitation (Winter),mm,The total precipitation above 1 mm for the winter season.,413,458,464,465,501
"Kings, Subd. C",1207011,Consolidated Census Subdivision,prcptot_win,Total Precipitation (Winter),mm,The total precipitation above 1 mm for the winter season.,436,483,491,491,527
"Kings, Subd. D",1207021,Consolidated Census Subdivision,prcptot_win,Total Precipitation (Winter),mm,The total precipitation above 1 mm for the winter season.,431,478,485,486,522
Lunenburg,1206001,Consolidated Census Subdivision,prcptot_win,Total Precipitation (Winter),mm,The total precipitation above 1 mm for the winter season.,466,509,523,524,562
"Pictou, Subd. A",1212001,Consolidated Census Subdivision,prcptot_win,Total Precipitation (Winter),mm,The total precipitation above 1 mm for the winter season.,404,443,455,453,485
"Pictou, Subd. B",1212006,Consolidated Census Subdivision,prcptot_win,Total Precipitation (Winter),mm,The total precipitation above 1 mm for the winter season.,430,470,484,483,516
"Pictou, Subd. C",1212011,Consolidated Census Subdivision,prcptot_win,Total Precipitation (Winter),mm,The total precipitation above 1 mm for the winter season.,433,474,487,485,520
St. Mary's,1213001,Consolidated Census Subdivision,prcptot_win,Total Precipitation (Winter),mm,The total precipitation above 1 mm for the winter season.,447,493,504,504,537
Sydney and Surrounds,1217030B,Consolidated Census Subdivision,prcptot_win,Total Precipitation (Winter),mm,The total precipitation above 1 mm for the winter season.,534,586,587,596,628
West Hants,1208003,Consolidated Census Subdivision,prcptot_win,Total Precipitation (Winter),mm,The total precipitation above 1 mm for the winter season.,443,491,499,498,537
Yarmouth,1202004,Consolidated Census Subdivision,prcptot_win,Total Precipitation (Winter),mm,The total precipitation above 1 mm for the winter season.,424,458,475,482,506
Nova Scotia,12,Province,r20mm_ann,Number of Wet Days,days,The number of days when the precipitation was above 20 mm.,17,20,21,21,23
Annapolis,1205,Census Division,r20mm_ann,Number of Wet Days,days,The number of days when the precipitation was above 20 mm.,17,20,21,21,22
Antigonish,1214,Census Division,r20mm_ann,Number of Wet Days,days,The number of days when the precipitation was above 20 mm.,17,19,20,20,21
Cape Breton,1217,Census Division,r20mm_ann,Number of Wet Days,days,The number of days when the precipitation was above 20 mm.,19,22,22,22,24
Colchester,1210,Census Division,r20mm_ann,Number of Wet Days,days,The number of days when the precipitation was above 20 mm.,16,19,19,20,21
Cumberland,1211,Census Division,r20mm_ann,Number of Wet Days,days,The number of days when the precipitation was above 20 mm.,14,17,17,18,18
Digby,1203,Census Division,r20mm_ann,Number of Wet Days,days,The number of days when the precipitation was above 20 mm.,16,19,20,20,21
Guysborough,1213,Census Division,r20mm_ann,Number of Wet Days,days,The number of days when the precipitation was above 20 mm.,18,21,21,22,24
Halifax,1209,Census Division,r20mm_ann,Number of Wet Days,days,The number of days when the precipitation was above 20 mm.,20,23,23,23,24
Hants,1208,Census Division,r20mm_ann,Number of Wet Days,days,The number of days when the precipitation was above 20 mm.,18,21,22,22,23
Inverness,1215,Census Division,r20mm_ann,Number of Wet Days,days,The number of days when the precipitation was above 20 mm.,15,18,19,19,21
Kings,1207,Census Division,r20mm_ann,Number of Wet Days,days,The number of days when the precipitation was above 20 mm.,16,19,20,20,21
Lunenburg,1206,Census Division,r20mm_ann,Number of Wet Days,days,The number of days when the precipitation was above 20 mm.,20,23,24,24,25
Pictou,1212,Census Division,r20mm_ann,Number of Wet Days,days,The number of days when the precipitation was above 20 mm.,16,18,19,19,20
Queens,1204,Census Division / Consolidated Census Subdivision,r20mm_ann,Number of Wet Days,days,The number of days when the precipitation was above 20 mm.,20,23,24,25,26
Richmond,1216,Census Division / Consolidated Census Subdivision,r20mm_ann,Number of Wet Days,days,The number of days when the precipitation was above 20 mm.,18,20,21,21,23
Shelburne,1201,Census Division / Consolidated Census Subdivision,r20mm_ann,Number of Wet Days,days,The number of days when the precipitation was above 20 mm.,18,21,22,22,24
Victoria,1218,Census Division / Consolidated Census Subdivision,r20mm_ann,Number of Wet Days,days,The number of days when the precipitation was above 20 mm.,17,20,21,20,22
Yarmouth,1202,Census Division,r20mm_ann,Number of Wet Days,days,The number of days when the precipitation was above 20 mm.,17,20,21,21,22
"Annapolis, Subd. A",1205004,Consolidated Census Subdivision,r20mm_ann,Number of Wet Days,days,The number of days when the precipitation was above 20 mm.,16,19,20,20,21
"Annapolis, Subd. B",1205009,Consolidated Census Subdivision,r20mm_ann,Number of Wet Days,days,The number of days when the precipitation was above 20 mm.,15,19,19,20,21
"Annapolis, Subd. C",1205014,Consolidated Census Subdivision,r20mm_ann,Number of Wet Days,days,The number of days when the precipitation was above 20 mm.,15,18,19,19,20
"Annapolis, Subd. D",1205001,Consolidated Census Subdivision,r20mm_ann,Number of Wet Days,days,The number of days when the precipitation was above 20 mm.,18,21,21,22,23
"Antigonish, Subd. A",1214001,Consolidated Census Subdivision,r20mm_ann,Number of Wet Days,days,The number of days when the precipitation was above 20 mm.,16,19,19,20,21
"Antigonish, Subd. B",1214006,Consolidated Census Subdivision,r20mm_ann,Number of Wet Days,days,The number of days when the precipitation was above 20 mm.,17,20,20,20,22
Argyle,1202001,Consolidated Census Subdivision,r20mm_ann,Number of Wet Days,days,The number of days when the precipitation was above 20 mm.,17,20,21,21,22
Cape Breton - Outlying Areas,1217030A,Consolidated Census Subdivision,r20mm_ann,Number of Wet Days,days,The number of days when the precipitation was above 20 mm.,19,21,22,22,24
Chester,1206009,Consolidated Census Subdivision,r20mm_ann,Number of Wet Days,days,The number of days when the precipitation was above 20 mm.,20,23,23,24,24
Clare,1203001,Consolidated Census Subdivision,r20mm_ann,Number of Wet Days,days,The number of days when the precipitation was above 20 mm.,16,19,19,20,21
"Colchester, Subd. A",1210012,Consolidated Census Subdivision,r20mm_ann,Number of Wet Days,days,The number of days when the precipitation was above 20 mm.,15,18,19,19,20
"Colchester, Subd. B",1210008,Consolidated Census Subdivision,r20mm_ann,Number of Wet Days,days,The number of days when the precipitation was above 20 mm.,15,18,18,18,19
"Colchester, Subd. C",1210001,Consolidated Census Subdivision,r20mm_ann,Number of Wet Days,days,The number of days when the precipitation was above 20 mm.,17,21,21,21,22
"Cumberland, Subd. A",1211001,Consolidated Census Subdivision,r20mm_ann,Number of Wet Days,days,The number of days when the precipitation was above 20 mm.,14,18,18,18,19
"Cumberland, Subd. B",1211006,Consolidated Census Subdivision,r20mm_ann,Number of Wet Days,days,The number of days when the precipitation was above 20 mm.,14,17,18,18,19
"Cumberland, Subd. C",1211009,Consolidated Census Subdivision,r20mm_ann,Number of Wet Days,days,The number of days when the precipitation was above 20 mm.,13,16,16,17,18
"Cumberland, Subd. D",1211014,Consolidated Census Subdivision,r20mm_ann,Number of Wet Days,days,The number of days when the precipitation was above 20 mm.,13,17,17,17,18
Digby,1203004,Consolidated Census Subdivision,r20mm_ann,Number of Wet Days,days,The number of days when the precipitation was above 20 mm.,17,20,20,20,22
East Hants,1208008,Consolidated Census Subdivision,r20mm_ann,Number of Wet Days,days,The number of days when the precipitation was above 20 mm.,18,21,22,22,23
Guysborough,1213004,Consolidated Census Subdivision,r20mm_ann,Number of Wet Days,days,The number of days when the precipitation was above 20 mm.,18,21,21,22,23
Halifax - Central,1209034B,Consolidated Census Subdivision,r20mm_ann,Number of Wet Days,days,The number of days when the precipitation was above 20 mm.,21,24,24,25,26
Halifax - East,1209034A,Consolidated Census Subdivision,r20mm_ann,Number of Wet Days,days,The number of days when the precipitation was above 20 mm.,19,22,23,23,24
Halifax - West,1209034C,Consolidated Census Subdivision,r20mm_ann,Number of Wet Days,days,The number of days when the precipitation was above 20 mm.,21,23,24,25,26
"Inverness, Subd. A",1215011,Consolidated Census Subdivision,r20mm_ann,Number of Wet Days,days,The number of days when the precipitation was above 20 mm.,15,18,19,19,21
"Inverness, Subd. B",1215006,Consolidated Census Subdivision,r20mm_ann,Number of Wet Days,days,The number of days when the precipitation was above 20 mm.,15,18,19,19,21
"Inverness, Subd. C",1215001,Consolidated Census Subdivision,r20mm_ann,Number of Wet Days,days,The number of days when the precipitation was above 20 mm.,16,20,20,20,22
"Kings, Subd. A",1207001,Consolidated Census Subdivision,r20mm_ann,Number of Wet Days,days,The number of days when the precipitation was above 20 mm.,16,19,20,20,21
"Kings, Subd. B",1207016,Consolidated Census Subdivision,r20mm_ann,Number of Wet Days,days,The number of days when the precipitation was above 20 mm.,15,18,19,19,20
"Kings, Subd. C",1207011,Consolidated Census Subdivision,r20mm_ann,Number of Wet Days,days,The number of days when the precipitation was above 20 mm.,17,20,21,21,22
"Kings, Subd. D",1207021,Consolidated Census Subdivision,r20mm_ann,Number of Wet Days,days,The number of days when the precipitation was above 20 mm.,17,20,21,21,22
Lunenburg,1206001,Consolidated Census Subdivision,r20mm_ann,Number of Wet Days,days,The number of days when the precipitation was above 20 mm.,21,23,25,25,25
"Pictou, Subd. A",1212001,Consolidated Census Subdivision,r20mm_ann,Number of Wet Days,days,The number of days when the precipitation was above 20 mm.,14,17,17,17,18
"Pictou, Subd. B",1212006,Consolidated Census Subdivision,r20mm_ann,Number of Wet Days,days,The number of days when the precipitation was above 20 mm.,17,19,20,20,21
"Pictou, Subd. C",1212011,Consolidated Census Subdivision,r20mm_ann,Number of Wet Days,days,The number of days when the precipitation was above 20 mm.,17,19,19,20,21
St. Mary's,1213001,Consolidated Census Subdivision,r20mm_ann,Number of Wet Days,days,The number of days when the precipitation was above 20 mm.,18,21,22,22,24
Sydney and Surrounds,1217030B,Consolidated Census Subdivision,r20mm_ann,Number of Wet Days,days,The number of days when the precipitation was above 20 mm.,19,22,23,23,24
West Hants,1208003,Consolidated Census Subdivision,r20mm_ann,Number of Wet Days,days,The number of days when the precipitation was above 20 mm.,18,21,22,22,23
Yarmouth,1202004,Consolidated Census Subdivision,r20mm_ann,Number of Wet Days,days,The number of days when the precipitation was above 20 mm.,16,19,20,20,21
Nova Scotia,12,Province,rx1day,Maximum 1-day Precipitation,mm,The maximum rainfall that occurred over 1 day.,57,65,66,66,71
Annapolis,1205,Census Division,rx1day,Maximum 1-day Precipitation,mm,The maximum rainfall that occurred over 1 day.,56,64,64,65,71
Antigonish,1214,Census Division,rx1day,Maximum 1-day Precipitation,mm,The maximum rainfall that occurred over 1 day.,56,62,66,67,72
Cape Breton,1217,Census Division,rx1day,Maximum 1-day Precipitation,mm,The maximum rainfall that occurred over 1 day.,55,60,64,63,68
Colchester,1210,Census Division,rx1day,Maximum 1-day Precipitation,mm,The maximum rainfall that occurred over 1 day.,54,61,62,61,66
Cumberland,1211,Census Division,rx1day,Maximum 1-day Precipitation,mm,The maximum rainfall that occurred over 1 day.,51,58,58,58,64
Digby,1203,Census Division,rx1day,Maximum 1-day Precipitation,mm,The maximum rainfall that occurred over 1 day.,58,64,66,65,73
Guysborough,1213,Census Division,rx1day,Maximum 1-day Precipitation,mm,The maximum rainfall that occurred over 1 day.,56,62,64,65,73
Halifax,1209,Census Division,rx1day,Maximum 1-day Precipitation,mm,The maximum rainfall that occurred over 1 day.,63,71,72,72,78
Hants,1208,Census Division,rx1day,Maximum 1-day Precipitation,mm,The maximum rainfall that occurred over 1 day.,59,67,67,68,72
Inverness,1215,Census Division,rx1day,Maximum 1-day Precipitation,mm,The maximum rainfall that occurred over 1 day.,51,56,58,58,65
Kings,1207,Census Division,rx1day,Maximum 1-day Precipitation,mm,The maximum rainfall that occurred over 1 day.,54,61,61,63,68
Lunenburg,1206,Census Division,rx1day,Maximum 1-day Precipitation,mm,The maximum rainfall that occurred over 1 day.,64,73,73,75,80
Pictou,1212,Census Division,rx1day,Maximum 1-day Precipitation,mm,The maximum rainfall that occurred over 1 day.,56,64,66,66,72
Queens,1204,Census Division / Consolidated Census Subdivision,rx1day,Maximum 1-day Precipitation,mm,The maximum rainfall that occurred over 1 day.,64,73,74,74,81
Richmond,1216,Census Division / Consolidated Census Subdivision,rx1day,Maximum 1-day Precipitation,mm,The maximum rainfall that occurred over 1 day.,53,58,60,60,66
Shelburne,1201,Census Division / Consolidated Census Subdivision,rx1day,Maximum 1-day Precipitation,mm,The maximum rainfall that occurred over 1 day.,62,70,70,70,79
Victoria,1218,Census Division / Consolidated Census Subdivision,rx1day,Maximum 1-day Precipitation,mm,The maximum rainfall that occurred over 1 day.,53,58,61,61,66
Yarmouth,1202,Census Division,rx1day,Maximum 1-day Precipitation,mm,The maximum rainfall that occurred over 1 day.,61,67,68,68,77
"Annapolis, Subd. A",1205004,Consolidated Census Subdivision,rx1day,Maximum 1-day Precipitation,mm,The maximum rainfall that occurred over 1 day.,57,64,66,66,72
"Annapolis, Subd. B",1205009,Consolidated Census Subdivision,rx1day,Maximum 1-day Precipitation,mm,The maximum rainfall that occurred over 1 day.,55,62,62,63,68
"Annapolis, Subd. C",1205014,Consolidated Census Subdivision,rx1day,Maximum 1-day Precipitation,mm,The maximum rainfall that occurred over 1 day.,53,60,61,61,66
"Annapolis, Subd. D",1205001,Consolidated Census Subdivision,rx1day,Maximum 1-day Precipitation,mm,The maximum rainfall that occurred over 1 day.,57,65,65,66,72
"Antigonish, Subd. A",1214001,Consolidated Census Subdivision,rx1day,Maximum 1-day Precipitation,mm,The maximum rainfall that occurred over 1 day.,57,63,66,68,73
"Antigonish, Subd. B",1214006,Consolidated Census Subdivision,rx1day,Maximum 1-day Precipitation,mm,The maximum rainfall that occurred over 1 day.,55,61,64,65,71
Argyle,1202001,Consolidated Census Subdivision,rx1day,Maximum 1-day Precipitation,mm,The maximum rainfall that occurred over 1 day.,61,68,68,68,77
Cape Breton - Outlying Areas,1217030A,Consolidated Census Subdivision,rx1day,Maximum 1-day Precipitation,mm,The maximum rainfall that occurred over 1 day.,55,60,63,62,68
Chester,1206009,Consolidated Census Subdivision,rx1day,Maximum 1-day Precipitation,mm,The maximum rainfall that occurred over 1 day.,62,72,70,73,77
Clare,1203001,Consolidated Census Subdivision,rx1day,Maximum 1-day Precipitation,mm,The maximum rainfall that occurred over 1 day.,58,64,65,65,73
"Colchester, Subd. A",1210012,Consolidated Census Subdivision,rx1day,Maximum 1-day Precipitation,mm,The maximum rainfall that occurred over 1 day.,51,59,59,59,65
"Colchester, Subd. B",1210008,Consolidated Census Subdivision,rx1day,Maximum 1-day Precipitation,mm,The maximum rainfall that occurred over 1 day.,52,59,60,60,64
"Colchester, Subd. C",1210001,Consolidated Census Subdivision,rx1day,Maximum 1-day Precipitation,mm,The maximum rainfall that occurred over 1 day.,58,64,66,66,71
"Cumberland, Subd. A",1211001,Consolidated Census Subdivision,rx1day,Maximum 1-day Precipitation,mm,The maximum rainfall that occurred over 1 day.,51,59,59,60,65
"Cumberland, Subd. B",1211006,Consolidated Census Subdivision,rx1day,Maximum 1-day Precipitation,mm,The maximum rainfall that occurred over 1 day.,52,59,59,60,65
"Cumberland, Subd. C",1211009,Consolidated Census Subdivision,rx1day,Maximum 1-day Precipitation,mm,The maximum rainfall that occurred over 1 day.,51,58,59,59,64
"Cumberland, Subd. D",1211014,Consolidated Census Subdivision,rx1day,Maximum 1-day Precipitation,mm,The maximum rainfall that occurred over 1 day.,50,58,58,58,63
Digby,1203004,Consolidated Census Subdivision,rx1day,Maximum 1-day Precipitation,mm,The maximum rainfall that occurred over 1 day.,58,65,66,66,74
East Hants,1208008,Consolidated Census Subdivision,rx1day,Maximum 1-day Precipitation,mm,The maximum rainfall that occurred over 1 day.,58,67,67,67,72
Guysborough,1213004,Consolidated Census Subdivision,rx1day,Maximum 1-day Precipitation,mm,The maximum rainfall that occurred over 1 day.,55,60,63,63,70
Halifax - Central,1209034B,Consolidated Census Subdivision,rx1day,Maximum 1-day Precipitation,mm,The maximum rainfall that occurred over 1 day.,66,76,76,76,82
Halifax - East,1209034A,Consolidated Census Subdivision,rx1day,Maximum 1-day Precipitation,mm,The maximum rainfall that occurred over 1 day.,63,70,71,72,78
Halifax - West,1209034C,Consolidated Census Subdivision,rx1day,Maximum 1-day Precipitation,mm,The maximum rainfall that occurred over 1 day.,64,75,73,75,81
"Inverness, Subd. A",1215011,Consolidated Census Subdivision,rx1day,Maximum 1-day Precipitation,mm,The maximum rainfall that occurred over 1 day.,50,55,58,57,64
"Inverness, Subd. B",1215006,Consolidated Census Subdivision,rx1day,Maximum 1-day Precipitation,mm,The maximum rainfall that occurred over 1 day.,52,57,60,59,67
"Inverness, Subd. C",1215001,Consolidated Census Subdivision,rx1day,Maximum 1-day Precipitation,mm,The maximum rainfall that occurred over 1 day.,54,60,62,62,69
"Kings, Subd. A",1207001,Consolidated Census Subdivision,rx1day,Maximum 1-day Precipitation,mm,The maximum rainfall that occurred over 1 day.,53,61,61,62,68
"Kings, Subd. B",1207016,Consolidated Census Subdivision,rx1day,Maximum 1-day Precipitation,mm,The maximum rainfall that occurred over 1 day.,53,61,61,62,67
"Kings, Subd. C",1207011,Consolidated Census Subdivision,rx1day,Maximum 1-day Precipitation,mm,The maximum rainfall that occurred over 1 day.,55,63,63,64,70
"Kings, Subd. D",1207021,Consolidated Census Subdivision,rx1day,Maximum 1-day Precipitation,mm,The maximum rainfall that occurred over 1 day.,56,64,64,65,71
Lunenburg,1206001,Consolidated Census Subdivision,rx1day,Maximum 1-day Precipitation,mm,The maximum rainfall that occurred over 1 day.,66,75,75,77,83
"Pictou, Subd. A",1212001,Consolidated Census Subdivision,rx1day,Maximum 1-day Precipitation,mm,The maximum rainfall that occurred over 1 day.,53,60,61,61,67
"Pictou, Subd. B",1212006,Consolidated Census Subdivision,rx1day,Maximum 1-day Precipitation,mm,The maximum rainfall that occurred over 1 day.,58,65,68,68,74
"Pictou, Subd. C",1212011,Consolidated Census Subdivision,rx1day,Maximum 1-day Precipitation,mm,The maximum rainfall that occurred over 1 day.,59,65,68,68,74
St. Mary's,1213001,Consolidated Census Subdivision,rx1day,Maximum 1-day Precipitation,mm,The maximum rainfall that occurred over 1 day.,59,65,66,67,76
Sydney and Surrounds,1217030B,Consolidated Census Subdivision,rx1day,Maximum 1-day Precipitation,mm,The maximum rainfall that occurred over 1 day.,58,63,66,67,71
West Hants,1208003,Consolidated Census Subdivision,rx1day,Maximum 1-day Precipitation,mm,The maximum rainfall that occurred over 1 day.,60,69,68,69,75
Yarmouth,1202004,Consolidated Census Subdivision,rx1day,Maximum 1-day Precipitation,mm,The maximum rainfall that occurred over 1 day.,61,67,67,68,77
Nova Scotia,12,Province,rx5day,Maximum 5-day Precipitation,mm,The maximum rainfall that occurred over 5 consecutive days.,96,107,106,107,113
Annapolis,1205,Census Division,rx5day,Maximum 5-day Precipitation,mm,The maximum rainfall that occurred over 5 consecutive days.,93,107,106,105,112
Antigonish,1214,Census Division,rx5day,Maximum 5-day Precipitation,mm,The maximum rainfall that occurred over 5 consecutive days.,95,105,106,106,114
Cape Breton,1217,Census Division,rx5day,Maximum 5-day Precipitation,mm,The maximum rainfall that occurred over 5 consecutive days.,95,106,109,107,120
Colchester,1210,Census Division,rx5day,Maximum 5-day Precipitation,mm,The maximum rainfall that occurred over 5 consecutive days.,93,99,100,104,108
Cumberland,1211,Census Division,rx5day,Maximum 5-day Precipitation,mm,The maximum rainfall that occurred over 5 consecutive days.,86,95,96,98,104
Digby,1203,Census Division,rx5day,Maximum 5-day Precipitation,mm,The maximum rainfall that occurred over 5 consecutive days.,94,106,107,104,112
Guysborough,1213,Census Division,rx5day,Maximum 5-day Precipitation,mm,The maximum rainfall that occurred over 5 consecutive days.,96,108,107,107,113
Halifax,1209,Census Division,rx5day,Maximum 5-day Precipitation,mm,The maximum rainfall that occurred over 5 consecutive days.,103,112,114,118,123
Hants,1208,Census Division,rx5day,Maximum 5-day Precipitation,mm,The maximum rainfall that occurred over 5 consecutive days.,99,109,109,111,117
Inverness,1215,Census Division,rx5day,Maximum 5-day Precipitation,mm,The maximum rainfall that occurred over 5 consecutive days.,88,99,102,100,110
Kings,1207,Census Division,rx5day,Maximum 5-day Precipitation,mm,The maximum rainfall that occurred over 5 consecutive days.,93,104,103,103,110
Lunenburg,1206,Census Division,rx5day,Maximum 5-day Precipitation,mm,The maximum rainfall that occurred over 5 consecutive days.,105,120,118,118,125
Pictou,1212,Census Division,rx5day,Maximum 5-day Precipitation,mm,The maximum rainfall that occurred over 5 consecutive days.,93,102,105,105,113
Queens,1204,Census Division / Consolidated Census Subdivision,rx5day,Maximum 5-day Precipitation,mm,The maximum rainfall that occurred over 5 consecutive days.,106,120,119,117,128
Richmond,1216,Census Division / Consolidated Census Subdivision,rx5day,Maximum 5-day Precipitation,mm,The maximum rainfall that occurred over 5 consecutive days.,91,103,104,102,109
Shelburne,1201,Census Division / Consolidated Census Subdivision,rx5day,Maximum 5-day Precipitation,mm,The maximum rainfall that occurred over 5 consecutive days.,97,112,112,110,121
Victoria,1218,Census Division / Consolidated Census Subdivision,rx5day,Maximum 5-day Precipitation,mm,The maximum rainfall that occurred over 5 consecutive days.,92,104,105,104,115
Yarmouth,1202,Census Division,rx5day,Maximum 5-day Precipitation,mm,The maximum rainfall that occurred over 5 consecutive days.,95,109,110,105,114
"Annapolis, Subd. A",1205004,Consolidated Census Subdivision,rx5day,Maximum 5-day Precipitation,mm,The maximum rainfall that occurred over 5 consecutive days.,93,107,106,104,113
"Annapolis, Subd. B",1205009,Consolidated Census Subdivision,rx5day,Maximum 5-day Precipitation,mm,The maximum rainfall that occurred over 5 consecutive days.,90,104,102,103,109
"Annapolis, Subd. C",1205014,Consolidated Census Subdivision,rx5day,Maximum 5-day Precipitation,mm,The maximum rainfall that occurred over 5 consecutive days.,89,102,99,100,106
"Annapolis, Subd. D",1205001,Consolidated Census Subdivision,rx5day,Maximum 5-day Precipitation,mm,The maximum rainfall that occurred over 5 consecutive days.,95,109,108,107,114
"Antigonish, Subd. A",1214001,Consolidated Census Subdivision,rx5day,Maximum 5-day Precipitation,mm,The maximum rainfall that occurred over 5 consecutive days.,96,106,107,107,114
"Antigonish, Subd. B",1214006,Consolidated Census Subdivision,rx5day,Maximum 5-day Precipitation,mm,The maximum rainfall that occurred over 5 consecutive days.,95,105,106,105,113
Argyle,1202001,Consolidated Census Subdivision,rx5day,Maximum 5-day Precipitation,mm,The maximum rainfall that occurred over 5 consecutive days.,95,111,111,106,115
Cape Breton - Outlying Areas,1217030A,Consolidated Census Subdivision,rx5day,Maximum 5-day Precipitation,mm,The maximum rainfall that occurred over 5 consecutive days.,95,106,109,107,119
Chester,1206009,Consolidated Census Subdivision,rx5day,Maximum 5-day Precipitation,mm,The maximum rainfall that occurred over 5 consecutive days.,104,118,115,115,122
Clare,1203001,Consolidated Census Subdivision,rx5day,Maximum 5-day Precipitation,mm,The maximum rainfall that occurred over 5 consecutive days.,94,104,107,103,111
"Colchester, Subd. A",1210012,Consolidated Census Subdivision,rx5day,Maximum 5-day Precipitation,mm,The maximum rainfall that occurred over 5 consecutive days.,90,98,98,100,106
"Colchester, Subd. B",1210008,Consolidated Census Subdivision,rx5day,Maximum 5-day Precipitation,mm,The maximum rainfall that occurred over 5 consecutive days.,90,97,97,100,105
"Colchester, Subd. C",1210001,Consolidated Census Subdivision,rx5day,Maximum 5-day Precipitation,mm,The maximum rainfall that occurred over 5 consecutive days.,97,104,105,109,115
"Cumberland, Subd. A",1211001,Consolidated Census Subdivision,rx5day,Maximum 5-day Precipitation,mm,The maximum rainfall that occurred over 5 consecutive days.,86,98,97,101,105
"Cumberland, Subd. B",1211006,Consolidated Census Subdivision,rx5day,Maximum 5-day Precipitation,mm,The maximum rainfall that occurred over 5 consecutive days.,88,98,97,99,105
"Cumberland, Subd. C",1211009,Consolidated Census Subdivision,rx5day,Maximum 5-day Precipitation,mm,The maximum rainfall that occurred over 5 consecutive days.,86,94,96,97,103
"Cumberland, Subd. D",1211014,Consolidated Census Subdivision,rx5day,Maximum 5-day Precipitation,mm,The maximum rainfall that occurred over 5 consecutive days.,87,94,95,98,103
Digby,1203004,Consolidated Census Subdivision,rx5day,Maximum 5-day Precipitation,mm,The maximum rainfall that occurred over 5 consecutive days.,95,107,107,106,114
East Hants,1208008,Consolidated Census Subdivision,rx5day,Maximum 5-day Precipitation,mm,The maximum rainfall that occurred over 5 consecutive days.,99,108,109,112,116
Guysborough,1213004,Consolidated Census Subdivision,rx5day,Maximum 5-day Precipitation,mm,The maximum rainfall that occurred over 5 consecutive days.,94,105,105,104,109
Halifax - Central,1209034B,Consolidated Census Subdivision,rx5day,Maximum 5-day Precipitation,mm,The maximum rainfall that occurred over 5 consecutive days.,109,119,118,124,126
Halifax - East,1209034A,Consolidated Census Subdivision,rx5day,Maximum 5-day Precipitation,mm,The maximum rainfall that occurred over 5 consecutive days.,102,110,114,116,123
Halifax - West,1209034C,Consolidated Census Subdivision,rx5day,Maximum 5-day Precipitation,mm,The maximum rainfall that occurred over 5 consecutive days.,107,118,118,120,124
"Inverness, Subd. A",1215011,Consolidated Census Subdivision,rx5day,Maximum 5-day Precipitation,mm,The maximum rainfall that occurred over 5 consecutive days.,87,99,100,100,109
"Inverness, Subd. B",1215006,Consolidated Census Subdivision,rx5day,Maximum 5-day Precipitation,mm,The maximum rainfall that occurred over 5 consecutive days.,89,99,101,100,109
"Inverness, Subd. C",1215001,Consolidated Census Subdivision,rx5day,Maximum 5-day Precipitation,mm,The maximum rainfall that occurred over 5 consecutive days.,91,102,105,103,111
"Kings, Subd. A",1207001,Consolidated Census Subdivision,rx5day,Maximum 5-day Precipitation,mm,The maximum rainfall that occurred over 5 consecutive days.,91,104,102,102,109
"Kings, Subd. B",1207016,Consolidated Census Subdivision,rx5day,Maximum 5-day Precipitation,mm,The maximum rainfall that occurred over 5 consecutive days.,91,102,101,102,108
"Kings, Subd. C",1207011,Consolidated Census Subdivision,rx5day,Maximum 5-day Precipitation,mm,The maximum rainfall that occurred over 5 consecutive days.,96,107,106,106,112
"Kings, Subd. D",1207021,Consolidated Census Subdivision,rx5day,Maximum 5-day Precipitation,mm,The maximum rainfall that occurred over 5 consecutive days.,96,108,106,107,112
Lunenburg,1206001,Consolidated Census Subdivision,rx5day,Maximum 5-day Precipitation,mm,The maximum rainfall that occurred over 5 consecutive days.,107,121,120,119,128
"Pictou, Subd. A",1212001,Consolidated Census Subdivision,rx5day,Maximum 5-day Precipitation,mm,The maximum rainfall that occurred over 5 consecutive days.,88,97,98,100,106
"Pictou, Subd. B",1212006,Consolidated Census Subdivision,rx5day,Maximum 5-day Precipitation,mm,The maximum rainfall that occurred over 5 consecutive days.,96,104,107,108,117
"Pictou, Subd. C",1212011,Consolidated Census Subdivision,rx5day,Maximum 5-day Precipitation,mm,The maximum rainfall that occurred over 5 consecutive days.,96,106,108,108,117
St. Mary's,1213001,Consolidated Census Subdivision,rx5day,Maximum 5-day Precipitation,mm,The maximum rainfall that occurred over 5 consecutive days.,99,111,110,111,118
Sydney and Surrounds,1217030B,Consolidated Census Subdivision,rx5day,Maximum 5-day Precipitation,mm,The maximum rainfall that occurred over 5 consecutive days.,98,109,113,110,124
West Hants,1208003,Consolidated Census Subdivision,rx5day,Maximum 5-day Precipitation,mm,The maximum rainfall that occurred over 5 consecutive days.,101,112,111,112,119
Yarmouth,1202004,Consolidated Census Subdivision,rx5day,Maximum 5-day Precipitation,mm,The maximum rainfall that occurred over 5 consecutive days.,94,108,109,104,114
Nova Scotia,12,Province,sd15_ann,Snowdays (Annual),days,"Number of days in the year with snowfall above 15 cm, assuming a 10:1 liquid water equivalent.",7,5,5,5,3
Annapolis,1205,Census Division,sd15_ann,Snowdays (Annual),days,"Number of days in the year with snowfall above 15 cm, assuming a 10:1 liquid water equivalent.",7,5,4,4,2
Antigonish,1214,Census Division,sd15_ann,Snowdays (Annual),days,"Number of days in the year with snowfall above 15 cm, assuming a 10:1 liquid water equivalent.",8,6,5,6,4
Cape Breton,1217,Census Division,sd15_ann,Snowdays (Annual),days,"Number of days in the year with snowfall above 15 cm, assuming a 10:1 liquid water equivalent.",8,6,6,6,3
Colchester,1210,Census Division,sd15_ann,Snowdays (Annual),days,"Number of days in the year with snowfall above 15 cm, assuming a 10:1 liquid water equivalent.",8,6,6,6,4
Cumberland,1211,Census Division,sd15_ann,Snowdays (Annual),days,"Number of days in the year with snowfall above 15 cm, assuming a 10:1 liquid water equivalent.",7,6,6,5,4
Digby,1203,Census Division,sd15_ann,Snowdays (Annual),days,"Number of days in the year with snowfall above 15 cm, assuming a 10:1 liquid water equivalent.",5,3,3,3,1
Guysborough,1213,Census Division,sd15_ann,Snowdays (Annual),days,"Number of days in the year with snowfall above 15 cm, assuming a 10:1 liquid water equivalent.",7,6,5,5,3
Halifax,1209,Census Division,sd15_ann,Snowdays (Annual),days,"Number of days in the year with snowfall above 15 cm, assuming a 10:1 liquid water equivalent.",7,5,4,5,3
Hants,1208,Census Division,sd15_ann,Snowdays (Annual),days,"Number of days in the year with snowfall above 15 cm, assuming a 10:1 liquid water equivalent.",7,6,5,5,3
Inverness,1215,Census Division,sd15_ann,Snowdays (Annual),days,"Number of days in the year with snowfall above 15 cm, assuming a 10:1 liquid water equivalent.",8,7,7,6,5
Kings,1207,Census Division,sd15_ann,Snowdays (Annual),days,"Number of days in the year with snowfall above 15 cm, assuming a 10:1 liquid water equivalent.",7,6,5,5,3
Lunenburg,1206,Census Division,sd15_ann,Snowdays (Annual),days,"Number of days in the year with snowfall above 15 cm, assuming a 10:1 liquid water equivalent.",7,5,4,5,2
Pictou,1212,Census Division,sd15_ann,Snowdays (Annual),days,"Number of days in the year with snowfall above 15 cm, assuming a 10:1 liquid water equivalent.",8,6,6,6,4
Queens,1204,Census Division / Consolidated Census Subdivision,sd15_ann,Snowdays (Annual),days,"Number of days in the year with snowfall above 15 cm, assuming a 10:1 liquid water equivalent.",6,4,3,4,2
Richmond,1216,Census Division / Consolidated Census Subdivision,sd15_ann,Snowdays (Annual),days,"Number of days in the year with snowfall above 15 cm, assuming a 10:1 liquid water equivalent.",7,6,5,5,3
Shelburne,1201,Census Division / Consolidated Census Subdivision,sd15_ann,Snowdays (Annual),days,"Number of days in the year with snowfall above 15 cm, assuming a 10:1 liquid water equivalent.",5,3,2,2,1
Victoria,1218,Census Division / Consolidated Census Subdivision,sd15_ann,Snowdays (Annual),days,"Number of days in the year with snowfall above 15 cm, assuming a 10:1 liquid water equivalent.",10,8,7,7,5
Yarmouth,1202,Census Division,sd15_ann,Snowdays (Annual),days,"Number of days in the year with snowfall above 15 cm, assuming a 10:1 liquid water equivalent.",4,3,2,2,1
"Annapolis, Subd. A",1205004,Consolidated Census Subdivision,sd15_ann,Snowdays (Annual),days,"Number of days in the year with snowfall above 15 cm, assuming a 10:1 liquid water equivalent.",6,5,4,4,2
"Annapolis, Subd. B",1205009,Consolidated Census Subdivision,sd15_ann,Snowdays (Annual),days,"Number of days in the year with snowfall above 15 cm, assuming a 10:1 liquid water equivalent.",6,5,4,5,3
"Annapolis, Subd. C",1205014,Consolidated Census Subdivision,sd15_ann,Snowdays (Annual),days,"Number of days in the year with snowfall above 15 cm, assuming a 10:1 liquid water equivalent.",6,5,4,5,3
"Annapolis, Subd. D",1205001,Consolidated Census Subdivision,sd15_ann,Snowdays (Annual),days,"Number of days in the year with snowfall above 15 cm, assuming a 10:1 liquid water equivalent.",7,5,4,4,2
"Antigonish, Subd. A",1214001,Consolidated Census Subdivision,sd15_ann,Snowdays (Annual),days,"Number of days in the year with snowfall above 15 cm, assuming a 10:1 liquid water equivalent.",8,6,6,5,4
"Antigonish, Subd. B",1214006,Consolidated Census Subdivision,sd15_ann,Snowdays (Annual),days,"Number of days in the year with snowfall above 15 cm, assuming a 10:1 liquid water equivalent.",8,6,5,5,4
Argyle,1202001,Consolidated Census Subdivision,sd15_ann,Snowdays (Annual),days,"Number of days in the year with snowfall above 15 cm, assuming a 10:1 liquid water equivalent.",5,3,2,2,1
Cape Breton - Outlying Areas,1217030A,Consolidated Census Subdivision,sd15_ann,Snowdays (Annual),days,"Number of days in the year with snowfall above 15 cm, assuming a 10:1 liquid water equivalent.",8,6,6,6,3
Chester,1206009,Consolidated Census Subdivision,sd15_ann,Snowdays (Annual),days,"Number of days in the year with snowfall above 15 cm, assuming a 10:1 liquid water equivalent.",8,6,5,5,3
Clare,1203001,Consolidated Census Subdivision,sd15_ann,Snowdays (Annual),days,"Number of days in the year with snowfall above 15 cm, assuming a 10:1 liquid water equivalent.",4,3,2,2,1
"Colchester, Subd. A",1210012,Consolidated Census Subdivision,sd15_ann,Snowdays (Annual),days,"Number of days in the year with snowfall above 15 cm, assuming a 10:1 liquid water equivalent.",8,6,6,6,4
"Colchester, Subd. B",1210008,Consolidated Census Subdivision,sd15_ann,Snowdays (Annual),days,"Number of days in the year with snowfall above 15 cm, assuming a 10:1 liquid water equivalent.",7,6,6,6,4
"Colchester, Subd. C",1210001,Consolidated Census Subdivision,sd15_ann,Snowdays (Annual),days,"Number of days in the year with snowfall above 15 cm, assuming a 10:1 liquid water equivalent.",8,6,5,5,4
"Cumberland, Subd. A",1211001,Consolidated Census Subdivision,sd15_ann,Snowdays (Annual),days,"Number of days in the year with snowfall above 15 cm, assuming a 10:1 liquid water equivalent.",7,6,5,5,4
"Cumberland, Subd. B",1211006,Consolidated Census Subdivision,sd15_ann,Snowdays (Annual),days,"Number of days in the year with snowfall above 15 cm, assuming a 10:1 liquid water equivalent.",7,6,6,6,4
"Cumberland, Subd. C",1211009,Consolidated Census Subdivision,sd15_ann,Snowdays (Annual),days,"Number of days in the year with snowfall above 15 cm, assuming a 10:1 liquid water equivalent.",7,6,6,5,4
"Cumberland, Subd. D",1211014,Consolidated Census Subdivision,sd15_ann,Snowdays (Annual),days,"Number of days in the year with snowfall above 15 cm, assuming a 10:1 liquid water equivalent.",7,6,6,6,4
Digby,1203004,Consolidated Census Subdivision,sd15_ann,Snowdays (Annual),days,"Number of days in the year with snowfall above 15 cm, assuming a 10:1 liquid water equivalent.",5,4,3,3,1
East Hants,1208008,Consolidated Census Subdivision,sd15_ann,Snowdays (Annual),days,"Number of days in the year with snowfall above 15 cm, assuming a 10:1 liquid water equivalent.",7,6,5,5,3
Guysborough,1213004,Consolidated Census Subdivision,sd15_ann,Snowdays (Annual),days,"Number of days in the year with snowfall above 15 cm, assuming a 10:1 liquid water equivalent.",7,6,5,5,3
Halifax - Central,1209034B,Consolidated Census Subdivision,sd15_ann,Snowdays (Annual),days,"Number of days in the year with snowfall above 15 cm, assuming a 10:1 liquid water equivalent.",7,5,4,4,2
Halifax - East,1209034A,Consolidated Census Subdivision,sd15_ann,Snowdays (Annual),days,"Number of days in the year with snowfall above 15 cm, assuming a 10:1 liquid water equivalent.",7,5,5,5,3
Halifax - West,1209034C,Consolidated Census Subdivision,sd15_ann,Snowdays (Annual),days,"Number of days in the year with snowfall above 15 cm, assuming a 10:1 liquid water equivalent.",7,5,4,4,2
"Inverness, Subd. A",1215011,Consolidated Census Subdivision,sd15_ann,Snowdays (Annual),days,"Number of days in the year with snowfall above 15 cm, assuming a 10:1 liquid water equivalent.",9,8,8,7,5
"Inverness, Subd. B",1215006,Consolidated Census Subdivision,sd15_ann,Snowdays (Annual),days,"Number of days in the year with snowfall above 15 cm, assuming a 10:1 liquid water equivalent.",8,6,6,6,4
"Inverness, Subd. C",1215001,Consolidated Census Subdivision,sd15_ann,Snowdays (Annual),days,"Number of days in the year with snowfall above 15 cm, assuming a 10:1 liquid water equivalent.",8,6,6,5,4
"Kings, Subd. A",1207001,Consolidated Census Subdivision,sd15_ann,Snowdays (Annual),days,"Number of days in the year with snowfall above 15 cm, assuming a 10:1 liquid water equivalent.",7,6,5,5,3
"Kings, Subd. B",1207016,Consolidated Census Subdivision,sd15_ann,Snowdays (Annual),days,"Number of days in the year with snowfall above 15 cm, assuming a 10:1 liquid water equivalent.",7,6,5,5,3
"Kings, Subd. C",1207011,Consolidated Census Subdivision,sd15_ann,Snowdays (Annual),days,"Number of days in the year with snowfall above 15 cm, assuming a 10:1 liquid water equivalent.",7,6,5,6,3
"Kings, Subd. D",1207021,Consolidated Census Subdivision,sd15_ann,Snowdays (Annual),days,"Number of days in the year with snowfall above 15 cm, assuming a 10:1 liquid water equivalent.",7,6,5,5,3
Lunenburg,1206001,Consolidated Census Subdivision,sd15_ann,Snowdays (Annual),days,"Number of days in the year with snowfall above 15 cm, assuming a 10:1 liquid water equivalent.",7,5,4,4,2
"Pictou, Subd. A",1212001,Consolidated Census Subdivision,sd15_ann,Snowdays (Annual),days,"Number of days in the year with snowfall above 15 cm, assuming a 10:1 liquid water equivalent.",7,6,6,5,4
"Pictou, Subd. B",1212006,Consolidated Census Subdivision,sd15_ann,Snowdays (Annual),days,"Number of days in the year with snowfall above 15 cm, assuming a 10:1 liquid water equivalent.",8,6,6,6,4
"Pictou, Subd. C",1212011,Consolidated Census Subdivision,sd15_ann,Snowdays (Annual),days,"Number of days in the year with snowfall above 15 cm, assuming a 10:1 liquid water equivalent.",8,7,6,6,4
St. Mary's,1213001,Consolidated Census Subdivision,sd15_ann,Snowdays (Annual),days,"Number of days in the year with snowfall above 15 cm, assuming a 10:1 liquid water equivalent.",8,6,5,5,3
Sydney and Surrounds,1217030B,Consolidated Census Subdivision,sd15_ann,Snowdays (Annual),days,"Number of days in the year with snowfall above 15 cm, assuming a 10:1 liquid water equivalent.",9,6,6,6,3
West Hants,1208003,Consolidated Census Subdivision,sd15_ann,Snowdays (Annual),days,"Number of days in the year with snowfall above 15 cm, assuming a 10:1 liquid water equivalent.",8,6,5,5,3
Yarmouth,1202004,Consolidated Census Subdivision,sd15_ann,Snowdays (Annual),days,"Number of days in the year with snowfall above 15 cm, assuming a 10:1 liquid water equivalent.",4,2,2,2,1
Nova Scotia,12,Province,sd15_fal,Snowdays (Fall),days,"Number of days in fall with snowfall above 15 cm, assuming a 10:1 liquid water equivalent.",0,0,0,0,0
Annapolis,1205,Census Division,sd15_fal,Snowdays (Fall),days,"Number of days in fall with snowfall above 15 cm, assuming a 10:1 liquid water equivalent.",0,0,0,0,0
Antigonish,1214,Census Division,sd15_fal,Snowdays (Fall),days,"Number of days in fall with snowfall above 15 cm, assuming a 10:1 liquid water equivalent.",0,0,0,0,0
Cape Breton,1217,Census Division,sd15_fal,Snowdays (Fall),days,"Number of days in fall with snowfall above 15 cm, assuming a 10:1 liquid water equivalent.",0,0,0,0,0
Colchester,1210,Census Division,sd15_fal,Snowdays (Fall),days,"Number of days in fall with snowfall above 15 cm, assuming a 10:1 liquid water equivalent.",0,0,0,0,0
Cumberland,1211,Census Division,sd15_fal,Snowdays (Fall),days,"Number of days in fall with snowfall above 15 cm, assuming a 10:1 liquid water equivalent.",0,0,0,0,0
Digby,1203,Census Division,sd15_fal,Snowdays (Fall),days,"Number of days in fall with snowfall above 15 cm, assuming a 10:1 liquid water equivalent.",0,0,0,0,0
Guysborough,1213,Census Division,sd15_fal,Snowdays (Fall),days,"Number of days in fall with snowfall above 15 cm, assuming a 10:1 liquid water equivalent.",0,0,0,0,0
Halifax,1209,Census Division,sd15_fal,Snowdays (Fall),days,"Number of days in fall with snowfall above 15 cm, assuming a 10:1 liquid water equivalent.",0,0,0,0,0
Hants,1208,Census Division,sd15_fal,Snowdays (Fall),days,"Number of days in fall with snowfall above 15 cm, assuming a 10:1 liquid water equivalent.",0,0,0,0,0
Inverness,1215,Census Division,sd15_fal,Snowdays (Fall),days,"Number of days in fall with snowfall above 15 cm, assuming a 10:1 liquid water equivalent.",0,0,0,0,0
Kings,1207,Census Division,sd15_fal,Snowdays (Fall),days,"Number of days in fall with snowfall above 15 cm, assuming a 10:1 liquid water equivalent.",0,0,0,0,0
Lunenburg,1206,Census Division,sd15_fal,Snowdays (Fall),days,"Number of days in fall with snowfall above 15 cm, assuming a 10:1 liquid water equivalent.",0,0,0,0,0
Pictou,1212,Census Division,sd15_fal,Snowdays (Fall),days,"Number of days in fall with snowfall above 15 cm, assuming a 10:1 liquid water equivalent.",0,0,0,0,0
Queens,1204,Census Division / Consolidated Census Subdivision,sd15_fal,Snowdays (Fall),days,"Number of days in fall with snowfall above 15 cm, assuming a 10:1 liquid water equivalent.",0,0,0,0,0
Richmond,1216,Census Division / Consolidated Census Subdivision,sd15_fal,Snowdays (Fall),days,"Number of days in fall with snowfall above 15 cm, assuming a 10:1 liquid water equivalent.",0,0,0,0,0
Shelburne,1201,Census Division / Consolidated Census Subdivision,sd15_fal,Snowdays (Fall),days,"Number of days in fall with snowfall above 15 cm, assuming a 10:1 liquid water equivalent.",0,0,0,0,0
Victoria,1218,Census Division / Consolidated Census Subdivision,sd15_fal,Snowdays (Fall),days,"Number of days in fall with snowfall above 15 cm, assuming a 10:1 liquid water equivalent.",0,0,0,0,0
Yarmouth,1202,Census Division,sd15_fal,Snowdays (Fall),days,"Number of days in fall with snowfall above 15 cm, assuming a 10:1 liquid water equivalent.",0,0,0,0,0
"Annapolis, Subd. A",1205004,Consolidated Census Subdivision,sd15_fal,Snowdays (Fall),days,"Number of days in fall with snowfall above 15 cm, assuming a 10:1 liquid water equivalent.",0,0,0,0,0
"Annapolis, Subd. B",1205009,Consolidated Census Subdivision,sd15_fal,Snowdays (Fall),days,"Number of days in fall with snowfall above 15 cm, assuming a 10:1 liquid water equivalent.",0,0,0,0,0
"Annapolis, Subd. C",1205014,Consolidated Census Subdivision,sd15_fal,Snowdays (Fall),days,"Number of days in fall with snowfall above 15 cm, assuming a 10:1 liquid water equivalent.",0,0,0,0,0
"Annapolis, Subd. D",1205001,Consolidated Census Subdivision,sd15_fal,Snowdays (Fall),days,"Number of days in fall with snowfall above 15 cm, assuming a 10:1 liquid water equivalent.",0,0,0,0,0
"Antigonish, Subd. A",1214001,Consolidated Census Subdivision,sd15_fal,Snowdays (Fall),days,"Number of days in fall with snowfall above 15 cm, assuming a 10:1 liquid water equivalent.",0,0,0,0,0
"Antigonish, Subd. B",1214006,Consolidated Census Subdivision,sd15_fal,Snowdays (Fall),days,"Number of days in fall with snowfall above 15 cm, assuming a 10:1 liquid water equivalent.",0,0,0,0,0
Argyle,1202001,Consolidated Census Subdivision,sd15_fal,Snowdays (Fall),days,"Number of days in fall with snowfall above 15 cm, assuming a 10:1 liquid water equivalent.",0,0,0,0,0
Cape Breton - Outlying Areas,1217030A,Consolidated Census Subdivision,sd15_fal,Snowdays (Fall),days,"Number of days in fall with snowfall above 15 cm, assuming a 10:1 liquid water equivalent.",0,0,0,0,0
Chester,1206009,Consolidated Census Subdivision,sd15_fal,Snowdays (Fall),days,"Number of days in fall with snowfall above 15 cm, assuming a 10:1 liquid water equivalent.",0,0,0,0,0
Clare,1203001,Consolidated Census Subdivision,sd15_fal,Snowdays (Fall),days,"Number of days in fall with snowfall above 15 cm, assuming a 10:1 liquid water equivalent.",0,0,0,0,0
"Colchester, Subd. A",1210012,Consolidated Census Subdivision,sd15_fal,Snowdays (Fall),days,"Number of days in fall with snowfall above 15 cm, assuming a 10:1 liquid water equivalent.",0,0,0,0,0
"Colchester, Subd. B",1210008,Consolidated Census Subdivision,sd15_fal,Snowdays (Fall),days,"Number of days in fall with snowfall above 15 cm, assuming a 10:1 liquid water equivalent.",0,0,0,0,0
"Colchester, Subd. C",1210001,Consolidated Census Subdivision,sd15_fal,Snowdays (Fall),days,"Number of days in fall with snowfall above 15 cm, assuming a 10:1 liquid water equivalent.",0,0,0,0,0
"Cumberland, Subd. A",1211001,Consolidated Census Subdivision,sd15_fal,Snowdays (Fall),days,"Number of days in fall with snowfall above 15 cm, assuming a 10:1 liquid water equivalent.",0,0,0,0,0
"Cumberland, Subd. B",1211006,Consolidated Census Subdivision,sd15_fal,Snowdays (Fall),days,"Number of days in fall with snowfall above 15 cm, assuming a 10:1 liquid water equivalent.",0,0,0,0,0
"Cumberland, Subd. C",1211009,Consolidated Census Subdivision,sd15_fal,Snowdays (Fall),days,"Number of days in fall with snowfall above 15 cm, assuming a 10:1 liquid water equivalent.",0,0,0,0,0
"Cumberland, Subd. D",1211014,Consolidated Census Subdivision,sd15_fal,Snowdays (Fall),days,"Number of days in fall with snowfall above 15 cm, assuming a 10:1 liquid water equivalent.",0,0,0,0,0
Digby,1203004,Consolidated Census Subdivision,sd15_fal,Snowdays (Fall),days,"Number of days in fall with snowfall above 15 cm, assuming a 10:1 liquid water equivalent.",0,0,0,0,0
East Hants,1208008,Consolidated Census Subdivision,sd15_fal,Snowdays (Fall),days,"Number of days in fall with snowfall above 15 cm, assuming a 10:1 liquid water equivalent.",0,0,0,0,0
Guysborough,1213004,Consolidated Census Subdivision,sd15_fal,Snowdays (Fall),days,"Number of days in fall with snowfall above 15 cm, assuming a 10:1 liquid water equivalent.",0,0,0,0,0
Halifax - Central,1209034B,Consolidated Census Subdivision,sd15_fal,Snowdays (Fall),days,"Number of days in fall with snowfall above 15 cm, assuming a 10:1 liquid water equivalent.",0,0,0,0,0
Halifax - East,1209034A,Consolidated Census Subdivision,sd15_fal,Snowdays (Fall),days,"Number of days in fall with snowfall above 15 cm, assuming a 10:1 liquid water equivalent.",0,0,0,0,0
Halifax - West,1209034C,Consolidated Census Subdivision,sd15_fal,Snowdays (Fall),days,"Number of days in fall with snowfall above 15 cm, assuming a 10:1 liquid water equivalent.",0,0,0,0,0
"Inverness, Subd. A",1215011,Consolidated Census Subdivision,sd15_fal,Snowdays (Fall),days,"Number of days in fall with snowfall above 15 cm, assuming a 10:1 liquid water equivalent.",0,0,0,0,0
"Inverness, Subd. B",1215006,Consolidated Census Subdivision,sd15_fal,Snowdays (Fall),days,"Number of days in fall with snowfall above 15 cm, assuming a 10:1 liquid water equivalent.",0,0,0,0,0
"Inverness, Subd. C",1215001,Consolidated Census Subdivision,sd15_fal,Snowdays (Fall),days,"Number of days in fall with snowfall above 15 cm, assuming a 10:1 liquid water equivalent.",0,0,0,0,0
"Kings, Subd. A",1207001,Consolidated Census Subdivision,sd15_fal,Snowdays (Fall),days,"Number of days in fall with snowfall above 15 cm, assuming a 10:1 liquid water equivalent.",0,0,0,0,0
"Kings, Subd. B",1207016,Consolidated Census Subdivision,sd15_fal,Snowdays (Fall),days,"Number of days in fall with snowfall above 15 cm, assuming a 10:1 liquid water equivalent.",0,0,0,0,0
"Kings, Subd. C",1207011,Consolidated Census Subdivision,sd15_fal,Snowdays (Fall),days,"Number of days in fall with snowfall above 15 cm, assuming a 10:1 liquid water equivalent.",0,0,0,0,0
"Kings, Subd. D",1207021,Consolidated Census Subdivision,sd15_fal,Snowdays (Fall),days,"Number of days in fall with snowfall above 15 cm, assuming a 10:1 liquid water equivalent.",0,0,0,0,0
Lunenburg,1206001,Consolidated Census Subdivision,sd15_fal,Snowdays (Fall),days,"Number of days in fall with snowfall above 15 cm, assuming a 10:1 liquid water equivalent.",0,0,0,0,0
"Pictou, Subd. A",1212001,Consolidated Census Subdivision,sd15_fal,Snowdays (Fall),days,"Number of days in fall with snowfall above 15 cm, assuming a 10:1 liquid water equivalent.",0,0,0,0,0
"Pictou, Subd. B",1212006,Consolidated Census Subdivision,sd15_fal,Snowdays (Fall),days,"Number of days in fall with snowfall above 15 cm, assuming a 10:1 liquid water equivalent.",0,0,0,0,0
"Pictou, Subd. C",1212011,Consolidated Census Subdivision,sd15_fal,Snowdays (Fall),days,"Number of days in fall with snowfall above 15 cm, assuming a 10:1 liquid water equivalent.",0,0,0,0,0
St. Mary's,1213001,Consolidated Census Subdivision,sd15_fal,Snowdays (Fall),days,"Number of days in fall with snowfall above 15 cm, assuming a 10:1 liquid water equivalent.",0,0,0,0,0
Sydney and Surrounds,1217030B,Consolidated Census Subdivision,sd15_fal,Snowdays (Fall),days,"Number of days in fall with snowfall above 15 cm, assuming a 10:1 liquid water equivalent.",0,0,0,0,0
West Hants,1208003,Consolidated Census Subdivision,sd15_fal,Snowdays (Fall),days,"Number of days in fall with snowfall above 15 cm, assuming a 10:1 liquid water equivalent.",0,0,0,0,0
Yarmouth,1202004,Consolidated Census Subdivision,sd15_fal,Snowdays (Fall),days,"Number of days in fall with snowfall above 15 cm, assuming a 10:1 liquid water equivalent.",0,0,0,0,0
Nova Scotia,12,Province,sd15_spr,Snowdays (Spring),days,"Number of days in spring with snowfall above 15 cm, assuming a 10:1 liquid water equivalent.",2,1,1,1,0
Annapolis,1205,Census Division,sd15_spr,Snowdays (Spring),days,"Number of days in spring with snowfall above 15 cm, assuming a 10:1 liquid water equivalent.",1,1,1,1,0
Antigonish,1214,Census Division,sd15_spr,Snowdays (Spring),days,"Number of days in spring with snowfall above 15 cm, assuming a 10:1 liquid water equivalent.",2,1,1,1,1
Cape Breton,1217,Census Division,sd15_spr,Snowdays (Spring),days,"Number of days in spring with snowfall above 15 cm, assuming a 10:1 liquid water equivalent.",2,2,1,1,1
Colchester,1210,Census Division,sd15_spr,Snowdays (Spring),days,"Number of days in spring with snowfall above 15 cm, assuming a 10:1 liquid water equivalent.",2,1,1,1,1
Cumberland,1211,Census Division,sd15_spr,Snowdays (Spring),days,"Number of days in spring with snowfall above 15 cm, assuming a 10:1 liquid water equivalent.",2,1,1,1,1
Digby,1203,Census Division,sd15_spr,Snowdays (Spring),days,"Number of days in spring with snowfall above 15 cm, assuming a 10:1 liquid water equivalent.",1,0,0,0,0
Guysborough,1213,Census Division,sd15_spr,Snowdays (Spring),days,"Number of days in spring with snowfall above 15 cm, assuming a 10:1 liquid water equivalent.",2,1,1,1,1
Halifax,1209,Census Division,sd15_spr,Snowdays (Spring),days,"Number of days in spring with snowfall above 15 cm, assuming a 10:1 liquid water equivalent.",2,1,1,1,0
Hants,1208,Census Division,sd15_spr,Snowdays (Spring),days,"Number of days in spring with snowfall above 15 cm, assuming a 10:1 liquid water equivalent.",1,1,1,1,0
Inverness,1215,Census Division,sd15_spr,Snowdays (Spring),days,"Number of days in spring with snowfall above 15 cm, assuming a 10:1 liquid water equivalent.",2,2,1,2,1
Kings,1207,Census Division,sd15_spr,Snowdays (Spring),days,"Number of days in spring with snowfall above 15 cm, assuming a 10:1 liquid water equivalent.",1,1,1,1,0
Lunenburg,1206,Census Division,sd15_spr,Snowdays (Spring),days,"Number of days in spring with snowfall above 15 cm, assuming a 10:1 liquid water equivalent.",1,1,1,1,0
Pictou,1212,Census Division,sd15_spr,Snowdays (Spring),days,"Number of days in spring with snowfall above 15 cm, assuming a 10:1 liquid water equivalent.",2,1,1,1,1
Queens,1204,Census Division / Consolidated Census Subdivision,sd15_spr,Snowdays (Spring),days,"Number of days in spring with snowfall above 15 cm, assuming a 10:1 liquid water equivalent.",1,1,0,1,0
Richmond,1216,Census Division / Consolidated Census Subdivision,sd15_spr,Snowdays (Spring),days,"Number of days in spring with snowfall above 15 cm, assuming a 10:1 liquid water equivalent.",2,1,1,1,1
Shelburne,1201,Census Division / Consolidated Census Subdivision,sd15_spr,Snowdays (Spring),days,"Number of days in spring with snowfall above 15 cm, assuming a 10:1 liquid water equivalent.",1,0,0,0,0
Victoria,1218,Census Division / Consolidated Census Subdivision,sd15_spr,Snowdays (Spring),days,"Number of days in spring with snowfall above 15 cm, assuming a 10:1 liquid water equivalent.",3,2,2,2,1
Yarmouth,1202,Census Division,sd15_spr,Snowdays (Spring),days,"Number of days in spring with snowfall above 15 cm, assuming a 10:1 liquid water equivalent.",1,0,0,0,0
"Annapolis, Subd. A",1205004,Consolidated Census Subdivision,sd15_spr,Snowdays (Spring),days,"Number of days in spring with snowfall above 15 cm, assuming a 10:1 liquid water equivalent.",1,1,0,1,0
"Annapolis, Subd. B",1205009,Consolidated Census Subdivision,sd15_spr,Snowdays (Spring),days,"Number of days in spring with snowfall above 15 cm, assuming a 10:1 liquid water equivalent.",1,1,1,1,0
"Annapolis, Subd. C",1205014,Consolidated Census Subdivision,sd15_spr,Snowdays (Spring),days,"Number of days in spring with snowfall above 15 cm, assuming a 10:1 liquid water equivalent.",1,1,1,1,0
"Annapolis, Subd. D",1205001,Consolidated Census Subdivision,sd15_spr,Snowdays (Spring),days,"Number of days in spring with snowfall above 15 cm, assuming a 10:1 liquid water equivalent.",1,1,1,1,0
"Antigonish, Subd. A",1214001,Consolidated Census Subdivision,sd15_spr,Snowdays (Spring),days,"Number of days in spring with snowfall above 15 cm, assuming a 10:1 liquid water equivalent.",2,1,1,1,1
"Antigonish, Subd. B",1214006,Consolidated Census Subdivision,sd15_spr,Snowdays (Spring),days,"Number of days in spring with snowfall above 15 cm, assuming a 10:1 liquid water equivalent.",2,1,1,1,1
Argyle,1202001,Consolidated Census Subdivision,sd15_spr,Snowdays (Spring),days,"Number of days in spring with snowfall above 15 cm, assuming a 10:1 liquid water equivalent.",1,0,0,0,0
Cape Breton - Outlying Areas,1217030A,Consolidated Census Subdivision,sd15_spr,Snowdays (Spring),days,"Number of days in spring with snowfall above 15 cm, assuming a 10:1 liquid water equivalent.",2,2,1,1,1
Chester,1206009,Consolidated Census Subdivision,sd15_spr,Snowdays (Spring),days,"Number of days in spring with snowfall above 15 cm, assuming a 10:1 liquid water equivalent.",2,1,1,1,0
Clare,1203001,Consolidated Census Subdivision,sd15_spr,Snowdays (Spring),days,"Number of days in spring with snowfall above 15 cm, assuming a 10:1 liquid water equivalent.",1,0,0,0,0
"Colchester, Subd. A",1210012,Consolidated Census Subdivision,sd15_spr,Snowdays (Spring),days,"Number of days in spring with snowfall above 15 cm, assuming a 10:1 liquid water equivalent.",2,1,1,1,1
"Colchester, Subd. B",1210008,Consolidated Census Subdivision,sd15_spr,Snowdays (Spring),days,"Number of days in spring with snowfall above 15 cm, assuming a 10:1 liquid water equivalent.",2,1,1,1,1
"Colchester, Subd. C",1210001,Consolidated Census Subdivision,sd15_spr,Snowdays (Spring),days,"Number of days in spring with snowfall above 15 cm, assuming a 10:1 liquid water equivalent.",2,1,1,1,1
"Cumberland, Subd. A",1211001,Consolidated Census Subdivision,sd15_spr,Snowdays (Spring),days,"Number of days in spring with snowfall above 15 cm, assuming a 10:1 liquid water equivalent.",1,1,1,1,1
"Cumberland, Subd. B",1211006,Consolidated Census Subdivision,sd15_spr,Snowdays (Spring),days,"Number of days in spring with snowfall above 15 cm, assuming a 10:1 liquid water equivalent.",2,1,1,1,1
"Cumberland, Subd. C",1211009,Consolidated Census Subdivision,sd15_spr,Snowdays (Spring),days,"Number of days in spring with snowfall above 15 cm, assuming a 10:1 liquid water equivalent.",2,1,1,1,1
"Cumberland, Subd. D",1211014,Consolidated Census Subdivision,sd15_spr,Snowdays (Spring),days,"Number of days in spring with snowfall above 15 cm, assuming a 10:1 liquid water equivalent.",2,1,1,1,1
Digby,1203004,Consolidated Census Subdivision,sd15_spr,Snowdays (Spring),days,"Number of days in spring with snowfall above 15 cm, assuming a 10:1 liquid water equivalent.",1,0,0,0,0
East Hants,1208008,Consolidated Census Subdivision,sd15_spr,Snowdays (Spring),days,"Number of days in spring with snowfall above 15 cm, assuming a 10:1 liquid water equivalent.",1,1,1,1,0
Guysborough,1213004,Consolidated Census Subdivision,sd15_spr,Snowdays (Spring),days,"Number of days in spring with snowfall above 15 cm, assuming a 10:1 liquid water equivalent.",2,1,1,1,1
Halifax - Central,1209034B,Consolidated Census Subdivision,sd15_spr,Snowdays (Spring),days,"Number of days in spring with snowfall above 15 cm, assuming a 10:1 liquid water equivalent.",1,1,1,1,0
Halifax - East,1209034A,Consolidated Census Subdivision,sd15_spr,Snowdays (Spring),days,"Number of days in spring with snowfall above 15 cm, assuming a 10:1 liquid water equivalent.",2,1,1,1,0
Halifax - West,1209034C,Consolidated Census Subdivision,sd15_spr,Snowdays (Spring),days,"Number of days in spring with snowfall above 15 cm, assuming a 10:1 liquid water equivalent.",1,1,1,1,0
"Inverness, Subd. A",1215011,Consolidated Census Subdivision,sd15_spr,Snowdays (Spring),days,"Number of days in spring with snowfall above 15 cm, assuming a 10:1 liquid water equivalent.",2,2,2,2,1
"Inverness, Subd. B",1215006,Consolidated Census Subdivision,sd15_spr,Snowdays (Spring),days,"Number of days in spring with snowfall above 15 cm, assuming a 10:1 liquid water equivalent.",2,1,1,1,1
"Inverness, Subd. C",1215001,Consolidated Census Subdivision,sd15_spr,Snowdays (Spring),days,"Number of days in spring with snowfall above 15 cm, assuming a 10:1 liquid water equivalent.",2,1,1,1,1
"Kings, Subd. A",1207001,Consolidated Census Subdivision,sd15_spr,Snowdays (Spring),days,"Number of days in spring with snowfall above 15 cm, assuming a 10:1 liquid water equivalent.",1,1,1,1,0
"Kings, Subd. B",1207016,Consolidated Census Subdivision,sd15_spr,Snowdays (Spring),days,"Number of days in spring with snowfall above 15 cm, assuming a 10:1 liquid water equivalent.",1,1,1,1,0
"Kings, Subd. C",1207011,Consolidated Census Subdivision,sd15_spr,Snowdays (Spring),days,"Number of days in spring with snowfall above 15 cm, assuming a 10:1 liquid water equivalent.",2,1,1,1,0
"Kings, Subd. D",1207021,Consolidated Census Subdivision,sd15_spr,Snowdays (Spring),days,"Number of days in spring with snowfall above 15 cm, assuming a 10:1 liquid water equivalent.",1,1,1,1,0
Lunenburg,1206001,Consolidated Census Subdivision,sd15_spr,Snowdays (Spring),days,"Number of days in spring with snowfall above 15 cm, assuming a 10:1 liquid water equivalent.",1,1,1,1,0
"Pictou, Subd. A",1212001,Consolidated Census Subdivision,sd15_spr,Snowdays (Spring),days,"Number of days in spring with snowfall above 15 cm, assuming a 10:1 liquid water equivalent.",2,1,1,1,1
"Pictou, Subd. B",1212006,Consolidated Census Subdivision,sd15_spr,Snowdays (Spring),days,"Number of days in spring with snowfall above 15 cm, assuming a 10:1 liquid water equivalent.",2,1,1,1,1
"Pictou, Subd. C",1212011,Consolidated Census Subdivision,sd15_spr,Snowdays (Spring),days,"Number of days in spring with snowfall above 15 cm, assuming a 10:1 liquid water equivalent.",2,1,1,1,1
St. Mary's,1213001,Consolidated Census Subdivision,sd15_spr,Snowdays (Spring),days,"Number of days in spring with snowfall above 15 cm, assuming a 10:1 liquid water equivalent.",2,1,1,1,1
Sydney and Surrounds,1217030B,Consolidated Census Subdivision,sd15_spr,Snowdays (Spring),days,"Number of days in spring with snowfall above 15 cm, assuming a 10:1 liquid water equivalent.",2,1,1,1,1
West Hants,1208003,Consolidated Census Subdivision,sd15_spr,Snowdays (Spring),days,"Number of days in spring with snowfall above 15 cm, assuming a 10:1 liquid water equivalent.",1,1,1,1,0
Yarmouth,1202004,Consolidated Census Subdivision,sd15_spr,Snowdays (Spring),days,"Number of days in spring with snowfall above 15 cm, assuming a 10:1 liquid water equivalent.",1,0,0,0,0
Nova Scotia,12,Province,SL50,Snow Load,kPa,The 1-in-50-year snow load. Based on values from PCIC Design Value Explorer (CMIP5) and interpolated to match CMIP6 temperatures corresponding to the various SSP scenarios. Only the 50th percentile data was available. [https://services.pacificclimate.org/design-value-explorer/?dv=SL50],3,1.5,1.1,1.1,0.9
Annapolis,1205,Census Division,SL50,Snow Load,kPa,The 1-in-50-year snow load. Based on values from PCIC Design Value Explorer (CMIP5) and interpolated to match CMIP6 temperatures corresponding to the various SSP scenarios. Only the 50th percentile data was available. [https://services.pacificclimate.org/design-value-explorer/?dv=SL50],2.6,1.5,1.1,1.1,1
Antigonish,1214,Census Division,SL50,Snow Load,kPa,The 1-in-50-year snow load. Based on values from PCIC Design Value Explorer (CMIP5) and interpolated to match CMIP6 temperatures corresponding to the various SSP scenarios. Only the 50th percentile data was available. [https://services.pacificclimate.org/design-value-explorer/?dv=SL50],3.1,1.4,1,1,0.8
Cape Breton,1217,Census Division,SL50,Snow Load,kPa,The 1-in-50-year snow load. Based on values from PCIC Design Value Explorer (CMIP5) and interpolated to match CMIP6 temperatures corresponding to the various SSP scenarios. Only the 50th percentile data was available. [https://services.pacificclimate.org/design-value-explorer/?dv=SL50],3.2,1.2,0.9,0.9,0.7
Colchester,1210,Census Division,SL50,Snow Load,kPa,The 1-in-50-year snow load. Based on values from PCIC Design Value Explorer (CMIP5) and interpolated to match CMIP6 temperatures corresponding to the various SSP scenarios. Only the 50th percentile data was available. [https://services.pacificclimate.org/design-value-explorer/?dv=SL50],2.8,1.3,0.9,1,0.8
Cumberland,1211,Census Division,SL50,Snow Load,kPa,The 1-in-50-year snow load. Based on values from PCIC Design Value Explorer (CMIP5) and interpolated to match CMIP6 temperatures corresponding to the various SSP scenarios. Only the 50th percentile data was available. [https://services.pacificclimate.org/design-value-explorer/?dv=SL50],3.3,1.5,1,1.1,0.9
Digby,1203,Census Division,SL50,Snow Load,kPa,The 1-in-50-year snow load. Based on values from PCIC Design Value Explorer (CMIP5) and interpolated to match CMIP6 temperatures corresponding to the various SSP scenarios. Only the 50th percentile data was available. [https://services.pacificclimate.org/design-value-explorer/?dv=SL50],2.8,1.6,1.2,1.2,1
Guysborough,1213,Census Division,SL50,Snow Load,kPa,The 1-in-50-year snow load. Based on values from PCIC Design Value Explorer (CMIP5) and interpolated to match CMIP6 temperatures corresponding to the various SSP scenarios. Only the 50th percentile data was available. [https://services.pacificclimate.org/design-value-explorer/?dv=SL50],3.1,1.4,1,1,0.8
Halifax,1209,Census Division,SL50,Snow Load,kPa,The 1-in-50-year snow load. Based on values from PCIC Design Value Explorer (CMIP5) and interpolated to match CMIP6 temperatures corresponding to the various SSP scenarios. Only the 50th percentile data was available. [https://services.pacificclimate.org/design-value-explorer/?dv=SL50],2.9,1.3,0.9,0.9,0.8
Hants,1208,Census Division,SL50,Snow Load,kPa,The 1-in-50-year snow load. Based on values from PCIC Design Value Explorer (CMIP5) and interpolated to match CMIP6 temperatures corresponding to the various SSP scenarios. Only the 50th percentile data was available. [https://services.pacificclimate.org/design-value-explorer/?dv=SL50],3.1,1.7,1.3,1.3,1.1
Inverness,1215,Census Division,SL50,Snow Load,kPa,The 1-in-50-year snow load. Based on values from PCIC Design Value Explorer (CMIP5) and interpolated to match CMIP6 temperatures corresponding to the various SSP scenarios. Only the 50th percentile data was available. [https://services.pacificclimate.org/design-value-explorer/?dv=SL50],3.8,1.6,1.1,1.2,0.9
Kings,1207,Census Division,SL50,Snow Load,kPa,The 1-in-50-year snow load. Based on values from PCIC Design Value Explorer (CMIP5) and interpolated to match CMIP6 temperatures corresponding to the various SSP scenarios. Only the 50th percentile data was available. [https://services.pacificclimate.org/design-value-explorer/?dv=SL50],3.2,1.8,1.5,1.5,1.3
Lunenburg,1206,Census Division,SL50,Snow Load,kPa,The 1-in-50-year snow load. Based on values from PCIC Design Value Explorer (CMIP5) and interpolated to match CMIP6 temperatures corresponding to the various SSP scenarios. Only the 50th percentile data was available. [https://services.pacificclimate.org/design-value-explorer/?dv=SL50],2.9,1.5,1.2,1.2,1
Pictou,1212,Census Division,SL50,Snow Load,kPa,The 1-in-50-year snow load. Based on values from PCIC Design Value Explorer (CMIP5) and interpolated to match CMIP6 temperatures corresponding to the various SSP scenarios. Only the 50th percentile data was available. [https://services.pacificclimate.org/design-value-explorer/?dv=SL50],3.2,1.4,1,1,0.8
Queens,1204,Census Division / Consolidated Census Subdivision,SL50,Snow Load,kPa,The 1-in-50-year snow load. Based on values from PCIC Design Value Explorer (CMIP5) and interpolated to match CMIP6 temperatures corresponding to the various SSP scenarios. Only the 50th percentile data was available. [https://services.pacificclimate.org/design-value-explorer/?dv=SL50],2.8,1.5,1.1,1.2,0.9
Richmond,1216,Census Division / Consolidated Census Subdivision,SL50,Snow Load,kPa,The 1-in-50-year snow load. Based on values from PCIC Design Value Explorer (CMIP5) and interpolated to match CMIP6 temperatures corresponding to the various SSP scenarios. Only the 50th percentile data was available. [https://services.pacificclimate.org/design-value-explorer/?dv=SL50],3,1.3,0.9,0.9,0.7
Shelburne,1201,Census Division / Consolidated Census Subdivision,SL50,Snow Load,kPa,The 1-in-50-year snow load. Based on values from PCIC Design Value Explorer (CMIP5) and interpolated to match CMIP6 temperatures corresponding to the various SSP scenarios. Only the 50th percentile data was available. [https://services.pacificclimate.org/design-value-explorer/?dv=SL50],2.1,1.3,1,1,0.7
Victoria,1218,Census Division / Consolidated Census Subdivision,SL50,Snow Load,kPa,The 1-in-50-year snow load. Based on values from PCIC Design Value Explorer (CMIP5) and interpolated to match CMIP6 temperatures corresponding to the various SSP scenarios. Only the 50th percentile data was available. [https://services.pacificclimate.org/design-value-explorer/?dv=SL50],4,1.6,1.2,1.2,0.9
Yarmouth,1202,Census Division,SL50,Snow Load,kPa,The 1-in-50-year snow load. Based on values from PCIC Design Value Explorer (CMIP5) and interpolated to match CMIP6 temperatures corresponding to the various SSP scenarios. Only the 50th percentile data was available. [https://services.pacificclimate.org/design-value-explorer/?dv=SL50],2.3,1.5,1.1,1.2,0.9
"Annapolis, Subd. A",1205004,Consolidated Census Subdivision,SL50,Snow Load,kPa,The 1-in-50-year snow load. Based on values from PCIC Design Value Explorer (CMIP5) and interpolated to match CMIP6 temperatures corresponding to the various SSP scenarios. Only the 50th percentile data was available. [https://services.pacificclimate.org/design-value-explorer/?dv=SL50],2.7,1.5,1.1,1.2,1
"Annapolis, Subd. B",1205009,Consolidated Census Subdivision,SL50,Snow Load,kPa,The 1-in-50-year snow load. Based on values from PCIC Design Value Explorer (CMIP5) and interpolated to match CMIP6 temperatures corresponding to the various SSP scenarios. Only the 50th percentile data was available. [https://services.pacificclimate.org/design-value-explorer/?dv=SL50],2.8,1.6,1.2,1.2,1.1
"Annapolis, Subd. C",1205014,Consolidated Census Subdivision,SL50,Snow Load,kPa,The 1-in-50-year snow load. Based on values from PCIC Design Value Explorer (CMIP5) and interpolated to match CMIP6 temperatures corresponding to the various SSP scenarios. Only the 50th percentile data was available. [https://services.pacificclimate.org/design-value-explorer/?dv=SL50],2.9,1.6,1.2,1.2,1.1
"Annapolis, Subd. D",1205001,Consolidated Census Subdivision,SL50,Snow Load,kPa,The 1-in-50-year snow load. Based on values from PCIC Design Value Explorer (CMIP5) and interpolated to match CMIP6 temperatures corresponding to the various SSP scenarios. Only the 50th percentile data was available. [https://services.pacificclimate.org/design-value-explorer/?dv=SL50],2.8,1.5,1.2,1.2,1
"Antigonish, Subd. A",1214001,Consolidated Census Subdivision,SL50,Snow Load,kPa,The 1-in-50-year snow load. Based on values from PCIC Design Value Explorer (CMIP5) and interpolated to match CMIP6 temperatures corresponding to the various SSP scenarios. Only the 50th percentile data was available. [https://services.pacificclimate.org/design-value-explorer/?dv=SL50],3.1,1.4,1,1,0.8
"Antigonish, Subd. B",1214006,Consolidated Census Subdivision,SL50,Snow Load,kPa,The 1-in-50-year snow load. Based on values from PCIC Design Value Explorer (CMIP5) and interpolated to match CMIP6 temperatures corresponding to the various SSP scenarios. Only the 50th percentile data was available. [https://services.pacificclimate.org/design-value-explorer/?dv=SL50],3.2,1.4,1,1.1,0.8
Argyle,1202001,Consolidated Census Subdivision,SL50,Snow Load,kPa,The 1-in-50-year snow load. Based on values from PCIC Design Value Explorer (CMIP5) and interpolated to match CMIP6 temperatures corresponding to the various SSP scenarios. Only the 50th percentile data was available. [https://services.pacificclimate.org/design-value-explorer/?dv=SL50],2.3,1.5,1.1,1.1,0.9
Cape Breton - Outlying Areas,1217030A,Consolidated Census Subdivision,SL50,Snow Load,kPa,The 1-in-50-year snow load. Based on values from PCIC Design Value Explorer (CMIP5) and interpolated to match CMIP6 temperatures corresponding to the various SSP scenarios. Only the 50th percentile data was available. [https://services.pacificclimate.org/design-value-explorer/?dv=SL50],3,1.2,0.8,0.9,0.7
Chester,1206009,Consolidated Census Subdivision,SL50,Snow Load,kPa,The 1-in-50-year snow load. Based on values from PCIC Design Value Explorer (CMIP5) and interpolated to match CMIP6 temperatures corresponding to the various SSP scenarios. Only the 50th percentile data was available. [https://services.pacificclimate.org/design-value-explorer/?dv=SL50],3.1,1.7,1.3,1.3,1.1
Clare,1203001,Consolidated Census Subdivision,SL50,Snow Load,kPa,The 1-in-50-year snow load. Based on values from PCIC Design Value Explorer (CMIP5) and interpolated to match CMIP6 temperatures corresponding to the various SSP scenarios. Only the 50th percentile data was available. [https://services.pacificclimate.org/design-value-explorer/?dv=SL50],2.5,1.5,1.1,1.2,0.9
"Colchester, Subd. A",1210012,Consolidated Census Subdivision,SL50,Snow Load,kPa,The 1-in-50-year snow load. Based on values from PCIC Design Value Explorer (CMIP5) and interpolated to match CMIP6 temperatures corresponding to the various SSP scenarios. Only the 50th percentile data was available. [https://services.pacificclimate.org/design-value-explorer/?dv=SL50],3.1,1.5,1.1,1.1,0.9
"Colchester, Subd. B",1210008,Consolidated Census Subdivision,SL50,Snow Load,kPa,The 1-in-50-year snow load. Based on values from PCIC Design Value Explorer (CMIP5) and interpolated to match CMIP6 temperatures corresponding to the various SSP scenarios. Only the 50th percentile data was available. [https://services.pacificclimate.org/design-value-explorer/?dv=SL50],3.1,1.4,0.9,1,0.8
"Colchester, Subd. C",1210001,Consolidated Census Subdivision,SL50,Snow Load,kPa,The 1-in-50-year snow load. Based on values from PCIC Design Value Explorer (CMIP5) and interpolated to match CMIP6 temperatures corresponding to the various SSP scenarios. Only the 50th percentile data was available. [https://services.pacificclimate.org/design-value-explorer/?dv=SL50],2.5,1.2,0.8,0.9,0.7
"Cumberland, Subd. A",1211001,Consolidated Census Subdivision,SL50,Snow Load,kPa,The 1-in-50-year snow load. Based on values from PCIC Design Value Explorer (CMIP5) and interpolated to match CMIP6 temperatures corresponding to the various SSP scenarios. Only the 50th percentile data was available. [https://services.pacificclimate.org/design-value-explorer/?dv=SL50],3.3,1.6,1.2,1.2,1
"Cumberland, Subd. B",1211006,Consolidated Census Subdivision,SL50,Snow Load,kPa,The 1-in-50-year snow load. Based on values from PCIC Design Value Explorer (CMIP5) and interpolated to match CMIP6 temperatures corresponding to the various SSP scenarios. Only the 50th percentile data was available. [https://services.pacificclimate.org/design-value-explorer/?dv=SL50],3.2,1.5,1,1.1,0.9
"Cumberland, Subd. C",1211009,Consolidated Census Subdivision,SL50,Snow Load,kPa,The 1-in-50-year snow load. Based on values from PCIC Design Value Explorer (CMIP5) and interpolated to match CMIP6 temperatures corresponding to the various SSP scenarios. Only the 50th percentile data was available. [https://services.pacificclimate.org/design-value-explorer/?dv=SL50],3.7,1.6,1.1,1.1,0.9
"Cumberland, Subd. D",1211014,Consolidated Census Subdivision,SL50,Snow Load,kPa,The 1-in-50-year snow load. Based on values from PCIC Design Value Explorer (CMIP5) and interpolated to match CMIP6 temperatures corresponding to the various SSP scenarios. Only the 50th percentile data was available. [https://services.pacificclimate.org/design-value-explorer/?dv=SL50],3.5,1.5,1,1.1,0.9
Digby,1203004,Consolidated Census Subdivision,SL50,Snow Load,kPa,The 1-in-50-year snow load. Based on values from PCIC Design Value Explorer (CMIP5) and interpolated to match CMIP6 temperatures corresponding to the various SSP scenarios. Only the 50th percentile data was available. [https://services.pacificclimate.org/design-value-explorer/?dv=SL50],2.9,1.6,1.2,1.2,1
East Hants,1208008,Consolidated Census Subdivision,SL50,Snow Load,kPa,The 1-in-50-year snow load. Based on values from PCIC Design Value Explorer (CMIP5) and interpolated to match CMIP6 temperatures corresponding to the various SSP scenarios. Only the 50th percentile data was available. [https://services.pacificclimate.org/design-value-explorer/?dv=SL50],2.7,1.4,1.1,1.1,0.9
Guysborough,1213004,Consolidated Census Subdivision,SL50,Snow Load,kPa,The 1-in-50-year snow load. Based on values from PCIC Design Value Explorer (CMIP5) and interpolated to match CMIP6 temperatures corresponding to the various SSP scenarios. Only the 50th percentile data was available. [https://services.pacificclimate.org/design-value-explorer/?dv=SL50],3.1,1.4,1,1,0.8
Halifax - Central,1209034B,Consolidated Census Subdivision,SL50,Snow Load,kPa,The 1-in-50-year snow load. Based on values from PCIC Design Value Explorer (CMIP5) and interpolated to match CMIP6 temperatures corresponding to the various SSP scenarios. Only the 50th percentile data was available. [https://services.pacificclimate.org/design-value-explorer/?dv=SL50],2.4,1.2,0.9,0.9,0.8
Halifax - East,1209034A,Consolidated Census Subdivision,SL50,Snow Load,kPa,The 1-in-50-year snow load. Based on values from PCIC Design Value Explorer (CMIP5) and interpolated to match CMIP6 temperatures corresponding to the various SSP scenarios. Only the 50th percentile data was available. [https://services.pacificclimate.org/design-value-explorer/?dv=SL50],3,1.3,0.9,1,0.8
Halifax - West,1209034C,Consolidated Census Subdivision,SL50,Snow Load,kPa,The 1-in-50-year snow load. Based on values from PCIC Design Value Explorer (CMIP5) and interpolated to match CMIP6 temperatures corresponding to the various SSP scenarios. Only the 50th percentile data was available. [https://services.pacificclimate.org/design-value-explorer/?dv=SL50],2.6,1.3,1,1,0.8
"Inverness, Subd. A",1215011,Consolidated Census Subdivision,SL50,Snow Load,kPa,The 1-in-50-year snow load. Based on values from PCIC Design Value Explorer (CMIP5) and interpolated to match CMIP6 temperatures corresponding to the various SSP scenarios. Only the 50th percentile data was available. [https://services.pacificclimate.org/design-value-explorer/?dv=SL50],3.9,1.6,1.1,1.2,0.9
"Inverness, Subd. B",1215006,Consolidated Census Subdivision,SL50,Snow Load,kPa,The 1-in-50-year snow load. Based on values from PCIC Design Value Explorer (CMIP5) and interpolated to match CMIP6 temperatures corresponding to the various SSP scenarios. Only the 50th percentile data was available. [https://services.pacificclimate.org/design-value-explorer/?dv=SL50],3.4,1.4,1,1.1,0.8
"Inverness, Subd. C",1215001,Consolidated Census Subdivision,SL50,Snow Load,kPa,The 1-in-50-year snow load. Based on values from PCIC Design Value Explorer (CMIP5) and interpolated to match CMIP6 temperatures corresponding to the various SSP scenarios. Only the 50th percentile data was available. [https://services.pacificclimate.org/design-value-explorer/?dv=SL50],3.1,1.3,0.9,1,0.8
"Kings, Subd. A",1207001,Consolidated Census Subdivision,SL50,Snow Load,kPa,The 1-in-50-year snow load. Based on values from PCIC Design Value Explorer (CMIP5) and interpolated to match CMIP6 temperatures corresponding to the various SSP scenarios. Only the 50th percentile data was available. [https://services.pacificclimate.org/design-value-explorer/?dv=SL50],2.9,1.6,1.3,1.3,1.1
"Kings, Subd. B",1207016,Consolidated Census Subdivision,SL50,Snow Load,kPa,The 1-in-50-year snow load. Based on values from PCIC Design Value Explorer (CMIP5) and interpolated to match CMIP6 temperatures corresponding to the various SSP scenarios. Only the 50th percentile data was available. [https://services.pacificclimate.org/design-value-explorer/?dv=SL50],3.2,1.8,1.4,1.4,1.2
"Kings, Subd. C",1207011,Consolidated Census Subdivision,SL50,Snow Load,kPa,The 1-in-50-year snow load. Based on values from PCIC Design Value Explorer (CMIP5) and interpolated to match CMIP6 temperatures corresponding to the various SSP scenarios. Only the 50th percentile data was available. [https://services.pacificclimate.org/design-value-explorer/?dv=SL50],3.1,1.8,1.4,1.5,1.3
"Kings, Subd. D",1207021,Consolidated Census Subdivision,SL50,Snow Load,kPa,The 1-in-50-year snow load. Based on values from PCIC Design Value Explorer (CMIP5) and interpolated to match CMIP6 temperatures corresponding to the various SSP scenarios. Only the 50th percentile data was available. [https://services.pacificclimate.org/design-value-explorer/?dv=SL50],3.3,1.9,1.5,1.5,1.3
Lunenburg,1206001,Consolidated Census Subdivision,SL50,Snow Load,kPa,The 1-in-50-year snow load. Based on values from PCIC Design Value Explorer (CMIP5) and interpolated to match CMIP6 temperatures corresponding to the various SSP scenarios. Only the 50th percentile data was available. [https://services.pacificclimate.org/design-value-explorer/?dv=SL50],2.9,1.5,1.1,1.2,1
"Pictou, Subd. A",1212001,Consolidated Census Subdivision,SL50,Snow Load,kPa,The 1-in-50-year snow load. Based on values from PCIC Design Value Explorer (CMIP5) and interpolated to match CMIP6 temperatures corresponding to the various SSP scenarios. Only the 50th percentile data was available. [https://services.pacificclimate.org/design-value-explorer/?dv=SL50],3.3,1.4,1,1,0.8
"Pictou, Subd. B",1212006,Consolidated Census Subdivision,SL50,Snow Load,kPa,The 1-in-50-year snow load. Based on values from PCIC Design Value Explorer (CMIP5) and interpolated to match CMIP6 temperatures corresponding to the various SSP scenarios. Only the 50th percentile data was available. [https://services.pacificclimate.org/design-value-explorer/?dv=SL50],3.4,1.4,1,1,0.8
"Pictou, Subd. C",1212011,Consolidated Census Subdivision,SL50,Snow Load,kPa,The 1-in-50-year snow load. Based on values from PCIC Design Value Explorer (CMIP5) and interpolated to match CMIP6 temperatures corresponding to the various SSP scenarios. Only the 50th percentile data was available. [https://services.pacificclimate.org/design-value-explorer/?dv=SL50],3.2,1.4,1,1,0.8
St. Mary's,1213001,Consolidated Census Subdivision,SL50,Snow Load,kPa,The 1-in-50-year snow load. Based on values from PCIC Design Value Explorer (CMIP5) and interpolated to match CMIP6 temperatures corresponding to the various SSP scenarios. Only the 50th percentile data was available. [https://services.pacificclimate.org/design-value-explorer/?dv=SL50],3.3,1.4,1,1.1,0.8
Sydney and Surrounds,1217030B,Consolidated Census Subdivision,SL50,Snow Load,kPa,The 1-in-50-year snow load. Based on values from PCIC Design Value Explorer (CMIP5) and interpolated to match CMIP6 temperatures corresponding to the various SSP scenarios. Only the 50th percentile data was available. [https://services.pacificclimate.org/design-value-explorer/?dv=SL50],3.4,1.3,0.9,1,0.7
West Hants,1208003,Consolidated Census Subdivision,SL50,Snow Load,kPa,The 1-in-50-year snow load. Based on values from PCIC Design Value Explorer (CMIP5) and interpolated to match CMIP6 temperatures corresponding to the various SSP scenarios. Only the 50th percentile data was available. [https://services.pacificclimate.org/design-value-explorer/?dv=SL50],4.1,2.3,1.8,1.9,1.6
Yarmouth,1202004,Consolidated Census Subdivision,SL50,Snow Load,kPa,The 1-in-50-year snow load. Based on values from PCIC Design Value Explorer (CMIP5) and interpolated to match CMIP6 temperatures corresponding to the various SSP scenarios. Only the 50th percentile data was available. [https://services.pacificclimate.org/design-value-explorer/?dv=SL50],2.4,1.5,1.2,1.2,1
Nova Scotia,12,Province,spei_3m_aug,Standardized Precipitation Evapotranspiration Index (SPEI) - 3 month,unitless,"Water budget (precipitation - evapotranspiration) over a moving window (3 months), normalized such that the SPEI averages to 0 for the calibration data. Evapotranspiration is estimated using the average daily temperature and latitude (for insolation) in Baier and Robertsonâ€™s (1965) estimation.",0.053,0.056,0.105,0.067,0.145
Annapolis,1205,Census Division,spei_3m_aug,Standardized Precipitation Evapotranspiration Index (SPEI) - 3 month,unitless,"Water budget (precipitation - evapotranspiration) over a moving window (3 months), normalized such that the SPEI averages to 0 for the calibration data. Evapotranspiration is estimated using the average daily temperature and latitude (for insolation) in Baier and Robertsonâ€™s (1965) estimation.",0.052,0.05,0.117,0.067,0.15
Antigonish,1214,Census Division,spei_3m_aug,Standardized Precipitation Evapotranspiration Index (SPEI) - 3 month,unitless,"Water budget (precipitation - evapotranspiration) over a moving window (3 months), normalized such that the SPEI averages to 0 for the calibration data. Evapotranspiration is estimated using the average daily temperature and latitude (for insolation) in Baier and Robertsonâ€™s (1965) estimation.",0.052,0.067,0.1,0.067,0.117
Cape Breton,1217,Census Division,spei_3m_aug,Standardized Precipitation Evapotranspiration Index (SPEI) - 3 month,unitless,"Water budget (precipitation - evapotranspiration) over a moving window (3 months), normalized such that the SPEI averages to 0 for the calibration data. Evapotranspiration is estimated using the average daily temperature and latitude (for insolation) in Baier and Robertsonâ€™s (1965) estimation.",0.034,0.083,0.1,0.067,0.15
Colchester,1210,Census Division,spei_3m_aug,Standardized Precipitation Evapotranspiration Index (SPEI) - 3 month,unitless,"Water budget (precipitation - evapotranspiration) over a moving window (3 months), normalized such that the SPEI averages to 0 for the calibration data. Evapotranspiration is estimated using the average daily temperature and latitude (for insolation) in Baier and Robertsonâ€™s (1965) estimation.",0.052,0.067,0.1,0.067,0.167
Cumberland,1211,Census Division,spei_3m_aug,Standardized Precipitation Evapotranspiration Index (SPEI) - 3 month,unitless,"Water budget (precipitation - evapotranspiration) over a moving window (3 months), normalized such that the SPEI averages to 0 for the calibration data. Evapotranspiration is estimated using the average daily temperature and latitude (for insolation) in Baier and Robertsonâ€™s (1965) estimation.",0.069,0.067,0.133,0.067,0.15
Digby,1203,Census Division,spei_3m_aug,Standardized Precipitation Evapotranspiration Index (SPEI) - 3 month,unitless,"Water budget (precipitation - evapotranspiration) over a moving window (3 months), normalized such that the SPEI averages to 0 for the calibration data. Evapotranspiration is estimated using the average daily temperature and latitude (for insolation) in Baier and Robertsonâ€™s (1965) estimation.",0.034,0.067,0.133,0.067,0.15
Guysborough,1213,Census Division,spei_3m_aug,Standardized Precipitation Evapotranspiration Index (SPEI) - 3 month,unitless,"Water budget (precipitation - evapotranspiration) over a moving window (3 months), normalized such that the SPEI averages to 0 for the calibration data. Evapotranspiration is estimated using the average daily temperature and latitude (for insolation) in Baier and Robertsonâ€™s (1965) estimation.",0.069,0.067,0.1,0.067,0.133
Halifax,1209,Census Division,spei_3m_aug,Standardized Precipitation Evapotranspiration Index (SPEI) - 3 month,unitless,"Water budget (precipitation - evapotranspiration) over a moving window (3 months), normalized such that the SPEI averages to 0 for the calibration data. Evapotranspiration is estimated using the average daily temperature and latitude (for insolation) in Baier and Robertsonâ€™s (1965) estimation.",0.052,0.067,0.1,0.067,0.117
Hants,1208,Census Division,spei_3m_aug,Standardized Precipitation Evapotranspiration Index (SPEI) - 3 month,unitless,"Water budget (precipitation - evapotranspiration) over a moving window (3 months), normalized such that the SPEI averages to 0 for the calibration data. Evapotranspiration is estimated using the average daily temperature and latitude (for insolation) in Baier and Robertsonâ€™s (1965) estimation.",0.052,0.05,0.1,0.05,0.15
Inverness,1215,Census Division,spei_3m_aug,Standardized Precipitation Evapotranspiration Index (SPEI) - 3 month,unitless,"Water budget (precipitation - evapotranspiration) over a moving window (3 months), normalized such that the SPEI averages to 0 for the calibration data. Evapotranspiration is estimated using the average daily temperature and latitude (for insolation) in Baier and Robertsonâ€™s (1965) estimation.",0.052,0.083,0.1,0.083,0.133
Kings,1207,Census Division,spei_3m_aug,Standardized Precipitation Evapotranspiration Index (SPEI) - 3 month,unitless,"Water budget (precipitation - evapotranspiration) over a moving window (3 months), normalized such that the SPEI averages to 0 for the calibration data. Evapotranspiration is estimated using the average daily temperature and latitude (for insolation) in Baier and Robertsonâ€™s (1965) estimation.",0.069,0.033,0.133,0.067,0.15
Lunenburg,1206,Census Division,spei_3m_aug,Standardized Precipitation Evapotranspiration Index (SPEI) - 3 month,unitless,"Water budget (precipitation - evapotranspiration) over a moving window (3 months), normalized such that the SPEI averages to 0 for the calibration data. Evapotranspiration is estimated using the average daily temperature and latitude (for insolation) in Baier and Robertsonâ€™s (1965) estimation.",0.069,0.033,0.1,0.067,0.133
Pictou,1212,Census Division,spei_3m_aug,Standardized Precipitation Evapotranspiration Index (SPEI) - 3 month,unitless,"Water budget (precipitation - evapotranspiration) over a moving window (3 months), normalized such that the SPEI averages to 0 for the calibration data. Evapotranspiration is estimated using the average daily temperature and latitude (for insolation) in Baier and Robertsonâ€™s (1965) estimation.",0.034,0.067,0.1,0.067,0.1
Queens,1204,Census Division / Consolidated Census Subdivision,spei_3m_aug,Standardized Precipitation Evapotranspiration Index (SPEI) - 3 month,unitless,"Water budget (precipitation - evapotranspiration) over a moving window (3 months), normalized such that the SPEI averages to 0 for the calibration data. Evapotranspiration is estimated using the average daily temperature and latitude (for insolation) in Baier and Robertsonâ€™s (1965) estimation.",0.052,0.067,0.1,0.083,0.133
Richmond,1216,Census Division / Consolidated Census Subdivision,spei_3m_aug,Standardized Precipitation Evapotranspiration Index (SPEI) - 3 month,unitless,"Water budget (precipitation - evapotranspiration) over a moving window (3 months), normalized such that the SPEI averages to 0 for the calibration data. Evapotranspiration is estimated using the average daily temperature and latitude (for insolation) in Baier and Robertsonâ€™s (1965) estimation.",0.034,0.067,0.1,0.067,0.133
Shelburne,1201,Census Division / Consolidated Census Subdivision,spei_3m_aug,Standardized Precipitation Evapotranspiration Index (SPEI) - 3 month,unitless,"Water budget (precipitation - evapotranspiration) over a moving window (3 months), normalized such that the SPEI averages to 0 for the calibration data. Evapotranspiration is estimated using the average daily temperature and latitude (for insolation) in Baier and Robertsonâ€™s (1965) estimation.",0.069,0.067,0.1,0.083,0.133
Victoria,1218,Census Division / Consolidated Census Subdivision,spei_3m_aug,Standardized Precipitation Evapotranspiration Index (SPEI) - 3 month,unitless,"Water budget (precipitation - evapotranspiration) over a moving window (3 months), normalized such that the SPEI averages to 0 for the calibration data. Evapotranspiration is estimated using the average daily temperature and latitude (for insolation) in Baier and Robertsonâ€™s (1965) estimation.",0.034,0.083,0.117,0.083,0.117
Yarmouth,1202,Census Division,spei_3m_aug,Standardized Precipitation Evapotranspiration Index (SPEI) - 3 month,unitless,"Water budget (precipitation - evapotranspiration) over a moving window (3 months), normalized such that the SPEI averages to 0 for the calibration data. Evapotranspiration is estimated using the average daily temperature and latitude (for insolation) in Baier and Robertsonâ€™s (1965) estimation.",0.034,0.067,0.133,0.067,0.167
"Annapolis, Subd. A",1205004,Consolidated Census Subdivision,spei_3m_aug,Standardized Precipitation Evapotranspiration Index (SPEI) - 3 month,unitless,"Water budget (precipitation - evapotranspiration) over a moving window (3 months), normalized such that the SPEI averages to 0 for the calibration data. Evapotranspiration is estimated using the average daily temperature and latitude (for insolation) in Baier and Robertsonâ€™s (1965) estimation.",0.034,0.067,0.117,0.067,0.15
"Annapolis, Subd. B",1205009,Consolidated Census Subdivision,spei_3m_aug,Standardized Precipitation Evapotranspiration Index (SPEI) - 3 month,unitless,"Water budget (precipitation - evapotranspiration) over a moving window (3 months), normalized such that the SPEI averages to 0 for the calibration data. Evapotranspiration is estimated using the average daily temperature and latitude (for insolation) in Baier and Robertsonâ€™s (1965) estimation.",0.052,0.05,0.117,0.067,0.15
"Annapolis, Subd. C",1205014,Consolidated Census Subdivision,spei_3m_aug,Standardized Precipitation Evapotranspiration Index (SPEI) - 3 month,unitless,"Water budget (precipitation - evapotranspiration) over a moving window (3 months), normalized such that the SPEI averages to 0 for the calibration data. Evapotranspiration is estimated using the average daily temperature and latitude (for insolation) in Baier and Robertsonâ€™s (1965) estimation.",0.052,0.05,0.133,0.067,0.15
"Annapolis, Subd. D",1205001,Consolidated Census Subdivision,spei_3m_aug,Standardized Precipitation Evapotranspiration Index (SPEI) - 3 month,unitless,"Water budget (precipitation - evapotranspiration) over a moving window (3 months), normalized such that the SPEI averages to 0 for the calibration data. Evapotranspiration is estimated using the average daily temperature and latitude (for insolation) in Baier and Robertsonâ€™s (1965) estimation.",0.052,0.05,0.1,0.067,0.15
"Antigonish, Subd. A",1214001,Consolidated Census Subdivision,spei_3m_aug,Standardized Precipitation Evapotranspiration Index (SPEI) - 3 month,unitless,"Water budget (precipitation - evapotranspiration) over a moving window (3 months), normalized such that the SPEI averages to 0 for the calibration data. Evapotranspiration is estimated using the average daily temperature and latitude (for insolation) in Baier and Robertsonâ€™s (1965) estimation.",0.052,0.067,0.1,0.067,0.117
"Antigonish, Subd. B",1214006,Consolidated Census Subdivision,spei_3m_aug,Standardized Precipitation Evapotranspiration Index (SPEI) - 3 month,unitless,"Water budget (precipitation - evapotranspiration) over a moving window (3 months), normalized such that the SPEI averages to 0 for the calibration data. Evapotranspiration is estimated using the average daily temperature and latitude (for insolation) in Baier and Robertsonâ€™s (1965) estimation.",0.052,0.067,0.1,0.067,0.133
Argyle,1202001,Consolidated Census Subdivision,spei_3m_aug,Standardized Precipitation Evapotranspiration Index (SPEI) - 3 month,unitless,"Water budget (precipitation - evapotranspiration) over a moving window (3 months), normalized such that the SPEI averages to 0 for the calibration data. Evapotranspiration is estimated using the average daily temperature and latitude (for insolation) in Baier and Robertsonâ€™s (1965) estimation.",0.034,0.067,0.117,0.067,0.167
Cape Breton - Outlying Areas,1217030A,Consolidated Census Subdivision,spei_3m_aug,Standardized Precipitation Evapotranspiration Index (SPEI) - 3 month,unitless,"Water budget (precipitation - evapotranspiration) over a moving window (3 months), normalized such that the SPEI averages to 0 for the calibration data. Evapotranspiration is estimated using the average daily temperature and latitude (for insolation) in Baier and Robertsonâ€™s (1965) estimation.",0.034,0.083,0.1,0.067,0.15
Chester,1206009,Consolidated Census Subdivision,spei_3m_aug,Standardized Precipitation Evapotranspiration Index (SPEI) - 3 month,unitless,"Water budget (precipitation - evapotranspiration) over a moving window (3 months), normalized such that the SPEI averages to 0 for the calibration data. Evapotranspiration is estimated using the average daily temperature and latitude (for insolation) in Baier and Robertsonâ€™s (1965) estimation.",0.069,0.033,0.117,0.067,0.117
Clare,1203001,Consolidated Census Subdivision,spei_3m_aug,Standardized Precipitation Evapotranspiration Index (SPEI) - 3 month,unitless,"Water budget (precipitation - evapotranspiration) over a moving window (3 months), normalized such that the SPEI averages to 0 for the calibration data. Evapotranspiration is estimated using the average daily temperature and latitude (for insolation) in Baier and Robertsonâ€™s (1965) estimation.",0.034,0.067,0.133,0.067,0.167
"Colchester, Subd. A",1210012,Consolidated Census Subdivision,spei_3m_aug,Standardized Precipitation Evapotranspiration Index (SPEI) - 3 month,unitless,"Water budget (precipitation - evapotranspiration) over a moving window (3 months), normalized such that the SPEI averages to 0 for the calibration data. Evapotranspiration is estimated using the average daily temperature and latitude (for insolation) in Baier and Robertsonâ€™s (1965) estimation.",0.052,0.067,0.1,0.067,0.167
"Colchester, Subd. B",1210008,Consolidated Census Subdivision,spei_3m_aug,Standardized Precipitation Evapotranspiration Index (SPEI) - 3 month,unitless,"Water budget (precipitation - evapotranspiration) over a moving window (3 months), normalized such that the SPEI averages to 0 for the calibration data. Evapotranspiration is estimated using the average daily temperature and latitude (for insolation) in Baier and Robertsonâ€™s (1965) estimation.",0.052,0.067,0.1,0.067,0.167
"Colchester, Subd. C",1210001,Consolidated Census Subdivision,spei_3m_aug,Standardized Precipitation Evapotranspiration Index (SPEI) - 3 month,unitless,"Water budget (precipitation - evapotranspiration) over a moving window (3 months), normalized such that the SPEI averages to 0 for the calibration data. Evapotranspiration is estimated using the average daily temperature and latitude (for insolation) in Baier and Robertsonâ€™s (1965) estimation.",0.052,0.067,0.1,0.067,0.133
"Cumberland, Subd. A",1211001,Consolidated Census Subdivision,spei_3m_aug,Standardized Precipitation Evapotranspiration Index (SPEI) - 3 month,unitless,"Water budget (precipitation - evapotranspiration) over a moving window (3 months), normalized such that the SPEI averages to 0 for the calibration data. Evapotranspiration is estimated using the average daily temperature and latitude (for insolation) in Baier and Robertsonâ€™s (1965) estimation.",0.052,0.067,0.133,0.067,0.117
"Cumberland, Subd. B",1211006,Consolidated Census Subdivision,spei_3m_aug,Standardized Precipitation Evapotranspiration Index (SPEI) - 3 month,unitless,"Water budget (precipitation - evapotranspiration) over a moving window (3 months), normalized such that the SPEI averages to 0 for the calibration data. Evapotranspiration is estimated using the average daily temperature and latitude (for insolation) in Baier and Robertsonâ€™s (1965) estimation.",0.052,0.067,0.117,0.067,0.15
"Cumberland, Subd. C",1211009,Consolidated Census Subdivision,spei_3m_aug,Standardized Precipitation Evapotranspiration Index (SPEI) - 3 month,unitless,"Water budget (precipitation - evapotranspiration) over a moving window (3 months), normalized such that the SPEI averages to 0 for the calibration data. Evapotranspiration is estimated using the average daily temperature and latitude (for insolation) in Baier and Robertsonâ€™s (1965) estimation.",0.069,0.067,0.117,0.083,0.15
"Cumberland, Subd. D",1211014,Consolidated Census Subdivision,spei_3m_aug,Standardized Precipitation Evapotranspiration Index (SPEI) - 3 month,unitless,"Water budget (precipitation - evapotranspiration) over a moving window (3 months), normalized such that the SPEI averages to 0 for the calibration data. Evapotranspiration is estimated using the average daily temperature and latitude (for insolation) in Baier and Robertsonâ€™s (1965) estimation.",0.052,0.067,0.1,0.067,0.167
Digby,1203004,Consolidated Census Subdivision,spei_3m_aug,Standardized Precipitation Evapotranspiration Index (SPEI) - 3 month,unitless,"Water budget (precipitation - evapotranspiration) over a moving window (3 months), normalized such that the SPEI averages to 0 for the calibration data. Evapotranspiration is estimated using the average daily temperature and latitude (for insolation) in Baier and Robertsonâ€™s (1965) estimation.",0.034,0.067,0.117,0.067,0.133
East Hants,1208008,Consolidated Census Subdivision,spei_3m_aug,Standardized Precipitation Evapotranspiration Index (SPEI) - 3 month,unitless,"Water budget (precipitation - evapotranspiration) over a moving window (3 months), normalized such that the SPEI averages to 0 for the calibration data. Evapotranspiration is estimated using the average daily temperature and latitude (for insolation) in Baier and Robertsonâ€™s (1965) estimation.",0.052,0.05,0.1,0.05,0.15
Guysborough,1213004,Consolidated Census Subdivision,spei_3m_aug,Standardized Precipitation Evapotranspiration Index (SPEI) - 3 month,unitless,"Water budget (precipitation - evapotranspiration) over a moving window (3 months), normalized such that the SPEI averages to 0 for the calibration data. Evapotranspiration is estimated using the average daily temperature and latitude (for insolation) in Baier and Robertsonâ€™s (1965) estimation.",0.069,0.067,0.1,0.067,0.133
Halifax - Central,1209034B,Consolidated Census Subdivision,spei_3m_aug,Standardized Precipitation Evapotranspiration Index (SPEI) - 3 month,unitless,"Water budget (precipitation - evapotranspiration) over a moving window (3 months), normalized such that the SPEI averages to 0 for the calibration data. Evapotranspiration is estimated using the average daily temperature and latitude (for insolation) in Baier and Robertsonâ€™s (1965) estimation.",0.052,0.05,0.117,0.067,0.133
Halifax - East,1209034A,Consolidated Census Subdivision,spei_3m_aug,Standardized Precipitation Evapotranspiration Index (SPEI) - 3 month,unitless,"Water budget (precipitation - evapotranspiration) over a moving window (3 months), normalized such that the SPEI averages to 0 for the calibration data. Evapotranspiration is estimated using the average daily temperature and latitude (for insolation) in Baier and Robertsonâ€™s (1965) estimation.",0.052,0.067,0.083,0.067,0.117
Halifax - West,1209034C,Consolidated Census Subdivision,spei_3m_aug,Standardized Precipitation Evapotranspiration Index (SPEI) - 3 month,unitless,"Water budget (precipitation - evapotranspiration) over a moving window (3 months), normalized such that the SPEI averages to 0 for the calibration data. Evapotranspiration is estimated using the average daily temperature and latitude (for insolation) in Baier and Robertsonâ€™s (1965) estimation.",0.052,0.033,0.117,0.067,0.133
"Inverness, Subd. A",1215011,Consolidated Census Subdivision,spei_3m_aug,Standardized Precipitation Evapotranspiration Index (SPEI) - 3 month,unitless,"Water budget (precipitation - evapotranspiration) over a moving window (3 months), normalized such that the SPEI averages to 0 for the calibration data. Evapotranspiration is estimated using the average daily temperature and latitude (for insolation) in Baier and Robertsonâ€™s (1965) estimation.",0.034,0.083,0.1,0.1,0.117
"Inverness, Subd. B",1215006,Consolidated Census Subdivision,spei_3m_aug,Standardized Precipitation Evapotranspiration Index (SPEI) - 3 month,unitless,"Water budget (precipitation - evapotranspiration) over a moving window (3 months), normalized such that the SPEI averages to 0 for the calibration data. Evapotranspiration is estimated using the average daily temperature and latitude (for insolation) in Baier and Robertsonâ€™s (1965) estimation.",0.052,0.067,0.1,0.067,0.133
"Inverness, Subd. C",1215001,Consolidated Census Subdivision,spei_3m_aug,Standardized Precipitation Evapotranspiration Index (SPEI) - 3 month,unitless,"Water budget (precipitation - evapotranspiration) over a moving window (3 months), normalized such that the SPEI averages to 0 for the calibration data. Evapotranspiration is estimated using the average daily temperature and latitude (for insolation) in Baier and Robertsonâ€™s (1965) estimation.",0.052,0.067,0.083,0.067,0.133
"Kings, Subd. A",1207001,Consolidated Census Subdivision,spei_3m_aug,Standardized Precipitation Evapotranspiration Index (SPEI) - 3 month,unitless,"Water budget (precipitation - evapotranspiration) over a moving window (3 months), normalized such that the SPEI averages to 0 for the calibration data. Evapotranspiration is estimated using the average daily temperature and latitude (for insolation) in Baier and Robertsonâ€™s (1965) estimation.",0.069,0.033,0.133,0.067,0.15
"Kings, Subd. B",1207016,Consolidated Census Subdivision,spei_3m_aug,Standardized Precipitation Evapotranspiration Index (SPEI) - 3 month,unitless,"Water budget (precipitation - evapotranspiration) over a moving window (3 months), normalized such that the SPEI averages to 0 for the calibration data. Evapotranspiration is estimated using the average daily temperature and latitude (for insolation) in Baier and Robertsonâ€™s (1965) estimation.",0.069,0.05,0.1,0.067,0.15
"Kings, Subd. C",1207011,Consolidated Census Subdivision,spei_3m_aug,Standardized Precipitation Evapotranspiration Index (SPEI) - 3 month,unitless,"Water budget (precipitation - evapotranspiration) over a moving window (3 months), normalized such that the SPEI averages to 0 for the calibration data. Evapotranspiration is estimated using the average daily temperature and latitude (for insolation) in Baier and Robertsonâ€™s (1965) estimation.",0.069,0.033,0.117,0.067,0.15
"Kings, Subd. D",1207021,Consolidated Census Subdivision,spei_3m_aug,Standardized Precipitation Evapotranspiration Index (SPEI) - 3 month,unitless,"Water budget (precipitation - evapotranspiration) over a moving window (3 months), normalized such that the SPEI averages to 0 for the calibration data. Evapotranspiration is estimated using the average daily temperature and latitude (for insolation) in Baier and Robertsonâ€™s (1965) estimation.",0.069,0.05,0.1,0.067,0.167
Lunenburg,1206001,Consolidated Census Subdivision,spei_3m_aug,Standardized Precipitation Evapotranspiration Index (SPEI) - 3 month,unitless,"Water budget (precipitation - evapotranspiration) over a moving window (3 months), normalized such that the SPEI averages to 0 for the calibration data. Evapotranspiration is estimated using the average daily temperature and latitude (for insolation) in Baier and Robertsonâ€™s (1965) estimation.",0.052,0.05,0.117,0.067,0.15
"Pictou, Subd. A",1212001,Consolidated Census Subdivision,spei_3m_aug,Standardized Precipitation Evapotranspiration Index (SPEI) - 3 month,unitless,"Water budget (precipitation - evapotranspiration) over a moving window (3 months), normalized such that the SPEI averages to 0 for the calibration data. Evapotranspiration is estimated using the average daily temperature and latitude (for insolation) in Baier and Robertsonâ€™s (1965) estimation.",0.034,0.067,0.1,0.067,0.133
"Pictou, Subd. B",1212006,Consolidated Census Subdivision,spei_3m_aug,Standardized Precipitation Evapotranspiration Index (SPEI) - 3 month,unitless,"Water budget (precipitation - evapotranspiration) over a moving window (3 months), normalized such that the SPEI averages to 0 for the calibration data. Evapotranspiration is estimated using the average daily temperature and latitude (for insolation) in Baier and Robertsonâ€™s (1965) estimation.",0.034,0.067,0.083,0.067,0.117
"Pictou, Subd. C",1212011,Consolidated Census Subdivision,spei_3m_aug,Standardized Precipitation Evapotranspiration Index (SPEI) - 3 month,unitless,"Water budget (precipitation - evapotranspiration) over a moving window (3 months), normalized such that the SPEI averages to 0 for the calibration data. Evapotranspiration is estimated using the average daily temperature and latitude (for insolation) in Baier and Robertsonâ€™s (1965) estimation.",0.052,0.067,0.1,0.067,0.133
St. Mary's,1213001,Consolidated Census Subdivision,spei_3m_aug,Standardized Precipitation Evapotranspiration Index (SPEI) - 3 month,unitless,"Water budget (precipitation - evapotranspiration) over a moving window (3 months), normalized such that the SPEI averages to 0 for the calibration data. Evapotranspiration is estimated using the average daily temperature and latitude (for insolation) in Baier and Robertsonâ€™s (1965) estimation.",0.052,0.067,0.1,0.067,0.117
Sydney and Surrounds,1217030B,Consolidated Census Subdivision,spei_3m_aug,Standardized Precipitation Evapotranspiration Index (SPEI) - 3 month,unitless,"Water budget (precipitation - evapotranspiration) over a moving window (3 months), normalized such that the SPEI averages to 0 for the calibration data. Evapotranspiration is estimated using the average daily temperature and latitude (for insolation) in Baier and Robertsonâ€™s (1965) estimation.",0.034,0.083,0.1,0.067,0.15
West Hants,1208003,Consolidated Census Subdivision,spei_3m_aug,Standardized Precipitation Evapotranspiration Index (SPEI) - 3 month,unitless,"Water budget (precipitation - evapotranspiration) over a moving window (3 months), normalized such that the SPEI averages to 0 for the calibration data. Evapotranspiration is estimated using the average daily temperature and latitude (for insolation) in Baier and Robertsonâ€™s (1965) estimation.",0.069,0.05,0.1,0.067,0.167
Yarmouth,1202004,Consolidated Census Subdivision,spei_3m_aug,Standardized Precipitation Evapotranspiration Index (SPEI) - 3 month,unitless,"Water budget (precipitation - evapotranspiration) over a moving window (3 months), normalized such that the SPEI averages to 0 for the calibration data. Evapotranspiration is estimated using the average daily temperature and latitude (for insolation) in Baier and Robertsonâ€™s (1965) estimation.",0.034,0.067,0.133,0.083,0.167
Nova Scotia,12,Province,spei_12m,Standardized Precipitation Evapotranspiration Index (SPEI) - Annual,unitless,"Water budget (precipitation - evapotranspiration) over a moving window (12 months), normalized such that the SPEI averages to 0 for the calibration data. Evapotranspiration is estimated using the average daily temperature and latitude (for insolation) in Baier and Robertsonâ€™s (1965) estimation.",0.909,0.853,0.781,0.625,0.769
Annapolis,1205,Census Division,spei_12m,Standardized Precipitation Evapotranspiration Index (SPEI) - Annual,unitless,"Water budget (precipitation - evapotranspiration) over a moving window (12 months), normalized such that the SPEI averages to 0 for the calibration data. Evapotranspiration is estimated using the average daily temperature and latitude (for insolation) in Baier and Robertsonâ€™s (1965) estimation.",0.914,0.85,0.75,0.55,0.783
Antigonish,1214,Census Division,spei_12m,Standardized Precipitation Evapotranspiration Index (SPEI) - Annual,unitless,"Water budget (precipitation - evapotranspiration) over a moving window (12 months), normalized such that the SPEI averages to 0 for the calibration data. Evapotranspiration is estimated using the average daily temperature and latitude (for insolation) in Baier and Robertsonâ€™s (1965) estimation.",0.966,0.817,0.7,0.617,0.783
Cape Breton,1217,Census Division,spei_12m,Standardized Precipitation Evapotranspiration Index (SPEI) - Annual,unitless,"Water budget (precipitation - evapotranspiration) over a moving window (12 months), normalized such that the SPEI averages to 0 for the calibration data. Evapotranspiration is estimated using the average daily temperature and latitude (for insolation) in Baier and Robertsonâ€™s (1965) estimation.",0.948,0.767,0.65,0.55,0.833
Colchester,1210,Census Division,spei_12m,Standardized Precipitation Evapotranspiration Index (SPEI) - Annual,unitless,"Water budget (precipitation - evapotranspiration) over a moving window (12 months), normalized such that the SPEI averages to 0 for the calibration data. Evapotranspiration is estimated using the average daily temperature and latitude (for insolation) in Baier and Robertsonâ€™s (1965) estimation.",0.828,0.833,0.717,0.633,0.85
Cumberland,1211,Census Division,spei_12m,Standardized Precipitation Evapotranspiration Index (SPEI) - Annual,unitless,"Water budget (precipitation - evapotranspiration) over a moving window (12 months), normalized such that the SPEI averages to 0 for the calibration data. Evapotranspiration is estimated using the average daily temperature and latitude (for insolation) in Baier and Robertsonâ€™s (1965) estimation.",0.845,0.883,0.7,0.683,0.833
Digby,1203,Census Division,spei_12m,Standardized Precipitation Evapotranspiration Index (SPEI) - Annual,unitless,"Water budget (precipitation - evapotranspiration) over a moving window (12 months), normalized such that the SPEI averages to 0 for the calibration data. Evapotranspiration is estimated using the average daily temperature and latitude (for insolation) in Baier and Robertsonâ€™s (1965) estimation.",0.948,0.8,0.817,0.6,0.8
Guysborough,1213,Census Division,spei_12m,Standardized Precipitation Evapotranspiration Index (SPEI) - Annual,unitless,"Water budget (precipitation - evapotranspiration) over a moving window (12 months), normalized such that the SPEI averages to 0 for the calibration data. Evapotranspiration is estimated using the average daily temperature and latitude (for insolation) in Baier and Robertsonâ€™s (1965) estimation.",0.948,0.783,0.717,0.583,0.8
Halifax,1209,Census Division,spei_12m,Standardized Precipitation Evapotranspiration Index (SPEI) - Annual,unitless,"Water budget (precipitation - evapotranspiration) over a moving window (12 months), normalized such that the SPEI averages to 0 for the calibration data. Evapotranspiration is estimated using the average daily temperature and latitude (for insolation) in Baier and Robertsonâ€™s (1965) estimation.",0.879,0.783,0.767,0.55,0.717
Hants,1208,Census Division,spei_12m,Standardized Precipitation Evapotranspiration Index (SPEI) - Annual,unitless,"Water budget (precipitation - evapotranspiration) over a moving window (12 months), normalized such that the SPEI averages to 0 for the calibration data. Evapotranspiration is estimated using the average daily temperature and latitude (for insolation) in Baier and Robertsonâ€™s (1965) estimation.",0.862,0.833,0.733,0.583,0.733
Inverness,1215,Census Division,spei_12m,Standardized Precipitation Evapotranspiration Index (SPEI) - Annual,unitless,"Water budget (precipitation - evapotranspiration) over a moving window (12 months), normalized such that the SPEI averages to 0 for the calibration data. Evapotranspiration is estimated using the average daily temperature and latitude (for insolation) in Baier and Robertsonâ€™s (1965) estimation.",1.034,0.817,0.617,0.517,0.833
Kings,1207,Census Division,spei_12m,Standardized Precipitation Evapotranspiration Index (SPEI) - Annual,unitless,"Water budget (precipitation - evapotranspiration) over a moving window (12 months), normalized such that the SPEI averages to 0 for the calibration data. Evapotranspiration is estimated using the average daily temperature and latitude (for insolation) in Baier and Robertsonâ€™s (1965) estimation.",0.81,0.883,0.7,0.6,0.783
Lunenburg,1206,Census Division,spei_12m,Standardized Precipitation Evapotranspiration Index (SPEI) - Annual,unitless,"Water budget (precipitation - evapotranspiration) over a moving window (12 months), normalized such that the SPEI averages to 0 for the calibration data. Evapotranspiration is estimated using the average daily temperature and latitude (for insolation) in Baier and Robertsonâ€™s (1965) estimation.",0.897,0.783,0.683,0.633,0.667
Pictou,1212,Census Division,spei_12m,Standardized Precipitation Evapotranspiration Index (SPEI) - Annual,unitless,"Water budget (precipitation - evapotranspiration) over a moving window (12 months), normalized such that the SPEI averages to 0 for the calibration data. Evapotranspiration is estimated using the average daily temperature and latitude (for insolation) in Baier and Robertsonâ€™s (1965) estimation.",0.931,0.783,0.75,0.617,0.733
Queens,1204,Census Division / Consolidated Census Subdivision,spei_12m,Standardized Precipitation Evapotranspiration Index (SPEI) - Annual,unitless,"Water budget (precipitation - evapotranspiration) over a moving window (12 months), normalized such that the SPEI averages to 0 for the calibration data. Evapotranspiration is estimated using the average daily temperature and latitude (for insolation) in Baier and Robertsonâ€™s (1965) estimation.",0.914,0.75,0.717,0.633,0.717
Richmond,1216,Census Division / Consolidated Census Subdivision,spei_12m,Standardized Precipitation Evapotranspiration Index (SPEI) - Annual,unitless,"Water budget (precipitation - evapotranspiration) over a moving window (12 months), normalized such that the SPEI averages to 0 for the calibration data. Evapotranspiration is estimated using the average daily temperature and latitude (for insolation) in Baier and Robertsonâ€™s (1965) estimation.",0.931,0.817,0.667,0.583,0.817
Shelburne,1201,Census Division / Consolidated Census Subdivision,spei_12m,Standardized Precipitation Evapotranspiration Index (SPEI) - Annual,unitless,"Water budget (precipitation - evapotranspiration) over a moving window (12 months), normalized such that the SPEI averages to 0 for the calibration data. Evapotranspiration is estimated using the average daily temperature and latitude (for insolation) in Baier and Robertsonâ€™s (1965) estimation.",1,0.8,0.8,0.6,0.933
Victoria,1218,Census Division / Consolidated Census Subdivision,spei_12m,Standardized Precipitation Evapotranspiration Index (SPEI) - Annual,unitless,"Water budget (precipitation - evapotranspiration) over a moving window (12 months), normalized such that the SPEI averages to 0 for the calibration data. Evapotranspiration is estimated using the average daily temperature and latitude (for insolation) in Baier and Robertsonâ€™s (1965) estimation.",1.017,0.767,0.6,0.467,0.767
Yarmouth,1202,Census Division,spei_12m,Standardized Precipitation Evapotranspiration Index (SPEI) - Annual,unitless,"Water budget (precipitation - evapotranspiration) over a moving window (12 months), normalized such that the SPEI averages to 0 for the calibration data. Evapotranspiration is estimated using the average daily temperature and latitude (for insolation) in Baier and Robertsonâ€™s (1965) estimation.",0.948,0.833,0.8,0.583,0.917
"Annapolis, Subd. A",1205004,Consolidated Census Subdivision,spei_12m,Standardized Precipitation Evapotranspiration Index (SPEI) - Annual,unitless,"Water budget (precipitation - evapotranspiration) over a moving window (12 months), normalized such that the SPEI averages to 0 for the calibration data. Evapotranspiration is estimated using the average daily temperature and latitude (for insolation) in Baier and Robertsonâ€™s (1965) estimation.",0.879,0.833,0.783,0.55,0.85
"Annapolis, Subd. B",1205009,Consolidated Census Subdivision,spei_12m,Standardized Precipitation Evapotranspiration Index (SPEI) - Annual,unitless,"Water budget (precipitation - evapotranspiration) over a moving window (12 months), normalized such that the SPEI averages to 0 for the calibration data. Evapotranspiration is estimated using the average daily temperature and latitude (for insolation) in Baier and Robertsonâ€™s (1965) estimation.",0.897,0.8,0.733,0.567,0.783
"Annapolis, Subd. C",1205014,Consolidated Census Subdivision,spei_12m,Standardized Precipitation Evapotranspiration Index (SPEI) - Annual,unitless,"Water budget (precipitation - evapotranspiration) over a moving window (12 months), normalized such that the SPEI averages to 0 for the calibration data. Evapotranspiration is estimated using the average daily temperature and latitude (for insolation) in Baier and Robertsonâ€™s (1965) estimation.",0.879,0.833,0.817,0.533,0.8
"Annapolis, Subd. D",1205001,Consolidated Census Subdivision,spei_12m,Standardized Precipitation Evapotranspiration Index (SPEI) - Annual,unitless,"Water budget (precipitation - evapotranspiration) over a moving window (12 months), normalized such that the SPEI averages to 0 for the calibration data. Evapotranspiration is estimated using the average daily temperature and latitude (for insolation) in Baier and Robertsonâ€™s (1965) estimation.",0.931,0.8,0.717,0.567,0.75
"Antigonish, Subd. A",1214001,Consolidated Census Subdivision,spei_12m,Standardized Precipitation Evapotranspiration Index (SPEI) - Annual,unitless,"Water budget (precipitation - evapotranspiration) over a moving window (12 months), normalized such that the SPEI averages to 0 for the calibration data. Evapotranspiration is estimated using the average daily temperature and latitude (for insolation) in Baier and Robertsonâ€™s (1965) estimation.",0.948,0.8,0.667,0.65,0.7
"Antigonish, Subd. B",1214006,Consolidated Census Subdivision,spei_12m,Standardized Precipitation Evapotranspiration Index (SPEI) - Annual,unitless,"Water budget (precipitation - evapotranspiration) over a moving window (12 months), normalized such that the SPEI averages to 0 for the calibration data. Evapotranspiration is estimated using the average daily temperature and latitude (for insolation) in Baier and Robertsonâ€™s (1965) estimation.",1,0.783,0.717,0.6,0.833
Argyle,1202001,Consolidated Census Subdivision,spei_12m,Standardized Precipitation Evapotranspiration Index (SPEI) - Annual,unitless,"Water budget (precipitation - evapotranspiration) over a moving window (12 months), normalized such that the SPEI averages to 0 for the calibration data. Evapotranspiration is estimated using the average daily temperature and latitude (for insolation) in Baier and Robertsonâ€™s (1965) estimation.",0.966,0.817,0.783,0.6,0.867
Cape Breton - Outlying Areas,1217030A,Consolidated Census Subdivision,spei_12m,Standardized Precipitation Evapotranspiration Index (SPEI) - Annual,unitless,"Water budget (precipitation - evapotranspiration) over a moving window (12 months), normalized such that the SPEI averages to 0 for the calibration data. Evapotranspiration is estimated using the average daily temperature and latitude (for insolation) in Baier and Robertsonâ€™s (1965) estimation.",0.966,0.783,0.65,0.55,0.85
Chester,1206009,Consolidated Census Subdivision,spei_12m,Standardized Precipitation Evapotranspiration Index (SPEI) - Annual,unitless,"Water budget (precipitation - evapotranspiration) over a moving window (12 months), normalized such that the SPEI averages to 0 for the calibration data. Evapotranspiration is estimated using the average daily temperature and latitude (for insolation) in Baier and Robertsonâ€™s (1965) estimation.",0.862,0.767,0.683,0.583,0.683
Clare,1203001,Consolidated Census Subdivision,spei_12m,Standardized Precipitation Evapotranspiration Index (SPEI) - Annual,unitless,"Water budget (precipitation - evapotranspiration) over a moving window (12 months), normalized such that the SPEI averages to 0 for the calibration data. Evapotranspiration is estimated using the average daily temperature and latitude (for insolation) in Baier and Robertsonâ€™s (1965) estimation.",0.931,0.8,0.867,0.617,0.783
"Colchester, Subd. A",1210012,Consolidated Census Subdivision,spei_12m,Standardized Precipitation Evapotranspiration Index (SPEI) - Annual,unitless,"Water budget (precipitation - evapotranspiration) over a moving window (12 months), normalized such that the SPEI averages to 0 for the calibration data. Evapotranspiration is estimated using the average daily temperature and latitude (for insolation) in Baier and Robertsonâ€™s (1965) estimation.",0.845,0.867,0.683,0.667,0.817
"Colchester, Subd. B",1210008,Consolidated Census Subdivision,spei_12m,Standardized Precipitation Evapotranspiration Index (SPEI) - Annual,unitless,"Water budget (precipitation - evapotranspiration) over a moving window (12 months), normalized such that the SPEI averages to 0 for the calibration data. Evapotranspiration is estimated using the average daily temperature and latitude (for insolation) in Baier and Robertsonâ€™s (1965) estimation.",0.81,0.85,0.7,0.667,0.9
"Colchester, Subd. C",1210001,Consolidated Census Subdivision,spei_12m,Standardized Precipitation Evapotranspiration Index (SPEI) - Annual,unitless,"Water budget (precipitation - evapotranspiration) over a moving window (12 months), normalized such that the SPEI averages to 0 for the calibration data. Evapotranspiration is estimated using the average daily temperature and latitude (for insolation) in Baier and Robertsonâ€™s (1965) estimation.",0.845,0.8,0.733,0.6,0.8
"Cumberland, Subd. A",1211001,Consolidated Census Subdivision,spei_12m,Standardized Precipitation Evapotranspiration Index (SPEI) - Annual,unitless,"Water budget (precipitation - evapotranspiration) over a moving window (12 months), normalized such that the SPEI averages to 0 for the calibration data. Evapotranspiration is estimated using the average daily temperature and latitude (for insolation) in Baier and Robertsonâ€™s (1965) estimation.",0.862,0.833,0.783,0.75,0.883
"Cumberland, Subd. B",1211006,Consolidated Census Subdivision,spei_12m,Standardized Precipitation Evapotranspiration Index (SPEI) - Annual,unitless,"Water budget (precipitation - evapotranspiration) over a moving window (12 months), normalized such that the SPEI averages to 0 for the calibration data. Evapotranspiration is estimated using the average daily temperature and latitude (for insolation) in Baier and Robertsonâ€™s (1965) estimation.",0.828,0.883,0.683,0.667,0.833
"Cumberland, Subd. C",1211009,Consolidated Census Subdivision,spei_12m,Standardized Precipitation Evapotranspiration Index (SPEI) - Annual,unitless,"Water budget (precipitation - evapotranspiration) over a moving window (12 months), normalized such that the SPEI averages to 0 for the calibration data. Evapotranspiration is estimated using the average daily temperature and latitude (for insolation) in Baier and Robertsonâ€™s (1965) estimation.",0.793,0.917,0.717,0.7,0.867
"Cumberland, Subd. D",1211014,Consolidated Census Subdivision,spei_12m,Standardized Precipitation Evapotranspiration Index (SPEI) - Annual,unitless,"Water budget (precipitation - evapotranspiration) over a moving window (12 months), normalized such that the SPEI averages to 0 for the calibration data. Evapotranspiration is estimated using the average daily temperature and latitude (for insolation) in Baier and Robertsonâ€™s (1965) estimation.",0.828,0.867,0.733,0.683,0.883
Digby,1203004,Consolidated Census Subdivision,spei_12m,Standardized Precipitation Evapotranspiration Index (SPEI) - Annual,unitless,"Water budget (precipitation - evapotranspiration) over a moving window (12 months), normalized such that the SPEI averages to 0 for the calibration data. Evapotranspiration is estimated using the average daily temperature and latitude (for insolation) in Baier and Robertsonâ€™s (1965) estimation.",0.931,0.767,0.8,0.583,0.783
East Hants,1208008,Consolidated Census Subdivision,spei_12m,Standardized Precipitation Evapotranspiration Index (SPEI) - Annual,unitless,"Water budget (precipitation - evapotranspiration) over a moving window (12 months), normalized such that the SPEI averages to 0 for the calibration data. Evapotranspiration is estimated using the average daily temperature and latitude (for insolation) in Baier and Robertsonâ€™s (1965) estimation.",0.862,0.767,0.733,0.583,0.75
Guysborough,1213004,Consolidated Census Subdivision,spei_12m,Standardized Precipitation Evapotranspiration Index (SPEI) - Annual,unitless,"Water budget (precipitation - evapotranspiration) over a moving window (12 months), normalized such that the SPEI averages to 0 for the calibration data. Evapotranspiration is estimated using the average daily temperature and latitude (for insolation) in Baier and Robertsonâ€™s (1965) estimation.",1,0.8,0.733,0.6,0.833
Halifax - Central,1209034B,Consolidated Census Subdivision,spei_12m,Standardized Precipitation Evapotranspiration Index (SPEI) - Annual,unitless,"Water budget (precipitation - evapotranspiration) over a moving window (12 months), normalized such that the SPEI averages to 0 for the calibration data. Evapotranspiration is estimated using the average daily temperature and latitude (for insolation) in Baier and Robertsonâ€™s (1965) estimation.",0.897,0.767,0.8,0.55,0.7
Halifax - East,1209034A,Consolidated Census Subdivision,spei_12m,Standardized Precipitation Evapotranspiration Index (SPEI) - Annual,unitless,"Water budget (precipitation - evapotranspiration) over a moving window (12 months), normalized such that the SPEI averages to 0 for the calibration data. Evapotranspiration is estimated using the average daily temperature and latitude (for insolation) in Baier and Robertsonâ€™s (1965) estimation.",0.897,0.75,0.767,0.567,0.733
Halifax - West,1209034C,Consolidated Census Subdivision,spei_12m,Standardized Precipitation Evapotranspiration Index (SPEI) - Annual,unitless,"Water budget (precipitation - evapotranspiration) over a moving window (12 months), normalized such that the SPEI averages to 0 for the calibration data. Evapotranspiration is estimated using the average daily temperature and latitude (for insolation) in Baier and Robertsonâ€™s (1965) estimation.",0.862,0.767,0.767,0.567,0.7
"Inverness, Subd. A",1215011,Consolidated Census Subdivision,spei_12m,Standardized Precipitation Evapotranspiration Index (SPEI) - Annual,unitless,"Water budget (precipitation - evapotranspiration) over a moving window (12 months), normalized such that the SPEI averages to 0 for the calibration data. Evapotranspiration is estimated using the average daily temperature and latitude (for insolation) in Baier and Robertsonâ€™s (1965) estimation.",1.052,0.817,0.6,0.5,0.85
"Inverness, Subd. B",1215006,Consolidated Census Subdivision,spei_12m,Standardized Precipitation Evapotranspiration Index (SPEI) - Annual,unitless,"Water budget (precipitation - evapotranspiration) over a moving window (12 months), normalized such that the SPEI averages to 0 for the calibration data. Evapotranspiration is estimated using the average daily temperature and latitude (for insolation) in Baier and Robertsonâ€™s (1965) estimation.",1.034,0.817,0.7,0.6,0.817
"Inverness, Subd. C",1215001,Consolidated Census Subdivision,spei_12m,Standardized Precipitation Evapotranspiration Index (SPEI) - Annual,unitless,"Water budget (precipitation - evapotranspiration) over a moving window (12 months), normalized such that the SPEI averages to 0 for the calibration data. Evapotranspiration is estimated using the average daily temperature and latitude (for insolation) in Baier and Robertsonâ€™s (1965) estimation.",1,0.8,0.717,0.567,0.85
"Kings, Subd. A",1207001,Consolidated Census Subdivision,spei_12m,Standardized Precipitation Evapotranspiration Index (SPEI) - Annual,unitless,"Water budget (precipitation - evapotranspiration) over a moving window (12 months), normalized such that the SPEI averages to 0 for the calibration data. Evapotranspiration is estimated using the average daily temperature and latitude (for insolation) in Baier and Robertsonâ€™s (1965) estimation.",0.828,0.833,0.717,0.583,0.783
"Kings, Subd. B",1207016,Consolidated Census Subdivision,spei_12m,Standardized Precipitation Evapotranspiration Index (SPEI) - Annual,unitless,"Water budget (precipitation - evapotranspiration) over a moving window (12 months), normalized such that the SPEI averages to 0 for the calibration data. Evapotranspiration is estimated using the average daily temperature and latitude (for insolation) in Baier and Robertsonâ€™s (1965) estimation.",0.845,0.867,0.683,0.633,0.833
"Kings, Subd. C",1207011,Consolidated Census Subdivision,spei_12m,Standardized Precipitation Evapotranspiration Index (SPEI) - Annual,unitless,"Water budget (precipitation - evapotranspiration) over a moving window (12 months), normalized such that the SPEI averages to 0 for the calibration data. Evapotranspiration is estimated using the average daily temperature and latitude (for insolation) in Baier and Robertsonâ€™s (1965) estimation.",0.862,0.85,0.683,0.567,0.733
"Kings, Subd. D",1207021,Consolidated Census Subdivision,spei_12m,Standardized Precipitation Evapotranspiration Index (SPEI) - Annual,unitless,"Water budget (precipitation - evapotranspiration) over a moving window (12 months), normalized such that the SPEI averages to 0 for the calibration data. Evapotranspiration is estimated using the average daily temperature and latitude (for insolation) in Baier and Robertsonâ€™s (1965) estimation.",0.81,0.867,0.65,0.567,0.783
Lunenburg,1206001,Consolidated Census Subdivision,spei_12m,Standardized Precipitation Evapotranspiration Index (SPEI) - Annual,unitless,"Water budget (precipitation - evapotranspiration) over a moving window (12 months), normalized such that the SPEI averages to 0 for the calibration data. Evapotranspiration is estimated using the average daily temperature and latitude (for insolation) in Baier and Robertsonâ€™s (1965) estimation.",0.897,0.8,0.683,0.6,0.717
"Pictou, Subd. A",1212001,Consolidated Census Subdivision,spei_12m,Standardized Precipitation Evapotranspiration Index (SPEI) - Annual,unitless,"Water budget (precipitation - evapotranspiration) over a moving window (12 months), normalized such that the SPEI averages to 0 for the calibration data. Evapotranspiration is estimated using the average daily temperature and latitude (for insolation) in Baier and Robertsonâ€™s (1965) estimation.",0.862,0.85,0.733,0.667,0.883
"Pictou, Subd. B",1212006,Consolidated Census Subdivision,spei_12m,Standardized Precipitation Evapotranspiration Index (SPEI) - Annual,unitless,"Water budget (precipitation - evapotranspiration) over a moving window (12 months), normalized such that the SPEI averages to 0 for the calibration data. Evapotranspiration is estimated using the average daily temperature and latitude (for insolation) in Baier and Robertsonâ€™s (1965) estimation.",0.897,0.783,0.8,0.617,0.733
"Pictou, Subd. C",1212011,Consolidated Census Subdivision,spei_12m,Standardized Precipitation Evapotranspiration Index (SPEI) - Annual,unitless,"Water budget (precipitation - evapotranspiration) over a moving window (12 months), normalized such that the SPEI averages to 0 for the calibration data. Evapotranspiration is estimated using the average daily temperature and latitude (for insolation) in Baier and Robertsonâ€™s (1965) estimation.",0.948,0.783,0.7,0.6,0.7
St. Mary's,1213001,Consolidated Census Subdivision,spei_12m,Standardized Precipitation Evapotranspiration Index (SPEI) - Annual,unitless,"Water budget (precipitation - evapotranspiration) over a moving window (12 months), normalized such that the SPEI averages to 0 for the calibration data. Evapotranspiration is estimated using the average daily temperature and latitude (for insolation) in Baier and Robertsonâ€™s (1965) estimation.",0.948,0.75,0.667,0.583,0.75
Sydney and Surrounds,1217030B,Consolidated Census Subdivision,spei_12m,Standardized Precipitation Evapotranspiration Index (SPEI) - Annual,unitless,"Water budget (precipitation - evapotranspiration) over a moving window (12 months), normalized such that the SPEI averages to 0 for the calibration data. Evapotranspiration is estimated using the average daily temperature and latitude (for insolation) in Baier and Robertsonâ€™s (1965) estimation.",0.897,0.733,0.617,0.533,0.833
West Hants,1208003,Consolidated Census Subdivision,spei_12m,Standardized Precipitation Evapotranspiration Index (SPEI) - Annual,unitless,"Water budget (precipitation - evapotranspiration) over a moving window (12 months), normalized such that the SPEI averages to 0 for the calibration data. Evapotranspiration is estimated using the average daily temperature and latitude (for insolation) in Baier and Robertsonâ€™s (1965) estimation.",0.81,0.8,0.7,0.583,0.7
Yarmouth,1202004,Consolidated Census Subdivision,spei_12m,Standardized Precipitation Evapotranspiration Index (SPEI) - Annual,unitless,"Water budget (precipitation - evapotranspiration) over a moving window (12 months), normalized such that the SPEI averages to 0 for the calibration data. Evapotranspiration is estimated using the average daily temperature and latitude (for insolation) in Baier and Robertsonâ€™s (1965) estimation.",0.948,0.883,0.783,0.617,0.933
Nova Scotia,12,Province,spei_12m2,Standardized Precipitation Evapotranspiration Index (SPEI) - Bi-Annual,unitless,"Water budget (precipitation - evapotranspiration) over a moving window (12 months), normalized such that the SPEI averages to 0 for the calibration data. Evapotranspiration is estimated using the average daily temperature and latitude (for insolation) in Baier and Robertsonâ€™s (1965) estimation.",0.899,0.863,0.779,0.594,0.817
Annapolis,1205,Census Division,spei_12m2,Standardized Precipitation Evapotranspiration Index (SPEI) - Bi-Annual,unitless,"Water budget (precipitation - evapotranspiration) over a moving window (12 months), normalized such that the SPEI averages to 0 for the calibration data. Evapotranspiration is estimated using the average daily temperature and latitude (for insolation) in Baier and Robertsonâ€™s (1965) estimation.",0.914,0.875,0.75,0.6,0.725
Antigonish,1214,Census Division,spei_12m2,Standardized Precipitation Evapotranspiration Index (SPEI) - Bi-Annual,unitless,"Water budget (precipitation - evapotranspiration) over a moving window (12 months), normalized such that the SPEI averages to 0 for the calibration data. Evapotranspiration is estimated using the average daily temperature and latitude (for insolation) in Baier and Robertsonâ€™s (1965) estimation.",0.966,0.783,0.7,0.617,0.858
Cape Breton,1217,Census Division,spei_12m2,Standardized Precipitation Evapotranspiration Index (SPEI) - Bi-Annual,unitless,"Water budget (precipitation - evapotranspiration) over a moving window (12 months), normalized such that the SPEI averages to 0 for the calibration data. Evapotranspiration is estimated using the average daily temperature and latitude (for insolation) in Baier and Robertsonâ€™s (1965) estimation.",0.948,0.767,0.6,0.55,0.858
Colchester,1210,Census Division,spei_12m2,Standardized Precipitation Evapotranspiration Index (SPEI) - Bi-Annual,unitless,"Water budget (precipitation - evapotranspiration) over a moving window (12 months), normalized such that the SPEI averages to 0 for the calibration data. Evapotranspiration is estimated using the average daily temperature and latitude (for insolation) in Baier and Robertsonâ€™s (1965) estimation.",0.828,0.833,0.683,0.625,0.883
Cumberland,1211,Census Division,spei_12m2,Standardized Precipitation Evapotranspiration Index (SPEI) - Bi-Annual,unitless,"Water budget (precipitation - evapotranspiration) over a moving window (12 months), normalized such that the SPEI averages to 0 for the calibration data. Evapotranspiration is estimated using the average daily temperature and latitude (for insolation) in Baier and Robertsonâ€™s (1965) estimation.",0.845,0.892,0.7,0.683,0.85
Digby,1203,Census Division,spei_12m2,Standardized Precipitation Evapotranspiration Index (SPEI) - Bi-Annual,unitless,"Water budget (precipitation - evapotranspiration) over a moving window (12 months), normalized such that the SPEI averages to 0 for the calibration data. Evapotranspiration is estimated using the average daily temperature and latitude (for insolation) in Baier and Robertsonâ€™s (1965) estimation.",0.948,0.842,0.833,0.675,0.75
Guysborough,1213,Census Division,spei_12m2,Standardized Precipitation Evapotranspiration Index (SPEI) - Bi-Annual,unitless,"Water budget (precipitation - evapotranspiration) over a moving window (12 months), normalized such that the SPEI averages to 0 for the calibration data. Evapotranspiration is estimated using the average daily temperature and latitude (for insolation) in Baier and Robertsonâ€™s (1965) estimation.",0.957,0.808,0.717,0.6,0.833
Halifax,1209,Census Division,spei_12m2,Standardized Precipitation Evapotranspiration Index (SPEI) - Bi-Annual,unitless,"Water budget (precipitation - evapotranspiration) over a moving window (12 months), normalized such that the SPEI averages to 0 for the calibration data. Evapotranspiration is estimated using the average daily temperature and latitude (for insolation) in Baier and Robertsonâ€™s (1965) estimation.",0.871,0.8,0.717,0.533,0.758
Hants,1208,Census Division,spei_12m2,Standardized Precipitation Evapotranspiration Index (SPEI) - Bi-Annual,unitless,"Water budget (precipitation - evapotranspiration) over a moving window (12 months), normalized such that the SPEI averages to 0 for the calibration data. Evapotranspiration is estimated using the average daily temperature and latitude (for insolation) in Baier and Robertsonâ€™s (1965) estimation.",0.828,0.85,0.717,0.625,0.758
Inverness,1215,Census Division,spei_12m2,Standardized Precipitation Evapotranspiration Index (SPEI) - Bi-Annual,unitless,"Water budget (precipitation - evapotranspiration) over a moving window (12 months), normalized such that the SPEI averages to 0 for the calibration data. Evapotranspiration is estimated using the average daily temperature and latitude (for insolation) in Baier and Robertsonâ€™s (1965) estimation.",1.026,0.842,0.608,0.508,0.792
Kings,1207,Census Division,spei_12m2,Standardized Precipitation Evapotranspiration Index (SPEI) - Bi-Annual,unitless,"Water budget (precipitation - evapotranspiration) over a moving window (12 months), normalized such that the SPEI averages to 0 for the calibration data. Evapotranspiration is estimated using the average daily temperature and latitude (for insolation) in Baier and Robertsonâ€™s (1965) estimation.",0.81,0.85,0.7,0.625,0.8
Lunenburg,1206,Census Division,spei_12m2,Standardized Precipitation Evapotranspiration Index (SPEI) - Bi-Annual,unitless,"Water budget (precipitation - evapotranspiration) over a moving window (12 months), normalized such that the SPEI averages to 0 for the calibration data. Evapotranspiration is estimated using the average daily temperature and latitude (for insolation) in Baier and Robertsonâ€™s (1965) estimation.",0.905,0.8,0.683,0.675,0.717
Pictou,1212,Census Division,spei_12m2,Standardized Precipitation Evapotranspiration Index (SPEI) - Bi-Annual,unitless,"Water budget (precipitation - evapotranspiration) over a moving window (12 months), normalized such that the SPEI averages to 0 for the calibration data. Evapotranspiration is estimated using the average daily temperature and latitude (for insolation) in Baier and Robertsonâ€™s (1965) estimation.",0.931,0.8,0.75,0.608,0.783
Queens,1204,Census Division / Consolidated Census Subdivision,spei_12m2,Standardized Precipitation Evapotranspiration Index (SPEI) - Bi-Annual,unitless,"Water budget (precipitation - evapotranspiration) over a moving window (12 months), normalized such that the SPEI averages to 0 for the calibration data. Evapotranspiration is estimated using the average daily temperature and latitude (for insolation) in Baier and Robertsonâ€™s (1965) estimation.",0.914,0.758,0.758,0.692,0.717
Richmond,1216,Census Division / Consolidated Census Subdivision,spei_12m2,Standardized Precipitation Evapotranspiration Index (SPEI) - Bi-Annual,unitless,"Water budget (precipitation - evapotranspiration) over a moving window (12 months), normalized such that the SPEI averages to 0 for the calibration data. Evapotranspiration is estimated using the average daily temperature and latitude (for insolation) in Baier and Robertsonâ€™s (1965) estimation.",0.957,0.842,0.658,0.583,0.817
Shelburne,1201,Census Division / Consolidated Census Subdivision,spei_12m2,Standardized Precipitation Evapotranspiration Index (SPEI) - Bi-Annual,unitless,"Water budget (precipitation - evapotranspiration) over a moving window (12 months), normalized such that the SPEI averages to 0 for the calibration data. Evapotranspiration is estimated using the average daily temperature and latitude (for insolation) in Baier and Robertsonâ€™s (1965) estimation.",1,0.85,0.767,0.658,0.95
Victoria,1218,Census Division / Consolidated Census Subdivision,spei_12m2,Standardized Precipitation Evapotranspiration Index (SPEI) - Bi-Annual,unitless,"Water budget (precipitation - evapotranspiration) over a moving window (12 months), normalized such that the SPEI averages to 0 for the calibration data. Evapotranspiration is estimated using the average daily temperature and latitude (for insolation) in Baier and Robertsonâ€™s (1965) estimation.",1.017,0.817,0.542,0.45,0.717
Yarmouth,1202,Census Division,spei_12m2,Standardized Precipitation Evapotranspiration Index (SPEI) - Bi-Annual,unitless,"Water budget (precipitation - evapotranspiration) over a moving window (12 months), normalized such that the SPEI averages to 0 for the calibration data. Evapotranspiration is estimated using the average daily temperature and latitude (for insolation) in Baier and Robertsonâ€™s (1965) estimation.",0.94,0.858,0.767,0.625,0.95
"Annapolis, Subd. A",1205004,Consolidated Census Subdivision,spei_12m2,Standardized Precipitation Evapotranspiration Index (SPEI) - Bi-Annual,unitless,"Water budget (precipitation - evapotranspiration) over a moving window (12 months), normalized such that the SPEI averages to 0 for the calibration data. Evapotranspiration is estimated using the average daily temperature and latitude (for insolation) in Baier and Robertsonâ€™s (1965) estimation.",0.879,0.85,0.833,0.583,0.783
"Annapolis, Subd. B",1205009,Consolidated Census Subdivision,spei_12m2,Standardized Precipitation Evapotranspiration Index (SPEI) - Bi-Annual,unitless,"Water budget (precipitation - evapotranspiration) over a moving window (12 months), normalized such that the SPEI averages to 0 for the calibration data. Evapotranspiration is estimated using the average daily temperature and latitude (for insolation) in Baier and Robertsonâ€™s (1965) estimation.",0.897,0.817,0.733,0.592,0.783
"Annapolis, Subd. C",1205014,Consolidated Census Subdivision,spei_12m2,Standardized Precipitation Evapotranspiration Index (SPEI) - Bi-Annual,unitless,"Water budget (precipitation - evapotranspiration) over a moving window (12 months), normalized such that the SPEI averages to 0 for the calibration data. Evapotranspiration is estimated using the average daily temperature and latitude (for insolation) in Baier and Robertsonâ€™s (1965) estimation.",0.879,0.85,0.817,0.55,0.8
"Annapolis, Subd. D",1205001,Consolidated Census Subdivision,spei_12m2,Standardized Precipitation Evapotranspiration Index (SPEI) - Bi-Annual,unitless,"Water budget (precipitation - evapotranspiration) over a moving window (12 months), normalized such that the SPEI averages to 0 for the calibration data. Evapotranspiration is estimated using the average daily temperature and latitude (for insolation) in Baier and Robertsonâ€™s (1965) estimation.",0.931,0.825,0.758,0.608,0.708
"Antigonish, Subd. A",1214001,Consolidated Census Subdivision,spei_12m2,Standardized Precipitation Evapotranspiration Index (SPEI) - Bi-Annual,unitless,"Water budget (precipitation - evapotranspiration) over a moving window (12 months), normalized such that the SPEI averages to 0 for the calibration data. Evapotranspiration is estimated using the average daily temperature and latitude (for insolation) in Baier and Robertsonâ€™s (1965) estimation.",0.948,0.783,0.667,0.65,0.775
"Antigonish, Subd. B",1214006,Consolidated Census Subdivision,spei_12m2,Standardized Precipitation Evapotranspiration Index (SPEI) - Bi-Annual,unitless,"Water budget (precipitation - evapotranspiration) over a moving window (12 months), normalized such that the SPEI averages to 0 for the calibration data. Evapotranspiration is estimated using the average daily temperature and latitude (for insolation) in Baier and Robertsonâ€™s (1965) estimation.",0.983,0.783,0.717,0.633,0.883
Argyle,1202001,Consolidated Census Subdivision,spei_12m2,Standardized Precipitation Evapotranspiration Index (SPEI) - Bi-Annual,unitless,"Water budget (precipitation - evapotranspiration) over a moving window (12 months), normalized such that the SPEI averages to 0 for the calibration data. Evapotranspiration is estimated using the average daily temperature and latitude (for insolation) in Baier and Robertsonâ€™s (1965) estimation.",0.957,0.842,0.75,0.658,0.9
Cape Breton - Outlying Areas,1217030A,Consolidated Census Subdivision,spei_12m2,Standardized Precipitation Evapotranspiration Index (SPEI) - Bi-Annual,unitless,"Water budget (precipitation - evapotranspiration) over a moving window (12 months), normalized such that the SPEI averages to 0 for the calibration data. Evapotranspiration is estimated using the average daily temperature and latitude (for insolation) in Baier and Robertsonâ€™s (1965) estimation.",0.966,0.783,0.6,0.55,0.858
Chester,1206009,Consolidated Census Subdivision,spei_12m2,Standardized Precipitation Evapotranspiration Index (SPEI) - Bi-Annual,unitless,"Water budget (precipitation - evapotranspiration) over a moving window (12 months), normalized such that the SPEI averages to 0 for the calibration data. Evapotranspiration is estimated using the average daily temperature and latitude (for insolation) in Baier and Robertsonâ€™s (1965) estimation.",0.862,0.767,0.683,0.633,0.725
Clare,1203001,Consolidated Census Subdivision,spei_12m2,Standardized Precipitation Evapotranspiration Index (SPEI) - Bi-Annual,unitless,"Water budget (precipitation - evapotranspiration) over a moving window (12 months), normalized such that the SPEI averages to 0 for the calibration data. Evapotranspiration is estimated using the average daily temperature and latitude (for insolation) in Baier and Robertsonâ€™s (1965) estimation.",0.931,0.833,0.867,0.692,0.8
"Colchester, Subd. A",1210012,Consolidated Census Subdivision,spei_12m2,Standardized Precipitation Evapotranspiration Index (SPEI) - Bi-Annual,unitless,"Water budget (precipitation - evapotranspiration) over a moving window (12 months), normalized such that the SPEI averages to 0 for the calibration data. Evapotranspiration is estimated using the average daily temperature and latitude (for insolation) in Baier and Robertsonâ€™s (1965) estimation.",0.819,0.867,0.7,0.675,0.833
"Colchester, Subd. B",1210008,Consolidated Census Subdivision,spei_12m2,Standardized Precipitation Evapotranspiration Index (SPEI) - Bi-Annual,unitless,"Water budget (precipitation - evapotranspiration) over a moving window (12 months), normalized such that the SPEI averages to 0 for the calibration data. Evapotranspiration is estimated using the average daily temperature and latitude (for insolation) in Baier and Robertsonâ€™s (1965) estimation.",0.81,0.825,0.7,0.642,0.95
"Colchester, Subd. C",1210001,Consolidated Census Subdivision,spei_12m2,Standardized Precipitation Evapotranspiration Index (SPEI) - Bi-Annual,unitless,"Water budget (precipitation - evapotranspiration) over a moving window (12 months), normalized such that the SPEI averages to 0 for the calibration data. Evapotranspiration is estimated using the average daily temperature and latitude (for insolation) in Baier and Robertsonâ€™s (1965) estimation.",0.836,0.792,0.683,0.6,0.842
"Cumberland, Subd. A",1211001,Consolidated Census Subdivision,spei_12m2,Standardized Precipitation Evapotranspiration Index (SPEI) - Bi-Annual,unitless,"Water budget (precipitation - evapotranspiration) over a moving window (12 months), normalized such that the SPEI averages to 0 for the calibration data. Evapotranspiration is estimated using the average daily temperature and latitude (for insolation) in Baier and Robertsonâ€™s (1965) estimation.",0.845,0.808,0.783,0.75,0.9
"Cumberland, Subd. B",1211006,Consolidated Census Subdivision,spei_12m2,Standardized Precipitation Evapotranspiration Index (SPEI) - Bi-Annual,unitless,"Water budget (precipitation - evapotranspiration) over a moving window (12 months), normalized such that the SPEI averages to 0 for the calibration data. Evapotranspiration is estimated using the average daily temperature and latitude (for insolation) in Baier and Robertsonâ€™s (1965) estimation.",0.828,0.858,0.717,0.667,0.85
"Cumberland, Subd. C",1211009,Consolidated Census Subdivision,spei_12m2,Standardized Precipitation Evapotranspiration Index (SPEI) - Bi-Annual,unitless,"Water budget (precipitation - evapotranspiration) over a moving window (12 months), normalized such that the SPEI averages to 0 for the calibration data. Evapotranspiration is estimated using the average daily temperature and latitude (for insolation) in Baier and Robertsonâ€™s (1965) estimation.",0.793,0.908,0.75,0.7,0.9
"Cumberland, Subd. D",1211014,Consolidated Census Subdivision,spei_12m2,Standardized Precipitation Evapotranspiration Index (SPEI) - Bi-Annual,unitless,"Water budget (precipitation - evapotranspiration) over a moving window (12 months), normalized such that the SPEI averages to 0 for the calibration data. Evapotranspiration is estimated using the average daily temperature and latitude (for insolation) in Baier and Robertsonâ€™s (1965) estimation.",0.828,0.9,0.817,0.667,0.917
Digby,1203004,Consolidated Census Subdivision,spei_12m2,Standardized Precipitation Evapotranspiration Index (SPEI) - Bi-Annual,unitless,"Water budget (precipitation - evapotranspiration) over a moving window (12 months), normalized such that the SPEI averages to 0 for the calibration data. Evapotranspiration is estimated using the average daily temperature and latitude (for insolation) in Baier and Robertsonâ€™s (1965) estimation.",0.931,0.817,0.8,0.658,0.75
East Hants,1208008,Consolidated Census Subdivision,spei_12m2,Standardized Precipitation Evapotranspiration Index (SPEI) - Bi-Annual,unitless,"Water budget (precipitation - evapotranspiration) over a moving window (12 months), normalized such that the SPEI averages to 0 for the calibration data. Evapotranspiration is estimated using the average daily temperature and latitude (for insolation) in Baier and Robertsonâ€™s (1965) estimation.",0.845,0.808,0.733,0.592,0.775
Guysborough,1213004,Consolidated Census Subdivision,spei_12m2,Standardized Precipitation Evapotranspiration Index (SPEI) - Bi-Annual,unitless,"Water budget (precipitation - evapotranspiration) over a moving window (12 months), normalized such that the SPEI averages to 0 for the calibration data. Evapotranspiration is estimated using the average daily temperature and latitude (for insolation) in Baier and Robertsonâ€™s (1965) estimation.",1,0.825,0.733,0.633,0.875
Halifax - Central,1209034B,Consolidated Census Subdivision,spei_12m2,Standardized Precipitation Evapotranspiration Index (SPEI) - Bi-Annual,unitless,"Water budget (precipitation - evapotranspiration) over a moving window (12 months), normalized such that the SPEI averages to 0 for the calibration data. Evapotranspiration is estimated using the average daily temperature and latitude (for insolation) in Baier and Robertsonâ€™s (1965) estimation.",0.897,0.783,0.8,0.608,0.733
Halifax - East,1209034A,Consolidated Census Subdivision,spei_12m2,Standardized Precipitation Evapotranspiration Index (SPEI) - Bi-Annual,unitless,"Water budget (precipitation - evapotranspiration) over a moving window (12 months), normalized such that the SPEI averages to 0 for the calibration data. Evapotranspiration is estimated using the average daily temperature and latitude (for insolation) in Baier and Robertsonâ€™s (1965) estimation.",0.888,0.708,0.733,0.558,0.775
Halifax - West,1209034C,Consolidated Census Subdivision,spei_12m2,Standardized Precipitation Evapotranspiration Index (SPEI) - Bi-Annual,unitless,"Water budget (precipitation - evapotranspiration) over a moving window (12 months), normalized such that the SPEI averages to 0 for the calibration data. Evapotranspiration is estimated using the average daily temperature and latitude (for insolation) in Baier and Robertsonâ€™s (1965) estimation.",0.853,0.783,0.767,0.617,0.733
"Inverness, Subd. A",1215011,Consolidated Census Subdivision,spei_12m2,Standardized Precipitation Evapotranspiration Index (SPEI) - Bi-Annual,unitless,"Water budget (precipitation - evapotranspiration) over a moving window (12 months), normalized such that the SPEI averages to 0 for the calibration data. Evapotranspiration is estimated using the average daily temperature and latitude (for insolation) in Baier and Robertsonâ€™s (1965) estimation.",1.052,0.858,0.575,0.467,0.8
"Inverness, Subd. B",1215006,Consolidated Census Subdivision,spei_12m2,Standardized Precipitation Evapotranspiration Index (SPEI) - Bi-Annual,unitless,"Water budget (precipitation - evapotranspiration) over a moving window (12 months), normalized such that the SPEI averages to 0 for the calibration data. Evapotranspiration is estimated using the average daily temperature and latitude (for insolation) in Baier and Robertsonâ€™s (1965) estimation.",1.034,0.85,0.692,0.6,0.808
"Inverness, Subd. C",1215001,Consolidated Census Subdivision,spei_12m2,Standardized Precipitation Evapotranspiration Index (SPEI) - Bi-Annual,unitless,"Water budget (precipitation - evapotranspiration) over a moving window (12 months), normalized such that the SPEI averages to 0 for the calibration data. Evapotranspiration is estimated using the average daily temperature and latitude (for insolation) in Baier and Robertsonâ€™s (1965) estimation.",1,0.825,0.708,0.608,0.858
"Kings, Subd. A",1207001,Consolidated Census Subdivision,spei_12m2,Standardized Precipitation Evapotranspiration Index (SPEI) - Bi-Annual,unitless,"Water budget (precipitation - evapotranspiration) over a moving window (12 months), normalized such that the SPEI averages to 0 for the calibration data. Evapotranspiration is estimated using the average daily temperature and latitude (for insolation) in Baier and Robertsonâ€™s (1965) estimation.",0.828,0.833,0.717,0.608,0.8
"Kings, Subd. B",1207016,Consolidated Census Subdivision,spei_12m2,Standardized Precipitation Evapotranspiration Index (SPEI) - Bi-Annual,unitless,"Water budget (precipitation - evapotranspiration) over a moving window (12 months), normalized such that the SPEI averages to 0 for the calibration data. Evapotranspiration is estimated using the average daily temperature and latitude (for insolation) in Baier and Robertsonâ€™s (1965) estimation.",0.845,0.85,0.717,0.658,0.85
"Kings, Subd. C",1207011,Consolidated Census Subdivision,spei_12m2,Standardized Precipitation Evapotranspiration Index (SPEI) - Bi-Annual,unitless,"Water budget (precipitation - evapotranspiration) over a moving window (12 months), normalized such that the SPEI averages to 0 for the calibration data. Evapotranspiration is estimated using the average daily temperature and latitude (for insolation) in Baier and Robertsonâ€™s (1965) estimation.",0.862,0.867,0.7,0.6,0.75
"Kings, Subd. D",1207021,Consolidated Census Subdivision,spei_12m2,Standardized Precipitation Evapotranspiration Index (SPEI) - Bi-Annual,unitless,"Water budget (precipitation - evapotranspiration) over a moving window (12 months), normalized such that the SPEI averages to 0 for the calibration data. Evapotranspiration is estimated using the average daily temperature and latitude (for insolation) in Baier and Robertsonâ€™s (1965) estimation.",0.81,0.833,0.65,0.6,0.8
Lunenburg,1206001,Consolidated Census Subdivision,spei_12m2,Standardized Precipitation Evapotranspiration Index (SPEI) - Bi-Annual,unitless,"Water budget (precipitation - evapotranspiration) over a moving window (12 months), normalized such that the SPEI averages to 0 for the calibration data. Evapotranspiration is estimated using the average daily temperature and latitude (for insolation) in Baier and Robertsonâ€™s (1965) estimation.",0.897,0.817,0.683,0.65,0.708
"Pictou, Subd. A",1212001,Consolidated Census Subdivision,spei_12m2,Standardized Precipitation Evapotranspiration Index (SPEI) - Bi-Annual,unitless,"Water budget (precipitation - evapotranspiration) over a moving window (12 months), normalized such that the SPEI averages to 0 for the calibration data. Evapotranspiration is estimated using the average daily temperature and latitude (for insolation) in Baier and Robertsonâ€™s (1965) estimation.",0.853,0.825,0.733,0.617,0.933
"Pictou, Subd. B",1212006,Consolidated Census Subdivision,spei_12m2,Standardized Precipitation Evapotranspiration Index (SPEI) - Bi-Annual,unitless,"Water budget (precipitation - evapotranspiration) over a moving window (12 months), normalized such that the SPEI averages to 0 for the calibration data. Evapotranspiration is estimated using the average daily temperature and latitude (for insolation) in Baier and Robertsonâ€™s (1965) estimation.",0.897,0.783,0.792,0.617,0.783
"Pictou, Subd. C",1212011,Consolidated Census Subdivision,spei_12m2,Standardized Precipitation Evapotranspiration Index (SPEI) - Bi-Annual,unitless,"Water budget (precipitation - evapotranspiration) over a moving window (12 months), normalized such that the SPEI averages to 0 for the calibration data. Evapotranspiration is estimated using the average daily temperature and latitude (for insolation) in Baier and Robertsonâ€™s (1965) estimation.",0.948,0.767,0.7,0.642,0.758
St. Mary's,1213001,Consolidated Census Subdivision,spei_12m2,Standardized Precipitation Evapotranspiration Index (SPEI) - Bi-Annual,unitless,"Water budget (precipitation - evapotranspiration) over a moving window (12 months), normalized such that the SPEI averages to 0 for the calibration data. Evapotranspiration is estimated using the average daily temperature and latitude (for insolation) in Baier and Robertsonâ€™s (1965) estimation.",0.948,0.75,0.667,0.608,0.783
Sydney and Surrounds,1217030B,Consolidated Census Subdivision,spei_12m2,Standardized Precipitation Evapotranspiration Index (SPEI) - Bi-Annual,unitless,"Water budget (precipitation - evapotranspiration) over a moving window (12 months), normalized such that the SPEI averages to 0 for the calibration data. Evapotranspiration is estimated using the average daily temperature and latitude (for insolation) in Baier and Robertsonâ€™s (1965) estimation.",0.897,0.742,0.558,0.533,0.825
West Hants,1208003,Consolidated Census Subdivision,spei_12m2,Standardized Precipitation Evapotranspiration Index (SPEI) - Bi-Annual,unitless,"Water budget (precipitation - evapotranspiration) over a moving window (12 months), normalized such that the SPEI averages to 0 for the calibration data. Evapotranspiration is estimated using the average daily temperature and latitude (for insolation) in Baier and Robertsonâ€™s (1965) estimation.",0.793,0.8,0.7,0.617,0.717
Yarmouth,1202004,Consolidated Census Subdivision,spei_12m2,Standardized Precipitation Evapotranspiration Index (SPEI) - Bi-Annual,unitless,"Water budget (precipitation - evapotranspiration) over a moving window (12 months), normalized such that the SPEI averages to 0 for the calibration data. Evapotranspiration is estimated using the average daily temperature and latitude (for insolation) in Baier and Robertsonâ€™s (1965) estimation.",0.94,0.908,0.783,0.65,0.967
Nova Scotia,12,Province,swe_ann,Snow Water Equivalent (Annual),mm,The amount of precipitation thatâ€™s fallen as snow over the year. Snow water equivalent refers to the depth of water that would result from melting the snow.,366,267,230,242,146
Annapolis,1205,Census Division,swe_ann,Snow Water Equivalent (Annual),mm,The amount of precipitation thatâ€™s fallen as snow over the year. Snow water equivalent refers to the depth of water that would result from melting the snow.,344,257,216,221,128
Antigonish,1214,Census Division,swe_ann,Snow Water Equivalent (Annual),mm,The amount of precipitation thatâ€™s fallen as snow over the year. Snow water equivalent refers to the depth of water that would result from melting the snow.,383,297,257,274,174
Cape Breton,1217,Census Division,swe_ann,Snow Water Equivalent (Annual),mm,The amount of precipitation thatâ€™s fallen as snow over the year. Snow water equivalent refers to the depth of water that would result from melting the snow.,439,310,271,271,170
Colchester,1210,Census Division,swe_ann,Snow Water Equivalent (Annual),mm,The amount of precipitation thatâ€™s fallen as snow over the year. Snow water equivalent refers to the depth of water that would result from melting the snow.,379,306,265,276,177
Cumberland,1211,Census Division,swe_ann,Snow Water Equivalent (Annual),mm,The amount of precipitation thatâ€™s fallen as snow over the year. Snow water equivalent refers to the depth of water that would result from melting the snow.,374,303,269,270,179
Digby,1203,Census Division,swe_ann,Snow Water Equivalent (Annual),mm,The amount of precipitation thatâ€™s fallen as snow over the year. Snow water equivalent refers to the depth of water that would result from melting the snow.,282,185,153,166,68
Guysborough,1213,Census Division,swe_ann,Snow Water Equivalent (Annual),mm,The amount of precipitation thatâ€™s fallen as snow over the year. Snow water equivalent refers to the depth of water that would result from melting the snow.,364,262,223,243,145
Halifax,1209,Census Division,swe_ann,Snow Water Equivalent (Annual),mm,The amount of precipitation thatâ€™s fallen as snow over the year. Snow water equivalent refers to the depth of water that would result from melting the snow.,350,254,209,221,130
Hants,1208,Census Division,swe_ann,Snow Water Equivalent (Annual),mm,The amount of precipitation thatâ€™s fallen as snow over the year. Snow water equivalent refers to the depth of water that would result from melting the snow.,361,290,235,245,149
Inverness,1215,Census Division,swe_ann,Snow Water Equivalent (Annual),mm,The amount of precipitation thatâ€™s fallen as snow over the year. Snow water equivalent refers to the depth of water that would result from melting the snow.,472,359,325,325,223
Kings,1207,Census Division,swe_ann,Snow Water Equivalent (Annual),mm,The amount of precipitation thatâ€™s fallen as snow over the year. Snow water equivalent refers to the depth of water that would result from melting the snow.,368,290,244,255,157
Lunenburg,1206,Census Division,swe_ann,Snow Water Equivalent (Annual),mm,The amount of precipitation thatâ€™s fallen as snow over the year. Snow water equivalent refers to the depth of water that would result from melting the snow.,345,252,205,220,118
Pictou,1212,Census Division,swe_ann,Snow Water Equivalent (Annual),mm,The amount of precipitation thatâ€™s fallen as snow over the year. Snow water equivalent refers to the depth of water that would result from melting the snow.,392,305,269,279,190
Queens,1204,Census Division / Consolidated Census Subdivision,swe_ann,Snow Water Equivalent (Annual),mm,The amount of precipitation thatâ€™s fallen as snow over the year. Snow water equivalent refers to the depth of water that would result from melting the snow.,311,210,169,180,84
Richmond,1216,Census Division / Consolidated Census Subdivision,swe_ann,Snow Water Equivalent (Annual),mm,The amount of precipitation thatâ€™s fallen as snow over the year. Snow water equivalent refers to the depth of water that would result from melting the snow.,384,262,225,233,137
Shelburne,1201,Census Division / Consolidated Census Subdivision,swe_ann,Snow Water Equivalent (Annual),mm,The amount of precipitation thatâ€™s fallen as snow over the year. Snow water equivalent refers to the depth of water that would result from melting the snow.,255,153,122,125,55
Victoria,1218,Census Division / Consolidated Census Subdivision,swe_ann,Snow Water Equivalent (Annual),mm,The amount of precipitation thatâ€™s fallen as snow over the year. Snow water equivalent refers to the depth of water that would result from melting the snow.,530,400,369,361,245
Yarmouth,1202,Census Division,swe_ann,Snow Water Equivalent (Annual),mm,The amount of precipitation thatâ€™s fallen as snow over the year. Snow water equivalent refers to the depth of water that would result from melting the snow.,254,154,123,122,46
"Annapolis, Subd. A",1205004,Consolidated Census Subdivision,swe_ann,Snow Water Equivalent (Annual),mm,The amount of precipitation thatâ€™s fallen as snow over the year. Snow water equivalent refers to the depth of water that would result from melting the snow.,323,243,198,204,118
"Annapolis, Subd. B",1205009,Consolidated Census Subdivision,swe_ann,Snow Water Equivalent (Annual),mm,The amount of precipitation thatâ€™s fallen as snow over the year. Snow water equivalent refers to the depth of water that would result from melting the snow.,343,264,224,232,145
"Annapolis, Subd. C",1205014,Consolidated Census Subdivision,swe_ann,Snow Water Equivalent (Annual),mm,The amount of precipitation thatâ€™s fallen as snow over the year. Snow water equivalent refers to the depth of water that would result from melting the snow.,345,269,228,233,147
"Annapolis, Subd. D",1205001,Consolidated Census Subdivision,swe_ann,Snow Water Equivalent (Annual),mm,The amount of precipitation thatâ€™s fallen as snow over the year. Snow water equivalent refers to the depth of water that would result from melting the snow.,353,261,222,226,132
"Antigonish, Subd. A",1214001,Consolidated Census Subdivision,swe_ann,Snow Water Equivalent (Annual),mm,The amount of precipitation thatâ€™s fallen as snow over the year. Snow water equivalent refers to the depth of water that would result from melting the snow.,389,302,265,284,181
"Antigonish, Subd. B",1214006,Consolidated Census Subdivision,swe_ann,Snow Water Equivalent (Annual),mm,The amount of precipitation thatâ€™s fallen as snow over the year. Snow water equivalent refers to the depth of water that would result from melting the snow.,378,289,242,262,169
Argyle,1202001,Consolidated Census Subdivision,swe_ann,Snow Water Equivalent (Annual),mm,The amount of precipitation thatâ€™s fallen as snow over the year. Snow water equivalent refers to the depth of water that would result from melting the snow.,259,156,126,126,48
Cape Breton - Outlying Areas,1217030A,Consolidated Census Subdivision,swe_ann,Snow Water Equivalent (Annual),mm,The amount of precipitation thatâ€™s fallen as snow over the year. Snow water equivalent refers to the depth of water that would result from melting the snow.,437,310,271,270,169
Chester,1206009,Consolidated Census Subdivision,swe_ann,Snow Water Equivalent (Annual),mm,The amount of precipitation thatâ€™s fallen as snow over the year. Snow water equivalent refers to the depth of water that would result from melting the snow.,363,273,226,228,135
Clare,1203001,Consolidated Census Subdivision,swe_ann,Snow Water Equivalent (Annual),mm,The amount of precipitation thatâ€™s fallen as snow over the year. Snow water equivalent refers to the depth of water that would result from melting the snow.,256,155,125,132,48
"Colchester, Subd. A",1210012,Consolidated Census Subdivision,swe_ann,Snow Water Equivalent (Annual),mm,The amount of precipitation thatâ€™s fallen as snow over the year. Snow water equivalent refers to the depth of water that would result from melting the snow.,387,318,277,282,184
"Colchester, Subd. B",1210008,Consolidated Census Subdivision,swe_ann,Snow Water Equivalent (Annual),mm,The amount of precipitation thatâ€™s fallen as snow over the year. Snow water equivalent refers to the depth of water that would result from melting the snow.,385,310,269,278,185
"Colchester, Subd. C",1210001,Consolidated Census Subdivision,swe_ann,Snow Water Equivalent (Annual),mm,The amount of precipitation thatâ€™s fallen as snow over the year. Snow water equivalent refers to the depth of water that would result from melting the snow.,369,292,247,260,168
"Cumberland, Subd. A",1211001,Consolidated Census Subdivision,swe_ann,Snow Water Equivalent (Annual),mm,The amount of precipitation thatâ€™s fallen as snow over the year. Snow water equivalent refers to the depth of water that would result from melting the snow.,368,296,261,262,180
"Cumberland, Subd. B",1211006,Consolidated Census Subdivision,swe_ann,Snow Water Equivalent (Annual),mm,The amount of precipitation thatâ€™s fallen as snow over the year. Snow water equivalent refers to the depth of water that would result from melting the snow.,382,308,273,273,185
"Cumberland, Subd. C",1211009,Consolidated Census Subdivision,swe_ann,Snow Water Equivalent (Annual),mm,The amount of precipitation thatâ€™s fallen as snow over the year. Snow water equivalent refers to the depth of water that would result from melting the snow.,372,301,271,268,188
"Cumberland, Subd. D",1211014,Consolidated Census Subdivision,swe_ann,Snow Water Equivalent (Annual),mm,The amount of precipitation thatâ€™s fallen as snow over the year. Snow water equivalent refers to the depth of water that would result from melting the snow.,376,304,272,274,182
Digby,1203004,Consolidated Census Subdivision,swe_ann,Snow Water Equivalent (Annual),mm,The amount of precipitation thatâ€™s fallen as snow over the year. Snow water equivalent refers to the depth of water that would result from melting the snow.,296,202,162,178,85
East Hants,1208008,Consolidated Census Subdivision,swe_ann,Snow Water Equivalent (Annual),mm,The amount of precipitation thatâ€™s fallen as snow over the year. Snow water equivalent refers to the depth of water that would result from melting the snow.,358,285,236,244,145
Guysborough,1213004,Consolidated Census Subdivision,swe_ann,Snow Water Equivalent (Annual),mm,The amount of precipitation thatâ€™s fallen as snow over the year. Snow water equivalent refers to the depth of water that would result from melting the snow.,364,256,215,234,140
Halifax - Central,1209034B,Consolidated Census Subdivision,swe_ann,Snow Water Equivalent (Annual),mm,The amount of precipitation thatâ€™s fallen as snow over the year. Snow water equivalent refers to the depth of water that would result from melting the snow.,336,239,194,203,107
Halifax - East,1209034A,Consolidated Census Subdivision,swe_ann,Snow Water Equivalent (Annual),mm,The amount of precipitation thatâ€™s fallen as snow over the year. Snow water equivalent refers to the depth of water that would result from melting the snow.,353,259,214,226,138
Halifax - West,1209034C,Consolidated Census Subdivision,swe_ann,Snow Water Equivalent (Annual),mm,The amount of precipitation thatâ€™s fallen as snow over the year. Snow water equivalent refers to the depth of water that would result from melting the snow.,342,241,196,201,111
"Inverness, Subd. A",1215011,Consolidated Census Subdivision,swe_ann,Snow Water Equivalent (Annual),mm,The amount of precipitation thatâ€™s fallen as snow over the year. Snow water equivalent refers to the depth of water that would result from melting the snow.,528,410,378,373,256
"Inverness, Subd. B",1215006,Consolidated Census Subdivision,swe_ann,Snow Water Equivalent (Annual),mm,The amount of precipitation thatâ€™s fallen as snow over the year. Snow water equivalent refers to the depth of water that would result from melting the snow.,427,330,284,296,201
"Inverness, Subd. C",1215001,Consolidated Census Subdivision,swe_ann,Snow Water Equivalent (Annual),mm,The amount of precipitation thatâ€™s fallen as snow over the year. Snow water equivalent refers to the depth of water that would result from melting the snow.,407,305,264,275,177
"Kings, Subd. A",1207001,Consolidated Census Subdivision,swe_ann,Snow Water Equivalent (Annual),mm,The amount of precipitation thatâ€™s fallen as snow over the year. Snow water equivalent refers to the depth of water that would result from melting the snow.,367,291,245,255,157
"Kings, Subd. B",1207016,Consolidated Census Subdivision,swe_ann,Snow Water Equivalent (Annual),mm,The amount of precipitation thatâ€™s fallen as snow over the year. Snow water equivalent refers to the depth of water that would result from melting the snow.,354,282,237,236,156
"Kings, Subd. C",1207011,Consolidated Census Subdivision,swe_ann,Snow Water Equivalent (Annual),mm,The amount of precipitation thatâ€™s fallen as snow over the year. Snow water equivalent refers to the depth of water that would result from melting the snow.,380,302,252,262,163
"Kings, Subd. D",1207021,Consolidated Census Subdivision,swe_ann,Snow Water Equivalent (Annual),mm,The amount of precipitation thatâ€™s fallen as snow over the year. Snow water equivalent refers to the depth of water that would result from melting the snow.,371,295,243,245,160
Lunenburg,1206001,Consolidated Census Subdivision,swe_ann,Snow Water Equivalent (Annual),mm,The amount of precipitation thatâ€™s fallen as snow over the year. Snow water equivalent refers to the depth of water that would result from melting the snow.,335,236,195,211,106
"Pictou, Subd. A",1212001,Consolidated Census Subdivision,swe_ann,Snow Water Equivalent (Annual),mm,The amount of precipitation thatâ€™s fallen as snow over the year. Snow water equivalent refers to the depth of water that would result from melting the snow.,380,304,267,272,185
"Pictou, Subd. B",1212006,Consolidated Census Subdivision,swe_ann,Snow Water Equivalent (Annual),mm,The amount of precipitation thatâ€™s fallen as snow over the year. Snow water equivalent refers to the depth of water that would result from melting the snow.,396,309,274,280,189
"Pictou, Subd. C",1212011,Consolidated Census Subdivision,swe_ann,Snow Water Equivalent (Annual),mm,The amount of precipitation thatâ€™s fallen as snow over the year. Snow water equivalent refers to the depth of water that would result from melting the snow.,397,308,271,283,189
St. Mary's,1213001,Consolidated Census Subdivision,swe_ann,Snow Water Equivalent (Annual),mm,The amount of precipitation thatâ€™s fallen as snow over the year. Snow water equivalent refers to the depth of water that would result from melting the snow.,369,271,229,251,152
Sydney and Surrounds,1217030B,Consolidated Census Subdivision,swe_ann,Snow Water Equivalent (Annual),mm,The amount of precipitation thatâ€™s fallen as snow over the year. Snow water equivalent refers to the depth of water that would result from melting the snow.,448,315,282,276,171
West Hants,1208003,Consolidated Census Subdivision,swe_ann,Snow Water Equivalent (Annual),mm,The amount of precipitation thatâ€™s fallen as snow over the year. Snow water equivalent refers to the depth of water that would result from melting the snow.,365,284,234,238,147
Yarmouth,1202004,Consolidated Census Subdivision,swe_ann,Snow Water Equivalent (Annual),mm,The amount of precipitation thatâ€™s fallen as snow over the year. Snow water equivalent refers to the depth of water that would result from melting the snow.,245,144,116,117,44
Nova Scotia,12,Province,swe_win,Snow Water Equivalent (Winter),mm,The amount of precipitation thatâ€™s fallen as snow over the winter season. Snow water equivalent refers to the depth of water that would result from melting the snow.,278,217,195,199,128
Annapolis,1205,Census Division,swe_win,Snow Water Equivalent (Winter),mm,The amount of precipitation thatâ€™s fallen as snow over the winter season. Snow water equivalent refers to the depth of water that would result from melting the snow.,269,221,189,191,117
Antigonish,1214,Census Division,swe_win,Snow Water Equivalent (Winter),mm,The amount of precipitation thatâ€™s fallen as snow over the winter season. Snow water equivalent refers to the depth of water that would result from melting the snow.,287,229,208,220,148
Cape Breton,1217,Census Division,swe_win,Snow Water Equivalent (Winter),mm,The amount of precipitation thatâ€™s fallen as snow over the winter season. Snow water equivalent refers to the depth of water that would result from melting the snow.,329,253,229,219,139
Colchester,1210,Census Division,swe_win,Snow Water Equivalent (Winter),mm,The amount of precipitation thatâ€™s fallen as snow over the winter season. Snow water equivalent refers to the depth of water that would result from melting the snow.,283,241,219,222,161
Cumberland,1211,Census Division,swe_win,Snow Water Equivalent (Winter),mm,The amount of precipitation thatâ€™s fallen as snow over the winter season. Snow water equivalent refers to the depth of water that would result from melting the snow.,277,241,220,218,162
Digby,1203,Census Division,swe_win,Snow Water Equivalent (Winter),mm,The amount of precipitation thatâ€™s fallen as snow over the winter season. Snow water equivalent refers to the depth of water that would result from melting the snow.,231,165,137,150,65
Guysborough,1213,Census Division,swe_win,Snow Water Equivalent (Winter),mm,The amount of precipitation thatâ€™s fallen as snow over the winter season. Snow water equivalent refers to the depth of water that would result from melting the snow.,277,209,181,195,125
Halifax,1209,Census Division,swe_win,Snow Water Equivalent (Winter),mm,The amount of precipitation thatâ€™s fallen as snow over the winter season. Snow water equivalent refers to the depth of water that would result from melting the snow.,267,206,173,186,125
Hants,1208,Census Division,swe_win,Snow Water Equivalent (Winter),mm,The amount of precipitation thatâ€™s fallen as snow over the winter season. Snow water equivalent refers to the depth of water that would result from melting the snow.,279,233,194,201,135
Inverness,1215,Census Division,swe_win,Snow Water Equivalent (Winter),mm,The amount of precipitation thatâ€™s fallen as snow over the winter season. Snow water equivalent refers to the depth of water that would result from melting the snow.,346,287,260,258,179
Kings,1207,Census Division,swe_win,Snow Water Equivalent (Winter),mm,The amount of precipitation thatâ€™s fallen as snow over the winter season. Snow water equivalent refers to the depth of water that would result from melting the snow.,281,238,206,207,144
Lunenburg,1206,Census Division,swe_win,Snow Water Equivalent (Winter),mm,The amount of precipitation thatâ€™s fallen as snow over the winter season. Snow water equivalent refers to the depth of water that would result from melting the snow.,269,214,175,182,107
Pictou,1212,Census Division,swe_win,Snow Water Equivalent (Winter),mm,The amount of precipitation thatâ€™s fallen as snow over the winter season. Snow water equivalent refers to the depth of water that would result from melting the snow.,290,240,218,225,161
Queens,1204,Census Division / Consolidated Census Subdivision,swe_win,Snow Water Equivalent (Winter),mm,The amount of precipitation thatâ€™s fallen as snow over the winter season. Snow water equivalent refers to the depth of water that would result from melting the snow.,246,181,144,154,76
Richmond,1216,Census Division / Consolidated Census Subdivision,swe_win,Snow Water Equivalent (Winter),mm,The amount of precipitation thatâ€™s fallen as snow over the winter season. Snow water equivalent refers to the depth of water that would result from melting the snow.,293,213,186,182,114
Shelburne,1201,Census Division / Consolidated Census Subdivision,swe_win,Snow Water Equivalent (Winter),mm,The amount of precipitation thatâ€™s fallen as snow over the winter season. Snow water equivalent refers to the depth of water that would result from melting the snow.,208,138,107,113,55
Victoria,1218,Census Division / Consolidated Census Subdivision,swe_win,Snow Water Equivalent (Winter),mm,The amount of precipitation thatâ€™s fallen as snow over the winter season. Snow water equivalent refers to the depth of water that would result from melting the snow.,381,318,293,284,197
Yarmouth,1202,Census Division,swe_win,Snow Water Equivalent (Winter),mm,The amount of precipitation thatâ€™s fallen as snow over the winter season. Snow water equivalent refers to the depth of water that would result from melting the snow.,212,138,111,112,41
"Annapolis, Subd. A",1205004,Consolidated Census Subdivision,swe_win,Snow Water Equivalent (Winter),mm,The amount of precipitation thatâ€™s fallen as snow over the winter season. Snow water equivalent refers to the depth of water that would result from melting the snow.,257,210,177,182,108
"Annapolis, Subd. B",1205009,Consolidated Census Subdivision,swe_win,Snow Water Equivalent (Winter),mm,The amount of precipitation thatâ€™s fallen as snow over the winter season. Snow water equivalent refers to the depth of water that would result from melting the snow.,269,229,192,197,135
"Annapolis, Subd. C",1205014,Consolidated Census Subdivision,swe_win,Snow Water Equivalent (Winter),mm,The amount of precipitation thatâ€™s fallen as snow over the winter season. Snow water equivalent refers to the depth of water that would result from melting the snow.,269,231,191,197,137
"Annapolis, Subd. D",1205001,Consolidated Census Subdivision,swe_win,Snow Water Equivalent (Winter),mm,The amount of precipitation thatâ€™s fallen as snow over the winter season. Snow water equivalent refers to the depth of water that would result from melting the snow.,274,226,191,192,121
"Antigonish, Subd. A",1214001,Consolidated Census Subdivision,swe_win,Snow Water Equivalent (Winter),mm,The amount of precipitation thatâ€™s fallen as snow over the winter season. Snow water equivalent refers to the depth of water that would result from melting the snow.,290,234,210,222,151
"Antigonish, Subd. B",1214006,Consolidated Census Subdivision,swe_win,Snow Water Equivalent (Winter),mm,The amount of precipitation thatâ€™s fallen as snow over the winter season. Snow water equivalent refers to the depth of water that would result from melting the snow.,285,223,200,211,141
Argyle,1202001,Consolidated Census Subdivision,swe_win,Snow Water Equivalent (Winter),mm,The amount of precipitation thatâ€™s fallen as snow over the winter season. Snow water equivalent refers to the depth of water that would result from melting the snow.,216,140,113,114,42
Cape Breton - Outlying Areas,1217030A,Consolidated Census Subdivision,swe_win,Snow Water Equivalent (Winter),mm,The amount of precipitation thatâ€™s fallen as snow over the winter season. Snow water equivalent refers to the depth of water that would result from melting the snow.,329,253,226,218,138
Chester,1206009,Consolidated Census Subdivision,swe_win,Snow Water Equivalent (Winter),mm,The amount of precipitation thatâ€™s fallen as snow over the winter season. Snow water equivalent refers to the depth of water that would result from melting the snow.,279,227,186,191,124
Clare,1203001,Consolidated Census Subdivision,swe_win,Snow Water Equivalent (Winter),mm,The amount of precipitation thatâ€™s fallen as snow over the winter season. Snow water equivalent refers to the depth of water that would result from melting the snow.,212,143,115,121,46
"Colchester, Subd. A",1210012,Consolidated Census Subdivision,swe_win,Snow Water Equivalent (Winter),mm,The amount of precipitation thatâ€™s fallen as snow over the winter season. Snow water equivalent refers to the depth of water that would result from melting the snow.,286,246,224,226,168
"Colchester, Subd. B",1210008,Consolidated Census Subdivision,swe_win,Snow Water Equivalent (Winter),mm,The amount of precipitation thatâ€™s fallen as snow over the winter season. Snow water equivalent refers to the depth of water that would result from melting the snow.,283,242,222,223,166
"Colchester, Subd. C",1210001,Consolidated Census Subdivision,swe_win,Snow Water Equivalent (Winter),mm,The amount of precipitation thatâ€™s fallen as snow over the winter season. Snow water equivalent refers to the depth of water that would result from melting the snow.,282,233,207,211,149
"Cumberland, Subd. A",1211001,Consolidated Census Subdivision,swe_win,Snow Water Equivalent (Winter),mm,The amount of precipitation thatâ€™s fallen as snow over the winter season. Snow water equivalent refers to the depth of water that would result from melting the snow.,274,241,216,208,164
"Cumberland, Subd. B",1211006,Consolidated Census Subdivision,swe_win,Snow Water Equivalent (Winter),mm,The amount of precipitation thatâ€™s fallen as snow over the winter season. Snow water equivalent refers to the depth of water that would result from melting the snow.,280,245,222,219,168
"Cumberland, Subd. C",1211009,Consolidated Census Subdivision,swe_win,Snow Water Equivalent (Winter),mm,The amount of precipitation thatâ€™s fallen as snow over the winter season. Snow water equivalent refers to the depth of water that would result from melting the snow.,276,240,221,215,165
"Cumberland, Subd. D",1211014,Consolidated Census Subdivision,swe_win,Snow Water Equivalent (Winter),mm,The amount of precipitation thatâ€™s fallen as snow over the winter season. Snow water equivalent refers to the depth of water that would result from melting the snow.,277,240,221,220,168
Digby,1203004,Consolidated Census Subdivision,swe_win,Snow Water Equivalent (Winter),mm,The amount of precipitation thatâ€™s fallen as snow over the winter season. Snow water equivalent refers to the depth of water that would result from melting the snow.,240,176,147,159,79
East Hants,1208008,Consolidated Census Subdivision,swe_win,Snow Water Equivalent (Winter),mm,The amount of precipitation thatâ€™s fallen as snow over the winter season. Snow water equivalent refers to the depth of water that would result from melting the snow.,275,227,199,200,141
Guysborough,1213004,Consolidated Census Subdivision,swe_win,Snow Water Equivalent (Winter),mm,The amount of precipitation thatâ€™s fallen as snow over the winter season. Snow water equivalent refers to the depth of water that would result from melting the snow.,274,203,180,187,120
Halifax - Central,1209034B,Consolidated Census Subdivision,swe_win,Snow Water Equivalent (Winter),mm,The amount of precipitation thatâ€™s fallen as snow over the winter season. Snow water equivalent refers to the depth of water that would result from melting the snow.,261,199,164,171,102
Halifax - East,1209034A,Consolidated Census Subdivision,swe_win,Snow Water Equivalent (Winter),mm,The amount of precipitation thatâ€™s fallen as snow over the winter season. Snow water equivalent refers to the depth of water that would result from melting the snow.,271,209,179,190,131
Halifax - West,1209034C,Consolidated Census Subdivision,swe_win,Snow Water Equivalent (Winter),mm,The amount of precipitation thatâ€™s fallen as snow over the winter season. Snow water equivalent refers to the depth of water that would result from melting the snow.,264,202,162,171,109
"Inverness, Subd. A",1215011,Consolidated Census Subdivision,swe_win,Snow Water Equivalent (Winter),mm,The amount of precipitation thatâ€™s fallen as snow over the winter season. Snow water equivalent refers to the depth of water that would result from melting the snow.,379,323,302,293,204
"Inverness, Subd. B",1215006,Consolidated Census Subdivision,swe_win,Snow Water Equivalent (Winter),mm,The amount of precipitation thatâ€™s fallen as snow over the winter season. Snow water equivalent refers to the depth of water that would result from melting the snow.,316,256,239,238,164
"Inverness, Subd. C",1215001,Consolidated Census Subdivision,swe_win,Snow Water Equivalent (Winter),mm,The amount of precipitation thatâ€™s fallen as snow over the winter season. Snow water equivalent refers to the depth of water that would result from melting the snow.,307,242,220,220,146
"Kings, Subd. A",1207001,Consolidated Census Subdivision,swe_win,Snow Water Equivalent (Winter),mm,The amount of precipitation thatâ€™s fallen as snow over the winter season. Snow water equivalent refers to the depth of water that would result from melting the snow.,282,244,204,209,144
"Kings, Subd. B",1207016,Consolidated Census Subdivision,swe_win,Snow Water Equivalent (Winter),mm,The amount of precipitation thatâ€™s fallen as snow over the winter season. Snow water equivalent refers to the depth of water that would result from melting the snow.,273,234,206,194,143
"Kings, Subd. C",1207011,Consolidated Census Subdivision,swe_win,Snow Water Equivalent (Winter),mm,The amount of precipitation thatâ€™s fallen as snow over the winter season. Snow water equivalent refers to the depth of water that would result from melting the snow.,288,244,215,213,149
"Kings, Subd. D",1207021,Consolidated Census Subdivision,swe_win,Snow Water Equivalent (Winter),mm,The amount of precipitation thatâ€™s fallen as snow over the winter season. Snow water equivalent refers to the depth of water that would result from melting the snow.,283,237,209,203,147
Lunenburg,1206001,Consolidated Census Subdivision,swe_win,Snow Water Equivalent (Winter),mm,The amount of precipitation thatâ€™s fallen as snow over the winter season. Snow water equivalent refers to the depth of water that would result from melting the snow.,263,204,162,176,95
"Pictou, Subd. A",1212001,Consolidated Census Subdivision,swe_win,Snow Water Equivalent (Winter),mm,The amount of precipitation thatâ€™s fallen as snow over the winter season. Snow water equivalent refers to the depth of water that would result from melting the snow.,282,236,215,219,160
"Pictou, Subd. B",1212006,Consolidated Census Subdivision,swe_win,Snow Water Equivalent (Winter),mm,The amount of precipitation thatâ€™s fallen as snow over the winter season. Snow water equivalent refers to the depth of water that would result from melting the snow.,290,242,219,227,166
"Pictou, Subd. C",1212011,Consolidated Census Subdivision,swe_win,Snow Water Equivalent (Winter),mm,The amount of precipitation thatâ€™s fallen as snow over the winter season. Snow water equivalent refers to the depth of water that would result from melting the snow.,292,242,218,227,162
St. Mary's,1213001,Consolidated Census Subdivision,swe_win,Snow Water Equivalent (Winter),mm,The amount of precipitation thatâ€™s fallen as snow over the winter season. Snow water equivalent refers to the depth of water that would result from melting the snow.,279,216,187,207,137
Sydney and Surrounds,1217030B,Consolidated Census Subdivision,swe_win,Snow Water Equivalent (Winter),mm,The amount of precipitation thatâ€™s fallen as snow over the winter season. Snow water equivalent refers to the depth of water that would result from melting the snow.,339,259,233,226,142
West Hants,1208003,Consolidated Census Subdivision,swe_win,Snow Water Equivalent (Winter),mm,The amount of precipitation thatâ€™s fallen as snow over the winter season. Snow water equivalent refers to the depth of water that would result from melting the snow.,281,232,200,196,135
Yarmouth,1202004,Consolidated Census Subdivision,swe_win,Snow Water Equivalent (Winter),mm,The amount of precipitation thatâ€™s fallen as snow over the winter season. Snow water equivalent refers to the depth of water that would result from melting the snow.,207,130,106,105,41
Nova Scotia,12,Province,swe_win_ext,Snow Water Equivalent (Winter-extended),mm,The amount of precipitation thatâ€™s fallen as snow over the winter season (extended). Snow water equivalent refers to the depth of water that would result from melting the snow.,291,221,197,200,128
Annapolis,1205,Census Division,swe_win_ext,Snow Water Equivalent (Winter-extended),mm,The amount of precipitation thatâ€™s fallen as snow over the winter season (extended). Snow water equivalent refers to the depth of water that would result from melting the snow.,281,225,193,193,117
Antigonish,1214,Census Division,swe_win_ext,Snow Water Equivalent (Winter-extended),mm,The amount of precipitation thatâ€™s fallen as snow over the winter season (extended). Snow water equivalent refers to the depth of water that would result from melting the snow.,302,233,211,223,149
Cape Breton,1217,Census Division,swe_win_ext,Snow Water Equivalent (Winter-extended),mm,The amount of precipitation thatâ€™s fallen as snow over the winter season (extended). Snow water equivalent refers to the depth of water that would result from melting the snow.,337,256,231,220,140
Colchester,1210,Census Division,swe_win_ext,Snow Water Equivalent (Winter-extended),mm,The amount of precipitation thatâ€™s fallen as snow over the winter season (extended). Snow water equivalent refers to the depth of water that would result from melting the snow.,297,248,225,224,162
Cumberland,1211,Census Division,swe_win_ext,Snow Water Equivalent (Winter-extended),mm,The amount of precipitation thatâ€™s fallen as snow over the winter season (extended). Snow water equivalent refers to the depth of water that would result from melting the snow.,293,248,226,219,162
Digby,1203,Census Division,swe_win_ext,Snow Water Equivalent (Winter-extended),mm,The amount of precipitation thatâ€™s fallen as snow over the winter season (extended). Snow water equivalent refers to the depth of water that would result from melting the snow.,238,167,138,151,65
Guysborough,1213,Census Division,swe_win_ext,Snow Water Equivalent (Winter-extended),mm,The amount of precipitation thatâ€™s fallen as snow over the winter season (extended). Snow water equivalent refers to the depth of water that would result from melting the snow.,286,211,183,197,126
Halifax,1209,Census Division,swe_win_ext,Snow Water Equivalent (Winter-extended),mm,The amount of precipitation thatâ€™s fallen as snow over the winter season (extended). Snow water equivalent refers to the depth of water that would result from melting the snow.,280,207,176,187,125
Hants,1208,Census Division,swe_win_ext,Snow Water Equivalent (Winter-extended),mm,The amount of precipitation thatâ€™s fallen as snow over the winter season (extended). Snow water equivalent refers to the depth of water that would result from melting the snow.,294,237,196,203,135
Inverness,1215,Census Division,swe_win_ext,Snow Water Equivalent (Winter-extended),mm,The amount of precipitation thatâ€™s fallen as snow over the winter season (extended). Snow water equivalent refers to the depth of water that would result from melting the snow.,363,292,265,262,179
Kings,1207,Census Division,swe_win_ext,Snow Water Equivalent (Winter-extended),mm,The amount of precipitation thatâ€™s fallen as snow over the winter season (extended). Snow water equivalent refers to the depth of water that would result from melting the snow.,295,244,207,208,144
Lunenburg,1206,Census Division,swe_win_ext,Snow Water Equivalent (Winter-extended),mm,The amount of precipitation thatâ€™s fallen as snow over the winter season (extended). Snow water equivalent refers to the depth of water that would result from melting the snow.,279,216,176,184,107
Pictou,1212,Census Division,swe_win_ext,Snow Water Equivalent (Winter-extended),mm,The amount of precipitation thatâ€™s fallen as snow over the winter season (extended). Snow water equivalent refers to the depth of water that would result from melting the snow.,304,245,222,227,164
Queens,1204,Census Division / Consolidated Census Subdivision,swe_win_ext,Snow Water Equivalent (Winter-extended),mm,The amount of precipitation thatâ€™s fallen as snow over the winter season (extended). Snow water equivalent refers to the depth of water that would result from melting the snow.,254,183,146,155,76
Richmond,1216,Census Division / Consolidated Census Subdivision,swe_win_ext,Snow Water Equivalent (Winter-extended),mm,The amount of precipitation thatâ€™s fallen as snow over the winter season (extended). Snow water equivalent refers to the depth of water that would result from melting the snow.,299,214,188,184,114
Shelburne,1201,Census Division / Consolidated Census Subdivision,swe_win_ext,Snow Water Equivalent (Winter-extended),mm,The amount of precipitation thatâ€™s fallen as snow over the winter season (extended). Snow water equivalent refers to the depth of water that would result from melting the snow.,213,138,107,113,55
Victoria,1218,Census Division / Consolidated Census Subdivision,swe_win_ext,Snow Water Equivalent (Winter-extended),mm,The amount of precipitation thatâ€™s fallen as snow over the winter season (extended). Snow water equivalent refers to the depth of water that would result from melting the snow.,400,324,298,289,198
Yarmouth,1202,Census Division,swe_win_ext,Snow Water Equivalent (Winter-extended),mm,The amount of precipitation thatâ€™s fallen as snow over the winter season (extended). Snow water equivalent refers to the depth of water that would result from melting the snow.,216,139,111,112,41
"Annapolis, Subd. A",1205004,Consolidated Census Subdivision,swe_win_ext,Snow Water Equivalent (Winter-extended),mm,The amount of precipitation thatâ€™s fallen as snow over the winter season (extended). Snow water equivalent refers to the depth of water that would result from melting the snow.,267,212,178,183,109
"Annapolis, Subd. B",1205009,Consolidated Census Subdivision,swe_win_ext,Snow Water Equivalent (Winter-extended),mm,The amount of precipitation thatâ€™s fallen as snow over the winter season (extended). Snow water equivalent refers to the depth of water that would result from melting the snow.,279,232,196,197,135
"Annapolis, Subd. C",1205014,Consolidated Census Subdivision,swe_win_ext,Snow Water Equivalent (Winter-extended),mm,The amount of precipitation thatâ€™s fallen as snow over the winter season (extended). Snow water equivalent refers to the depth of water that would result from melting the snow.,280,235,195,198,137
"Annapolis, Subd. D",1205001,Consolidated Census Subdivision,swe_win_ext,Snow Water Equivalent (Winter-extended),mm,The amount of precipitation thatâ€™s fallen as snow over the winter season (extended). Snow water equivalent refers to the depth of water that would result from melting the snow.,285,228,194,194,121
"Antigonish, Subd. A",1214001,Consolidated Census Subdivision,swe_win_ext,Snow Water Equivalent (Winter-extended),mm,The amount of precipitation thatâ€™s fallen as snow over the winter season (extended). Snow water equivalent refers to the depth of water that would result from melting the snow.,307,239,214,228,152
"Antigonish, Subd. B",1214006,Consolidated Census Subdivision,swe_win_ext,Snow Water Equivalent (Winter-extended),mm,The amount of precipitation thatâ€™s fallen as snow over the winter season (extended). Snow water equivalent refers to the depth of water that would result from melting the snow.,299,225,202,213,144
Argyle,1202001,Consolidated Census Subdivision,swe_win_ext,Snow Water Equivalent (Winter-extended),mm,The amount of precipitation thatâ€™s fallen as snow over the winter season (extended). Snow water equivalent refers to the depth of water that would result from melting the snow.,219,141,114,114,42
Cape Breton - Outlying Areas,1217030A,Consolidated Census Subdivision,swe_win_ext,Snow Water Equivalent (Winter-extended),mm,The amount of precipitation thatâ€™s fallen as snow over the winter season (extended). Snow water equivalent refers to the depth of water that would result from melting the snow.,336,257,227,219,140
Chester,1206009,Consolidated Census Subdivision,swe_win_ext,Snow Water Equivalent (Winter-extended),mm,The amount of precipitation thatâ€™s fallen as snow over the winter season (extended). Snow water equivalent refers to the depth of water that would result from melting the snow.,292,231,191,192,124
Clare,1203001,Consolidated Census Subdivision,swe_win_ext,Snow Water Equivalent (Winter-extended),mm,The amount of precipitation thatâ€™s fallen as snow over the winter season (extended). Snow water equivalent refers to the depth of water that would result from melting the snow.,217,143,116,121,46
"Colchester, Subd. A",1210012,Consolidated Census Subdivision,swe_win_ext,Snow Water Equivalent (Winter-extended),mm,The amount of precipitation thatâ€™s fallen as snow over the winter season (extended). Snow water equivalent refers to the depth of water that would result from melting the snow.,304,252,229,228,168
"Colchester, Subd. B",1210008,Consolidated Census Subdivision,swe_win_ext,Snow Water Equivalent (Winter-extended),mm,The amount of precipitation thatâ€™s fallen as snow over the winter season (extended). Snow water equivalent refers to the depth of water that would result from melting the snow.,301,248,228,225,169
"Colchester, Subd. C",1210001,Consolidated Census Subdivision,swe_win_ext,Snow Water Equivalent (Winter-extended),mm,The amount of precipitation thatâ€™s fallen as snow over the winter season (extended). Snow water equivalent refers to the depth of water that would result from melting the snow.,294,239,212,213,149
"Cumberland, Subd. A",1211001,Consolidated Census Subdivision,swe_win_ext,Snow Water Equivalent (Winter-extended),mm,The amount of precipitation thatâ€™s fallen as snow over the winter season (extended). Snow water equivalent refers to the depth of water that would result from melting the snow.,291,247,220,212,165
"Cumberland, Subd. B",1211006,Consolidated Census Subdivision,swe_win_ext,Snow Water Equivalent (Winter-extended),mm,The amount of precipitation thatâ€™s fallen as snow over the winter season (extended). Snow water equivalent refers to the depth of water that would result from melting the snow.,298,255,227,221,168
"Cumberland, Subd. C",1211009,Consolidated Census Subdivision,swe_win_ext,Snow Water Equivalent (Winter-extended),mm,The amount of precipitation thatâ€™s fallen as snow over the winter season (extended). Snow water equivalent refers to the depth of water that would result from melting the snow.,291,247,228,217,166
"Cumberland, Subd. D",1211014,Consolidated Census Subdivision,swe_win_ext,Snow Water Equivalent (Winter-extended),mm,The amount of precipitation thatâ€™s fallen as snow over the winter season (extended). Snow water equivalent refers to the depth of water that would result from melting the snow.,294,244,225,224,168
Digby,1203004,Consolidated Census Subdivision,swe_win_ext,Snow Water Equivalent (Winter-extended),mm,The amount of precipitation thatâ€™s fallen as snow over the winter season (extended). Snow water equivalent refers to the depth of water that would result from melting the snow.,248,177,148,160,79
East Hants,1208008,Consolidated Census Subdivision,swe_win_ext,Snow Water Equivalent (Winter-extended),mm,The amount of precipitation thatâ€™s fallen as snow over the winter season (extended). Snow water equivalent refers to the depth of water that would result from melting the snow.,290,233,199,202,141
Guysborough,1213004,Consolidated Census Subdivision,swe_win_ext,Snow Water Equivalent (Winter-extended),mm,The amount of precipitation thatâ€™s fallen as snow over the winter season (extended). Snow water equivalent refers to the depth of water that would result from melting the snow.,284,205,181,188,121
Halifax - Central,1209034B,Consolidated Census Subdivision,swe_win_ext,Snow Water Equivalent (Winter-extended),mm,The amount of precipitation thatâ€™s fallen as snow over the winter season (extended). Snow water equivalent refers to the depth of water that would result from melting the snow.,270,199,164,171,102
Halifax - East,1209034A,Consolidated Census Subdivision,swe_win_ext,Snow Water Equivalent (Winter-extended),mm,The amount of precipitation thatâ€™s fallen as snow over the winter season (extended). Snow water equivalent refers to the depth of water that would result from melting the snow.,281,211,182,192,131
Halifax - West,1209034C,Consolidated Census Subdivision,swe_win_ext,Snow Water Equivalent (Winter-extended),mm,The amount of precipitation thatâ€™s fallen as snow over the winter season (extended). Snow water equivalent refers to the depth of water that would result from melting the snow.,273,205,165,172,109
"Inverness, Subd. A",1215011,Consolidated Census Subdivision,swe_win_ext,Snow Water Equivalent (Winter-extended),mm,The amount of precipitation thatâ€™s fallen as snow over the winter season (extended). Snow water equivalent refers to the depth of water that would result from melting the snow.,400,329,308,298,205
"Inverness, Subd. B",1215006,Consolidated Census Subdivision,swe_win_ext,Snow Water Equivalent (Winter-extended),mm,The amount of precipitation thatâ€™s fallen as snow over the winter season (extended). Snow water equivalent refers to the depth of water that would result from melting the snow.,329,260,241,242,165
"Inverness, Subd. C",1215001,Consolidated Census Subdivision,swe_win_ext,Snow Water Equivalent (Winter-extended),mm,The amount of precipitation thatâ€™s fallen as snow over the winter season (extended). Snow water equivalent refers to the depth of water that would result from melting the snow.,319,245,221,222,146
"Kings, Subd. A",1207001,Consolidated Census Subdivision,swe_win_ext,Snow Water Equivalent (Winter-extended),mm,The amount of precipitation thatâ€™s fallen as snow over the winter season (extended). Snow water equivalent refers to the depth of water that would result from melting the snow.,295,249,206,210,144
"Kings, Subd. B",1207016,Consolidated Census Subdivision,swe_win_ext,Snow Water Equivalent (Winter-extended),mm,The amount of precipitation thatâ€™s fallen as snow over the winter season (extended). Snow water equivalent refers to the depth of water that would result from melting the snow.,286,237,207,195,143
"Kings, Subd. C",1207011,Consolidated Census Subdivision,swe_win_ext,Snow Water Equivalent (Winter-extended),mm,The amount of precipitation thatâ€™s fallen as snow over the winter season (extended). Snow water equivalent refers to the depth of water that would result from melting the snow.,304,252,217,214,149
"Kings, Subd. D",1207021,Consolidated Census Subdivision,swe_win_ext,Snow Water Equivalent (Winter-extended),mm,The amount of precipitation thatâ€™s fallen as snow over the winter season (extended). Snow water equivalent refers to the depth of water that would result from melting the snow.,296,243,209,204,147
Lunenburg,1206001,Consolidated Census Subdivision,swe_win_ext,Snow Water Equivalent (Winter-extended),mm,The amount of precipitation thatâ€™s fallen as snow over the winter season (extended). Snow water equivalent refers to the depth of water that would result from melting the snow.,274,206,165,177,95
"Pictou, Subd. A",1212001,Consolidated Census Subdivision,swe_win_ext,Snow Water Equivalent (Winter-extended),mm,The amount of precipitation thatâ€™s fallen as snow over the winter season (extended). Snow water equivalent refers to the depth of water that would result from melting the snow.,297,242,219,221,162
"Pictou, Subd. B",1212006,Consolidated Census Subdivision,swe_win_ext,Snow Water Equivalent (Winter-extended),mm,The amount of precipitation thatâ€™s fallen as snow over the winter season (extended). Snow water equivalent refers to the depth of water that would result from melting the snow.,306,248,224,229,166
"Pictou, Subd. C",1212011,Consolidated Census Subdivision,swe_win_ext,Snow Water Equivalent (Winter-extended),mm,The amount of precipitation thatâ€™s fallen as snow over the winter season (extended). Snow water equivalent refers to the depth of water that would result from melting the snow.,309,247,223,230,163
St. Mary's,1213001,Consolidated Census Subdivision,swe_win_ext,Snow Water Equivalent (Winter-extended),mm,The amount of precipitation thatâ€™s fallen as snow over the winter season (extended). Snow water equivalent refers to the depth of water that would result from melting the snow.,291,217,190,209,137
Sydney and Surrounds,1217030B,Consolidated Census Subdivision,swe_win_ext,Snow Water Equivalent (Winter-extended),mm,The amount of precipitation thatâ€™s fallen as snow over the winter season (extended). Snow water equivalent refers to the depth of water that would result from melting the snow.,348,263,236,227,143
West Hants,1208003,Consolidated Census Subdivision,swe_win_ext,Snow Water Equivalent (Winter-extended),mm,The amount of precipitation thatâ€™s fallen as snow over the winter season (extended). Snow water equivalent refers to the depth of water that would result from melting the snow.,295,238,201,197,135
Yarmouth,1202004,Consolidated Census Subdivision,swe_win_ext,Snow Water Equivalent (Winter-extended),mm,The amount of precipitation thatâ€™s fallen as snow over the winter season (extended). Snow water equivalent refers to the depth of water that would result from melting the snow.,210,131,107,105,41
Nova Scotia,12,Province,tgmean_ann,Average of Mean Daily Temperature (Annual),Â°C,The average of daily mean temperature over the year.,6.7,9,9.7,9.6,11.8
Annapolis,1205,Census Division,tgmean_ann,Average of Mean Daily Temperature (Annual),Â°C,The average of daily mean temperature over the year.,7,9.5,10.1,10.2,12.1
Antigonish,1214,Census Division,tgmean_ann,Average of Mean Daily Temperature (Annual),Â°C,The average of daily mean temperature over the year.,6.4,8.7,9.3,9.2,11.4
Cape Breton,1217,Census Division,tgmean_ann,Average of Mean Daily Temperature (Annual),Â°C,The average of daily mean temperature over the year.,6.5,8.7,9.3,9.2,11.2
Colchester,1210,Census Division,tgmean_ann,Average of Mean Daily Temperature (Annual),Â°C,The average of daily mean temperature over the year.,6.4,8.8,9.4,9.4,11.5
Cumberland,1211,Census Division,tgmean_ann,Average of Mean Daily Temperature (Annual),Â°C,The average of daily mean temperature over the year.,6.4,8.8,9.5,9.6,11.6
Digby,1203,Census Division,tgmean_ann,Average of Mean Daily Temperature (Annual),Â°C,The average of daily mean temperature over the year.,7.2,9.4,10.2,10.4,12.3
Guysborough,1213,Census Division,tgmean_ann,Average of Mean Daily Temperature (Annual),Â°C,The average of daily mean temperature over the year.,6.4,8.8,9.3,9.3,11.4
Halifax,1209,Census Division,tgmean_ann,Average of Mean Daily Temperature (Annual),Â°C,The average of daily mean temperature over the year.,6.9,9.3,9.8,9.8,11.9
Hants,1208,Census Division,tgmean_ann,Average of Mean Daily Temperature (Annual),Â°C,The average of daily mean temperature over the year.,6.9,9.4,10,10.1,12.1
Inverness,1215,Census Division,tgmean_ann,Average of Mean Daily Temperature (Annual),Â°C,The average of daily mean temperature over the year.,5.9,8.1,8.8,8.6,10.8
Kings,1207,Census Division,tgmean_ann,Average of Mean Daily Temperature (Annual),Â°C,The average of daily mean temperature over the year.,6.9,9.3,9.9,10.1,12
Lunenburg,1206,Census Division,tgmean_ann,Average of Mean Daily Temperature (Annual),Â°C,The average of daily mean temperature over the year.,7.3,9.6,10.2,10.3,12.4
Pictou,1212,Census Division,tgmean_ann,Average of Mean Daily Temperature (Annual),Â°C,The average of daily mean temperature over the year.,6.3,8.7,9.3,9.2,11.4
Queens,1204,Census Division / Consolidated Census Subdivision,tgmean_ann,Average of Mean Daily Temperature (Annual),Â°C,The average of daily mean temperature over the year.,7.4,9.6,10.2,10.3,12.5
Richmond,1216,Census Division / Consolidated Census Subdivision,tgmean_ann,Average of Mean Daily Temperature (Annual),Â°C,The average of daily mean temperature over the year.,6.6,8.8,9.4,9.3,11.4
Shelburne,1201,Census Division / Consolidated Census Subdivision,tgmean_ann,Average of Mean Daily Temperature (Annual),Â°C,The average of daily mean temperature over the year.,7.4,9.6,10.1,10.1,12.3
Victoria,1218,Census Division / Consolidated Census Subdivision,tgmean_ann,Average of Mean Daily Temperature (Annual),Â°C,The average of daily mean temperature over the year.,5.6,7.8,8.6,8.3,10.4
Yarmouth,1202,Census Division,tgmean_ann,Average of Mean Daily Temperature (Annual),Â°C,The average of daily mean temperature over the year.,7.4,9.6,10.2,10.3,12.4
"Annapolis, Subd. A",1205004,Consolidated Census Subdivision,tgmean_ann,Average of Mean Daily Temperature (Annual),Â°C,The average of daily mean temperature over the year.,7.1,9.6,10.2,10.4,12.2
"Annapolis, Subd. B",1205009,Consolidated Census Subdivision,tgmean_ann,Average of Mean Daily Temperature (Annual),Â°C,The average of daily mean temperature over the year.,7,9.5,10.1,10.3,12.1
"Annapolis, Subd. C",1205014,Consolidated Census Subdivision,tgmean_ann,Average of Mean Daily Temperature (Annual),Â°C,The average of daily mean temperature over the year.,7.1,9.6,10.2,10.4,12.2
"Annapolis, Subd. D",1205001,Consolidated Census Subdivision,tgmean_ann,Average of Mean Daily Temperature (Annual),Â°C,The average of daily mean temperature over the year.,7,9.4,10,10.1,12.1
"Antigonish, Subd. A",1214001,Consolidated Census Subdivision,tgmean_ann,Average of Mean Daily Temperature (Annual),Â°C,The average of daily mean temperature over the year.,6.3,8.7,9.3,9.2,11.4
"Antigonish, Subd. B",1214006,Consolidated Census Subdivision,tgmean_ann,Average of Mean Daily Temperature (Annual),Â°C,The average of daily mean temperature over the year.,6.5,8.8,9.4,9.3,11.5
Argyle,1202001,Consolidated Census Subdivision,tgmean_ann,Average of Mean Daily Temperature (Annual),Â°C,The average of daily mean temperature over the year.,7.4,9.6,10.2,10.2,12.3
Cape Breton - Outlying Areas,1217030A,Consolidated Census Subdivision,tgmean_ann,Average of Mean Daily Temperature (Annual),Â°C,The average of daily mean temperature over the year.,6.5,8.7,9.3,9.2,11.2
Chester,1206009,Consolidated Census Subdivision,tgmean_ann,Average of Mean Daily Temperature (Annual),Â°C,The average of daily mean temperature over the year.,7.1,9.5,10.1,10.2,12.2
Clare,1203001,Consolidated Census Subdivision,tgmean_ann,Average of Mean Daily Temperature (Annual),Â°C,The average of daily mean temperature over the year.,7.4,9.6,10.3,10.5,12.5
"Colchester, Subd. A",1210012,Consolidated Census Subdivision,tgmean_ann,Average of Mean Daily Temperature (Annual),Â°C,The average of daily mean temperature over the year.,6.2,8.7,9.3,9.4,11.4
"Colchester, Subd. B",1210008,Consolidated Census Subdivision,tgmean_ann,Average of Mean Daily Temperature (Annual),Â°C,The average of daily mean temperature over the year.,6.3,8.7,9.4,9.3,11.4
"Colchester, Subd. C",1210001,Consolidated Census Subdivision,tgmean_ann,Average of Mean Daily Temperature (Annual),Â°C,The average of daily mean temperature over the year.,6.6,9,9.6,9.6,11.7
"Cumberland, Subd. A",1211001,Consolidated Census Subdivision,tgmean_ann,Average of Mean Daily Temperature (Annual),Â°C,The average of daily mean temperature over the year.,6.4,8.9,9.5,9.7,11.6
"Cumberland, Subd. B",1211006,Consolidated Census Subdivision,tgmean_ann,Average of Mean Daily Temperature (Annual),Â°C,The average of daily mean temperature over the year.,6.3,8.7,9.4,9.5,11.5
"Cumberland, Subd. C",1211009,Consolidated Census Subdivision,tgmean_ann,Average of Mean Daily Temperature (Annual),Â°C,The average of daily mean temperature over the year.,6.4,8.9,9.5,9.6,11.6
"Cumberland, Subd. D",1211014,Consolidated Census Subdivision,tgmean_ann,Average of Mean Daily Temperature (Annual),Â°C,The average of daily mean temperature over the year.,6.4,8.8,9.5,9.5,11.5
Digby,1203004,Consolidated Census Subdivision,tgmean_ann,Average of Mean Daily Temperature (Annual),Â°C,The average of daily mean temperature over the year.,7.1,9.4,10.2,10.3,12.3
East Hants,1208008,Consolidated Census Subdivision,tgmean_ann,Average of Mean Daily Temperature (Annual),Â°C,The average of daily mean temperature over the year.,6.9,9.3,9.9,10,12
Guysborough,1213004,Consolidated Census Subdivision,tgmean_ann,Average of Mean Daily Temperature (Annual),Â°C,The average of daily mean temperature over the year.,6.4,8.7,9.3,9.2,11.3
Halifax - Central,1209034B,Consolidated Census Subdivision,tgmean_ann,Average of Mean Daily Temperature (Annual),Â°C,The average of daily mean temperature over the year.,7.2,9.6,10.2,10.2,12.3
Halifax - East,1209034A,Consolidated Census Subdivision,tgmean_ann,Average of Mean Daily Temperature (Annual),Â°C,The average of daily mean temperature over the year.,6.7,9.1,9.7,9.7,11.8
Halifax - West,1209034C,Consolidated Census Subdivision,tgmean_ann,Average of Mean Daily Temperature (Annual),Â°C,The average of daily mean temperature over the year.,7.2,9.7,10.2,10.2,12.3
"Inverness, Subd. A",1215011,Consolidated Census Subdivision,tgmean_ann,Average of Mean Daily Temperature (Annual),Â°C,The average of daily mean temperature over the year.,5.4,7.7,8.4,8.2,10.4
"Inverness, Subd. B",1215006,Consolidated Census Subdivision,tgmean_ann,Average of Mean Daily Temperature (Annual),Â°C,The average of daily mean temperature over the year.,6.3,8.5,9.2,9.1,11.3
"Inverness, Subd. C",1215001,Consolidated Census Subdivision,tgmean_ann,Average of Mean Daily Temperature (Annual),Â°C,The average of daily mean temperature over the year.,6.4,8.6,9.2,9.1,11.3
"Kings, Subd. A",1207001,Consolidated Census Subdivision,tgmean_ann,Average of Mean Daily Temperature (Annual),Â°C,The average of daily mean temperature over the year.,6.9,9.3,9.9,10.1,12
"Kings, Subd. B",1207016,Consolidated Census Subdivision,tgmean_ann,Average of Mean Daily Temperature (Annual),Â°C,The average of daily mean temperature over the year.,6.9,9.4,10,10.2,12.1
"Kings, Subd. C",1207011,Consolidated Census Subdivision,tgmean_ann,Average of Mean Daily Temperature (Annual),Â°C,The average of daily mean temperature over the year.,6.7,9.2,9.8,9.9,11.9
"Kings, Subd. D",1207021,Consolidated Census Subdivision,tgmean_ann,Average of Mean Daily Temperature (Annual),Â°C,The average of daily mean temperature over the year.,6.9,9.3,10,10.1,12
Lunenburg,1206001,Consolidated Census Subdivision,tgmean_ann,Average of Mean Daily Temperature (Annual),Â°C,The average of daily mean temperature over the year.,7.4,9.6,10.3,10.3,12.5
"Pictou, Subd. A",1212001,Consolidated Census Subdivision,tgmean_ann,Average of Mean Daily Temperature (Annual),Â°C,The average of daily mean temperature over the year.,6.4,8.8,9.4,9.4,11.5
"Pictou, Subd. B",1212006,Consolidated Census Subdivision,tgmean_ann,Average of Mean Daily Temperature (Annual),Â°C,The average of daily mean temperature over the year.,6.3,8.7,9.3,9.2,11.4
"Pictou, Subd. C",1212011,Consolidated Census Subdivision,tgmean_ann,Average of Mean Daily Temperature (Annual),Â°C,The average of daily mean temperature over the year.,6.2,8.6,9.2,9.1,11.3
St. Mary's,1213001,Consolidated Census Subdivision,tgmean_ann,Average of Mean Daily Temperature (Annual),Â°C,The average of daily mean temperature over the year.,6.4,8.8,9.4,9.3,11.5
Sydney and Surrounds,1217030B,Consolidated Census Subdivision,tgmean_ann,Average of Mean Daily Temperature (Annual),Â°C,The average of daily mean temperature over the year.,6.6,8.8,9.4,9.3,11.3
West Hants,1208003,Consolidated Census Subdivision,tgmean_ann,Average of Mean Daily Temperature (Annual),Â°C,The average of daily mean temperature over the year.,7,9.5,10.1,10.2,12.2
Yarmouth,1202004,Consolidated Census Subdivision,tgmean_ann,Average of Mean Daily Temperature (Annual),Â°C,The average of daily mean temperature over the year.,7.5,9.7,10.3,10.4,12.5
Nova Scotia,12,Province,tgmean_sum,Average of Mean Daily Temperature (Summer),Â°C,The average of daily mean temperature over the summer.,16.8,18.9,19.5,19.7,21.7
Annapolis,1205,Census Division,tgmean_sum,Average of Mean Daily Temperature (Summer),Â°C,The average of daily mean temperature over the summer.,17.3,19.4,20,20.2,22.2
Antigonish,1214,Census Division,tgmean_sum,Average of Mean Daily Temperature (Summer),Â°C,The average of daily mean temperature over the summer.,16.9,19.1,19.6,19.8,21.8
Cape Breton,1217,Census Division,tgmean_sum,Average of Mean Daily Temperature (Summer),Â°C,The average of daily mean temperature over the summer.,16.3,18.5,19,19.1,21.2
Colchester,1210,Census Division,tgmean_sum,Average of Mean Daily Temperature (Summer),Â°C,The average of daily mean temperature over the summer.,17.3,19.5,20,20.2,22.2
Cumberland,1211,Census Division,tgmean_sum,Average of Mean Daily Temperature (Summer),Â°C,The average of daily mean temperature over the summer.,17.5,19.6,20.2,20.4,22.4
Digby,1203,Census Division,tgmean_sum,Average of Mean Daily Temperature (Summer),Â°C,The average of daily mean temperature over the summer.,16.5,18.6,19.2,19.3,21.3
Guysborough,1213,Census Division,tgmean_sum,Average of Mean Daily Temperature (Summer),Â°C,The average of daily mean temperature over the summer.,16.3,18.5,19,19.2,21.2
Halifax,1209,Census Division,tgmean_sum,Average of Mean Daily Temperature (Summer),Â°C,The average of daily mean temperature over the summer.,16.9,19,19.6,19.8,21.8
Hants,1208,Census Division,tgmean_sum,Average of Mean Daily Temperature (Summer),Â°C,The average of daily mean temperature over the summer.,17.6,19.7,20.3,20.5,22.5
Inverness,1215,Census Division,tgmean_sum,Average of Mean Daily Temperature (Summer),Â°C,The average of daily mean temperature over the summer.,16.3,18.5,18.9,19.1,21.2
Kings,1207,Census Division,tgmean_sum,Average of Mean Daily Temperature (Summer),Â°C,The average of daily mean temperature over the summer.,17.6,19.7,20.3,20.5,22.5
Lunenburg,1206,Census Division,tgmean_sum,Average of Mean Daily Temperature (Summer),Â°C,The average of daily mean temperature over the summer.,17.5,19.6,20.2,20.4,22.4
Pictou,1212,Census Division,tgmean_sum,Average of Mean Daily Temperature (Summer),Â°C,The average of daily mean temperature over the summer.,17.2,19.3,19.8,20,22.1
Queens,1204,Census Division / Consolidated Census Subdivision,tgmean_sum,Average of Mean Daily Temperature (Summer),Â°C,The average of daily mean temperature over the summer.,17.1,19.1,19.8,19.9,21.9
Richmond,1216,Census Division / Consolidated Census Subdivision,tgmean_sum,Average of Mean Daily Temperature (Summer),Â°C,The average of daily mean temperature over the summer.,16.3,18.4,18.9,19.1,21.1
Shelburne,1201,Census Division / Consolidated Census Subdivision,tgmean_sum,Average of Mean Daily Temperature (Summer),Â°C,The average of daily mean temperature over the summer.,16.1,18.1,18.7,18.7,20.8
Victoria,1218,Census Division / Consolidated Census Subdivision,tgmean_sum,Average of Mean Daily Temperature (Summer),Â°C,The average of daily mean temperature over the summer.,15.9,18.1,18.5,18.8,20.9
Yarmouth,1202,Census Division,tgmean_sum,Average of Mean Daily Temperature (Summer),Â°C,The average of daily mean temperature over the summer.,16.1,18.1,18.8,18.8,20.8
"Annapolis, Subd. A",1205004,Consolidated Census Subdivision,tgmean_sum,Average of Mean Daily Temperature (Summer),Â°C,The average of daily mean temperature over the summer.,17.2,19.3,19.9,20.1,22.1
"Annapolis, Subd. B",1205009,Consolidated Census Subdivision,tgmean_sum,Average of Mean Daily Temperature (Summer),Â°C,The average of daily mean temperature over the summer.,17.5,19.5,20.2,20.3,22.3
"Annapolis, Subd. C",1205014,Consolidated Census Subdivision,tgmean_sum,Average of Mean Daily Temperature (Summer),Â°C,The average of daily mean temperature over the summer.,17.7,19.8,20.4,20.6,22.6
"Annapolis, Subd. D",1205001,Consolidated Census Subdivision,tgmean_sum,Average of Mean Daily Temperature (Summer),Â°C,The average of daily mean temperature over the summer.,17.3,19.3,20,20.1,22.1
"Antigonish, Subd. A",1214001,Consolidated Census Subdivision,tgmean_sum,Average of Mean Daily Temperature (Summer),Â°C,The average of daily mean temperature over the summer.,17,19.1,19.6,19.9,21.9
"Antigonish, Subd. B",1214006,Consolidated Census Subdivision,tgmean_sum,Average of Mean Daily Temperature (Summer),Â°C,The average of daily mean temperature over the summer.,16.8,19,19.5,19.7,21.7
Argyle,1202001,Consolidated Census Subdivision,tgmean_sum,Average of Mean Daily Temperature (Summer),Â°C,The average of daily mean temperature over the summer.,16.1,18.1,18.8,18.8,20.8
Cape Breton - Outlying Areas,1217030A,Consolidated Census Subdivision,tgmean_sum,Average of Mean Daily Temperature (Summer),Â°C,The average of daily mean temperature over the summer.,16.3,18.5,18.9,19.1,21.2
Chester,1206009,Consolidated Census Subdivision,tgmean_sum,Average of Mean Daily Temperature (Summer),Â°C,The average of daily mean temperature over the summer.,17.5,19.6,20.2,20.4,22.4
Clare,1203001,Consolidated Census Subdivision,tgmean_sum,Average of Mean Daily Temperature (Summer),Â°C,The average of daily mean temperature over the summer.,16.3,18.3,19,19.1,21.1
"Colchester, Subd. A",1210012,Consolidated Census Subdivision,tgmean_sum,Average of Mean Daily Temperature (Summer),Â°C,The average of daily mean temperature over the summer.,17.3,19.4,20,20.2,22.2
"Colchester, Subd. B",1210008,Consolidated Census Subdivision,tgmean_sum,Average of Mean Daily Temperature (Summer),Â°C,The average of daily mean temperature over the summer.,17.4,19.5,20.1,20.3,22.3
"Colchester, Subd. C",1210001,Consolidated Census Subdivision,tgmean_sum,Average of Mean Daily Temperature (Summer),Â°C,The average of daily mean temperature over the summer.,17.3,19.5,20,20.2,22.2
"Cumberland, Subd. A",1211001,Consolidated Census Subdivision,tgmean_sum,Average of Mean Daily Temperature (Summer),Â°C,The average of daily mean temperature over the summer.,17.4,19.5,20.1,20.3,22.3
"Cumberland, Subd. B",1211006,Consolidated Census Subdivision,tgmean_sum,Average of Mean Daily Temperature (Summer),Â°C,The average of daily mean temperature over the summer.,17.4,19.5,20.1,20.3,22.3
"Cumberland, Subd. C",1211009,Consolidated Census Subdivision,tgmean_sum,Average of Mean Daily Temperature (Summer),Â°C,The average of daily mean temperature over the summer.,17.7,19.8,20.4,20.6,22.6
"Cumberland, Subd. D",1211014,Consolidated Census Subdivision,tgmean_sum,Average of Mean Daily Temperature (Summer),Â°C,The average of daily mean temperature over the summer.,17.6,19.7,20.3,20.5,22.5
Digby,1203004,Consolidated Census Subdivision,tgmean_sum,Average of Mean Daily Temperature (Summer),Â°C,The average of daily mean temperature over the summer.,16.6,18.7,19.3,19.5,21.5
East Hants,1208008,Consolidated Census Subdivision,tgmean_sum,Average of Mean Daily Temperature (Summer),Â°C,The average of daily mean temperature over the summer.,17.6,19.7,20.3,20.5,22.5
Guysborough,1213004,Consolidated Census Subdivision,tgmean_sum,Average of Mean Daily Temperature (Summer),Â°C,The average of daily mean temperature over the summer.,16.2,18.3,18.8,19,21.1
Halifax - Central,1209034B,Consolidated Census Subdivision,tgmean_sum,Average of Mean Daily Temperature (Summer),Â°C,The average of daily mean temperature over the summer.,17.2,19.4,20,20.1,22.1
Halifax - East,1209034A,Consolidated Census Subdivision,tgmean_sum,Average of Mean Daily Temperature (Summer),Â°C,The average of daily mean temperature over the summer.,16.8,18.9,19.5,19.7,21.7
Halifax - West,1209034C,Consolidated Census Subdivision,tgmean_sum,Average of Mean Daily Temperature (Summer),Â°C,The average of daily mean temperature over the summer.,17.3,19.4,20,20.2,22.2
"Inverness, Subd. A",1215011,Consolidated Census Subdivision,tgmean_sum,Average of Mean Daily Temperature (Summer),Â°C,The average of daily mean temperature over the summer.,15.9,18.1,18.6,18.8,20.9
"Inverness, Subd. B",1215006,Consolidated Census Subdivision,tgmean_sum,Average of Mean Daily Temperature (Summer),Â°C,The average of daily mean temperature over the summer.,16.8,18.9,19.4,19.6,21.7
"Inverness, Subd. C",1215001,Consolidated Census Subdivision,tgmean_sum,Average of Mean Daily Temperature (Summer),Â°C,The average of daily mean temperature over the summer.,16.6,18.8,19.2,19.4,21.5
"Kings, Subd. A",1207001,Consolidated Census Subdivision,tgmean_sum,Average of Mean Daily Temperature (Summer),Â°C,The average of daily mean temperature over the summer.,17.6,19.7,20.3,20.5,22.5
"Kings, Subd. B",1207016,Consolidated Census Subdivision,tgmean_sum,Average of Mean Daily Temperature (Summer),Â°C,The average of daily mean temperature over the summer.,17.7,19.9,20.5,20.6,22.6
"Kings, Subd. C",1207011,Consolidated Census Subdivision,tgmean_sum,Average of Mean Daily Temperature (Summer),Â°C,The average of daily mean temperature over the summer.,17.5,19.6,20.2,20.3,22.4
"Kings, Subd. D",1207021,Consolidated Census Subdivision,tgmean_sum,Average of Mean Daily Temperature (Summer),Â°C,The average of daily mean temperature over the summer.,17.6,19.8,20.4,20.5,22.5
Lunenburg,1206001,Consolidated Census Subdivision,tgmean_sum,Average of Mean Daily Temperature (Summer),Â°C,The average of daily mean temperature over the summer.,17.5,19.6,20.2,20.4,22.4
"Pictou, Subd. A",1212001,Consolidated Census Subdivision,tgmean_sum,Average of Mean Daily Temperature (Summer),Â°C,The average of daily mean temperature over the summer.,17.5,19.6,20.1,20.3,22.3
"Pictou, Subd. B",1212006,Consolidated Census Subdivision,tgmean_sum,Average of Mean Daily Temperature (Summer),Â°C,The average of daily mean temperature over the summer.,17.1,19.3,19.8,20,22
"Pictou, Subd. C",1212011,Consolidated Census Subdivision,tgmean_sum,Average of Mean Daily Temperature (Summer),Â°C,The average of daily mean temperature over the summer.,17,19.2,19.7,19.9,21.9
St. Mary's,1213001,Consolidated Census Subdivision,tgmean_sum,Average of Mean Daily Temperature (Summer),Â°C,The average of daily mean temperature over the summer.,16.5,18.6,19.2,19.4,21.4
Sydney and Surrounds,1217030B,Consolidated Census Subdivision,tgmean_sum,Average of Mean Daily Temperature (Summer),Â°C,The average of daily mean temperature over the summer.,16.5,18.7,19.2,19.4,21.4
West Hants,1208003,Consolidated Census Subdivision,tgmean_sum,Average of Mean Daily Temperature (Summer),Â°C,The average of daily mean temperature over the summer.,17.7,19.8,20.4,20.6,22.6
Yarmouth,1202004,Consolidated Census Subdivision,tgmean_sum,Average of Mean Daily Temperature (Summer),Â°C,The average of daily mean temperature over the summer.,16.1,18.1,18.8,18.8,20.9
Nova Scotia,12,Province,TJan_2,January Design Temperature,Â°C,The value of January minimum temperature below which 2.5% of January minimum temperatures fall.,-17.8,-13.5,-11.7,-12.4,-9
Annapolis,1205,Census Division,TJan_2,January Design Temperature,Â°C,The value of January minimum temperature below which 2.5% of January minimum temperatures fall.,-17.7,-13.1,-11.2,-12.1,-8.3
Antigonish,1214,Census Division,TJan_2,January Design Temperature,Â°C,The value of January minimum temperature below which 2.5% of January minimum temperatures fall.,-19,-14.3,-12.9,-13.1,-10.3
Cape Breton,1217,Census Division,TJan_2,January Design Temperature,Â°C,The value of January minimum temperature below which 2.5% of January minimum temperatures fall.,-15.7,-11.8,-10.5,-10.9,-8.4
Colchester,1210,Census Division,TJan_2,January Design Temperature,Â°C,The value of January minimum temperature below which 2.5% of January minimum temperatures fall.,-20.9,-16.2,-14.5,-14.9,-11.6
Cumberland,1211,Census Division,TJan_2,January Design Temperature,Â°C,The value of January minimum temperature below which 2.5% of January minimum temperatures fall.,-21,-16.2,-14.4,-15.4,-11.4
Digby,1203,Census Division,TJan_2,January Design Temperature,Â°C,The value of January minimum temperature below which 2.5% of January minimum temperatures fall.,-15.6,-11.1,-9.7,-10,-6.5
Guysborough,1213,Census Division,TJan_2,January Design Temperature,Â°C,The value of January minimum temperature below which 2.5% of January minimum temperatures fall.,-18.4,-13.7,-12.3,-12.7,-9.8
Halifax,1209,Census Division,TJan_2,January Design Temperature,Â°C,The value of January minimum temperature below which 2.5% of January minimum temperatures fall.,-18.6,-14,-12.3,-12.7,-9.6
Hants,1208,Census Division,TJan_2,January Design Temperature,Â°C,The value of January minimum temperature below which 2.5% of January minimum temperatures fall.,-19.2,-14.8,-12.8,-13.5,-10
Inverness,1215,Census Division,TJan_2,January Design Temperature,Â°C,The value of January minimum temperature below which 2.5% of January minimum temperatures fall.,-17.3,-12.7,-11.6,-11.6,-9
Kings,1207,Census Division,TJan_2,January Design Temperature,Â°C,The value of January minimum temperature below which 2.5% of January minimum temperatures fall.,-18.9,-14.3,-12.3,-13.3,-9.4
Lunenburg,1206,Census Division,TJan_2,January Design Temperature,Â°C,The value of January minimum temperature below which 2.5% of January minimum temperatures fall.,-17.8,-13.6,-11.6,-12.3,-8.7
Pictou,1212,Census Division,TJan_2,January Design Temperature,Â°C,The value of January minimum temperature below which 2.5% of January minimum temperatures fall.,-20.5,-15.6,-14.2,-14.5,-11.5
Queens,1204,Census Division / Consolidated Census Subdivision,TJan_2,January Design Temperature,Â°C,The value of January minimum temperature below which 2.5% of January minimum temperatures fall.,-16.9,-12.7,-11.2,-11.5,-8
Richmond,1216,Census Division / Consolidated Census Subdivision,TJan_2,January Design Temperature,Â°C,The value of January minimum temperature below which 2.5% of January minimum temperatures fall.,-16.1,-11.9,-10.6,-10.8,-8.3
Shelburne,1201,Census Division / Consolidated Census Subdivision,TJan_2,January Design Temperature,Â°C,The value of January minimum temperature below which 2.5% of January minimum temperatures fall.,-15.1,-11.2,-9.8,-9.8,-6.7
Victoria,1218,Census Division / Consolidated Census Subdivision,TJan_2,January Design Temperature,Â°C,The value of January minimum temperature below which 2.5% of January minimum temperatures fall.,-16.8,-12.6,-11.3,-11.6,-9
Yarmouth,1202,Census Division,TJan_2,January Design Temperature,Â°C,The value of January minimum temperature below which 2.5% of January minimum temperatures fall.,-14.6,-10.5,-9.1,-9.3,-6
"Annapolis, Subd. A",1205004,Consolidated Census Subdivision,TJan_2,January Design Temperature,Â°C,The value of January minimum temperature below which 2.5% of January minimum temperatures fall.,-17.2,-12.5,-10.7,-11.6,-7.8
"Annapolis, Subd. B",1205009,Consolidated Census Subdivision,TJan_2,January Design Temperature,Â°C,The value of January minimum temperature below which 2.5% of January minimum temperatures fall.,-18,-13.3,-11.4,-12.5,-8.6
"Annapolis, Subd. C",1205014,Consolidated Census Subdivision,TJan_2,January Design Temperature,Â°C,The value of January minimum temperature below which 2.5% of January minimum temperatures fall.,-18.3,-13.6,-11.6,-12.7,-8.8
"Annapolis, Subd. D",1205001,Consolidated Census Subdivision,TJan_2,January Design Temperature,Â°C,The value of January minimum temperature below which 2.5% of January minimum temperatures fall.,-17.7,-13.2,-11.3,-12.1,-8.4
"Antigonish, Subd. A",1214001,Consolidated Census Subdivision,TJan_2,January Design Temperature,Â°C,The value of January minimum temperature below which 2.5% of January minimum temperatures fall.,-19.4,-14.6,-13.2,-13.4,-10.6
"Antigonish, Subd. B",1214006,Consolidated Census Subdivision,TJan_2,January Design Temperature,Â°C,The value of January minimum temperature below which 2.5% of January minimum temperatures fall.,-18.5,-13.8,-12.4,-12.7,-9.9
Argyle,1202001,Consolidated Census Subdivision,TJan_2,January Design Temperature,Â°C,The value of January minimum temperature below which 2.5% of January minimum temperatures fall.,-14.7,-10.6,-9.2,-9.4,-6.2
Cape Breton - Outlying Areas,1217030A,Consolidated Census Subdivision,TJan_2,January Design Temperature,Â°C,The value of January minimum temperature below which 2.5% of January minimum temperatures fall.,-15.7,-11.8,-10.5,-10.9,-8.4
Chester,1206009,Consolidated Census Subdivision,TJan_2,January Design Temperature,Â°C,The value of January minimum temperature below which 2.5% of January minimum temperatures fall.,-18.1,-13.8,-11.8,-12.6,-9
Clare,1203001,Consolidated Census Subdivision,TJan_2,January Design Temperature,Â°C,The value of January minimum temperature below which 2.5% of January minimum temperatures fall.,-14.8,-10.5,-9,-9.3,-5.8
"Colchester, Subd. A",1210012,Consolidated Census Subdivision,TJan_2,January Design Temperature,Â°C,The value of January minimum temperature below which 2.5% of January minimum temperatures fall.,-21,-16.4,-14.6,-15.3,-11.6
"Colchester, Subd. B",1210008,Consolidated Census Subdivision,TJan_2,January Design Temperature,Â°C,The value of January minimum temperature below which 2.5% of January minimum temperatures fall.,-21.2,-16.4,-14.8,-15.2,-12
"Colchester, Subd. C",1210001,Consolidated Census Subdivision,TJan_2,January Design Temperature,Â°C,The value of January minimum temperature below which 2.5% of January minimum temperatures fall.,-20.5,-15.8,-14.2,-14.5,-11.4
"Cumberland, Subd. A",1211001,Consolidated Census Subdivision,TJan_2,January Design Temperature,Â°C,The value of January minimum temperature below which 2.5% of January minimum temperatures fall.,-20.7,-15.9,-14,-15.2,-11
"Cumberland, Subd. B",1211006,Consolidated Census Subdivision,TJan_2,January Design Temperature,Â°C,The value of January minimum temperature below which 2.5% of January minimum temperatures fall.,-21,-16.3,-14.4,-15.5,-11.5
"Cumberland, Subd. C",1211009,Consolidated Census Subdivision,TJan_2,January Design Temperature,Â°C,The value of January minimum temperature below which 2.5% of January minimum temperatures fall.,-21.3,-16.3,-14.6,-15.6,-11.5
"Cumberland, Subd. D",1211014,Consolidated Census Subdivision,TJan_2,January Design Temperature,Â°C,The value of January minimum temperature below which 2.5% of January minimum temperatures fall.,-21.3,-16.4,-14.7,-15.4,-11.8
Digby,1203004,Consolidated Census Subdivision,TJan_2,January Design Temperature,Â°C,The value of January minimum temperature below which 2.5% of January minimum temperatures fall.,-16.1,-11.5,-10,-10.4,-6.8
East Hants,1208008,Consolidated Census Subdivision,TJan_2,January Design Temperature,Â°C,The value of January minimum temperature below which 2.5% of January minimum temperatures fall.,-19.5,-15.1,-13.1,-13.7,-10.3
Guysborough,1213004,Consolidated Census Subdivision,TJan_2,January Design Temperature,Â°C,The value of January minimum temperature below which 2.5% of January minimum temperatures fall.,-17.7,-13.2,-11.7,-12,-9.2
Halifax - Central,1209034B,Consolidated Census Subdivision,TJan_2,January Design Temperature,Â°C,The value of January minimum temperature below which 2.5% of January minimum temperatures fall.,-17.8,-13.4,-11.5,-12.1,-8.9
Halifax - East,1209034A,Consolidated Census Subdivision,TJan_2,January Design Temperature,Â°C,The value of January minimum temperature below which 2.5% of January minimum temperatures fall.,-19,-14.3,-12.7,-13,-10
Halifax - West,1209034C,Consolidated Census Subdivision,TJan_2,January Design Temperature,Â°C,The value of January minimum temperature below which 2.5% of January minimum temperatures fall.,-17.7,-13.4,-11.4,-12.1,-8.7
"Inverness, Subd. A",1215011,Consolidated Census Subdivision,TJan_2,January Design Temperature,Â°C,The value of January minimum temperature below which 2.5% of January minimum temperatures fall.,-17.3,-12.8,-11.5,-11.7,-9.2
"Inverness, Subd. B",1215006,Consolidated Census Subdivision,TJan_2,January Design Temperature,Â°C,The value of January minimum temperature below which 2.5% of January minimum temperatures fall.,-17.5,-12.8,-11.7,-11.7,-9.1
"Inverness, Subd. C",1215001,Consolidated Census Subdivision,TJan_2,January Design Temperature,Â°C,The value of January minimum temperature below which 2.5% of January minimum temperatures fall.,-17.3,-12.7,-11.5,-11.6,-8.9
"Kings, Subd. A",1207001,Consolidated Census Subdivision,TJan_2,January Design Temperature,Â°C,The value of January minimum temperature below which 2.5% of January minimum temperatures fall.,-18.8,-14.1,-12.1,-13.2,-9.3
"Kings, Subd. B",1207016,Consolidated Census Subdivision,TJan_2,January Design Temperature,Â°C,The value of January minimum temperature below which 2.5% of January minimum temperatures fall.,-19.3,-14.7,-12.7,-13.8,-9.8
"Kings, Subd. C",1207011,Consolidated Census Subdivision,TJan_2,January Design Temperature,Â°C,The value of January minimum temperature below which 2.5% of January minimum temperatures fall.,-18.9,-14.4,-12.4,-13.4,-9.5
"Kings, Subd. D",1207021,Consolidated Census Subdivision,TJan_2,January Design Temperature,Â°C,The value of January minimum temperature below which 2.5% of January minimum temperatures fall.,-19,-14.5,-12.4,-13.4,-9.6
Lunenburg,1206001,Consolidated Census Subdivision,TJan_2,January Design Temperature,Â°C,The value of January minimum temperature below which 2.5% of January minimum temperatures fall.,-17.6,-13.4,-11.6,-12.1,-8.6
"Pictou, Subd. A",1212001,Consolidated Census Subdivision,TJan_2,January Design Temperature,Â°C,The value of January minimum temperature below which 2.5% of January minimum temperatures fall.,-20.7,-15.7,-14.3,-14.6,-11.6
"Pictou, Subd. B",1212006,Consolidated Census Subdivision,TJan_2,January Design Temperature,Â°C,The value of January minimum temperature below which 2.5% of January minimum temperatures fall.,-20.7,-15.8,-14.4,-14.7,-11.7
"Pictou, Subd. C",1212011,Consolidated Census Subdivision,TJan_2,January Design Temperature,Â°C,The value of January minimum temperature below which 2.5% of January minimum temperatures fall.,-20.3,-15.4,-14,-14.3,-11.3
St. Mary's,1213001,Consolidated Census Subdivision,TJan_2,January Design Temperature,Â°C,The value of January minimum temperature below which 2.5% of January minimum temperatures fall.,-19.3,-14.5,-13.1,-13.4,-10.5
Sydney and Surrounds,1217030B,Consolidated Census Subdivision,TJan_2,January Design Temperature,Â°C,The value of January minimum temperature below which 2.5% of January minimum temperatures fall.,-15.5,-11.8,-10.4,-10.9,-8.2
West Hants,1208003,Consolidated Census Subdivision,TJan_2,January Design Temperature,Â°C,The value of January minimum temperature below which 2.5% of January minimum temperatures fall.,-18.8,-14.4,-12.3,-13.2,-9.5
Yarmouth,1202004,Consolidated Census Subdivision,TJan_2,January Design Temperature,Â°C,The value of January minimum temperature below which 2.5% of January minimum temperatures fall.,-14.2,-10.1,-8.7,-9,-5.6
Nova Scotia,12,Province,TJul_97,July Design Temperature,Â°C,The value of July maximum temperature below which 97.5% of July maximum temperatures fall.,27.6,29.8,30.3,30.3,32.4
Annapolis,1205,Census Division,TJul_97,July Design Temperature,Â°C,The value of July maximum temperature below which 97.5% of July maximum temperatures fall.,28.4,30.4,31.1,31,33
Antigonish,1214,Census Division,TJul_97,July Design Temperature,Â°C,The value of July maximum temperature below which 97.5% of July maximum temperatures fall.,28.5,30.5,31.1,31.3,33.2
Cape Breton,1217,Census Division,TJul_97,July Design Temperature,Â°C,The value of July maximum temperature below which 97.5% of July maximum temperatures fall.,27,29.1,29.7,29.9,31.7
Colchester,1210,Census Division,TJul_97,July Design Temperature,Â°C,The value of July maximum temperature below which 97.5% of July maximum temperatures fall.,29,31.1,31.7,31.6,33.8
Cumberland,1211,Census Division,TJul_97,July Design Temperature,Â°C,The value of July maximum temperature below which 97.5% of July maximum temperatures fall.,28.8,30.9,31.6,31.4,33.6
Digby,1203,Census Division,TJul_97,July Design Temperature,Â°C,The value of July maximum temperature below which 97.5% of July maximum temperatures fall.,26,28.1,28.7,28.7,30.7
Guysborough,1213,Census Division,TJul_97,July Design Temperature,Â°C,The value of July maximum temperature below which 97.5% of July maximum temperatures fall.,26.7,28.8,29.4,29.6,31.6
Halifax,1209,Census Division,TJul_97,July Design Temperature,Â°C,The value of July maximum temperature below which 97.5% of July maximum temperatures fall.,27.7,29.8,30.4,30.4,32.5
Hants,1208,Census Division,TJul_97,July Design Temperature,Â°C,The value of July maximum temperature below which 97.5% of July maximum temperatures fall.,29,31.1,31.7,31.6,33.7
Inverness,1215,Census Division,TJul_97,July Design Temperature,Â°C,The value of July maximum temperature below which 97.5% of July maximum temperatures fall.,27.5,29.7,30.2,30.4,32.3
Kings,1207,Census Division,TJul_97,July Design Temperature,Â°C,The value of July maximum temperature below which 97.5% of July maximum temperatures fall.,29.1,31.1,31.9,31.7,33.8
Lunenburg,1206,Census Division,TJul_97,July Design Temperature,Â°C,The value of July maximum temperature below which 97.5% of July maximum temperatures fall.,29,31,31.6,31.7,33.6
Pictou,1212,Census Division,TJul_97,July Design Temperature,Â°C,The value of July maximum temperature below which 97.5% of July maximum temperatures fall.,28.9,31,31.6,31.6,33.7
Queens,1204,Census Division / Consolidated Census Subdivision,TJul_97,July Design Temperature,Â°C,The value of July maximum temperature below which 97.5% of July maximum temperatures fall.,28.1,30.1,30.6,30.7,32.6
Richmond,1216,Census Division / Consolidated Census Subdivision,TJul_97,July Design Temperature,Â°C,The value of July maximum temperature below which 97.5% of July maximum temperatures fall.,26.3,28.4,28.9,29.2,31.1
Shelburne,1201,Census Division / Consolidated Census Subdivision,TJul_97,July Design Temperature,Â°C,The value of July maximum temperature below which 97.5% of July maximum temperatures fall.,25.4,27.5,28,28.1,29.9
Victoria,1218,Census Division / Consolidated Census Subdivision,TJul_97,July Design Temperature,Â°C,The value of July maximum temperature below which 97.5% of July maximum temperatures fall.,27.1,29.3,29.8,30,31.8
Yarmouth,1202,Census Division,TJul_97,July Design Temperature,Â°C,The value of July maximum temperature below which 97.5% of July maximum temperatures fall.,24.8,27,27.5,27.6,29.4
"Annapolis, Subd. A",1205004,Consolidated Census Subdivision,TJul_97,July Design Temperature,Â°C,The value of July maximum temperature below which 97.5% of July maximum temperatures fall.,27.8,29.8,30.6,30.5,32.5
"Annapolis, Subd. B",1205009,Consolidated Census Subdivision,TJul_97,July Design Temperature,Â°C,The value of July maximum temperature below which 97.5% of July maximum temperatures fall.,28.6,30.6,31.3,31.2,33.3
"Annapolis, Subd. C",1205014,Consolidated Census Subdivision,TJul_97,July Design Temperature,Â°C,The value of July maximum temperature below which 97.5% of July maximum temperatures fall.,29.1,31.1,31.9,31.8,33.8
"Annapolis, Subd. D",1205001,Consolidated Census Subdivision,TJul_97,July Design Temperature,Â°C,The value of July maximum temperature below which 97.5% of July maximum temperatures fall.,28.4,30.5,31.2,31.1,33.1
"Antigonish, Subd. A",1214001,Consolidated Census Subdivision,TJul_97,July Design Temperature,Â°C,The value of July maximum temperature below which 97.5% of July maximum temperatures fall.,28.7,30.8,31.4,31.5,33.5
"Antigonish, Subd. B",1214006,Consolidated Census Subdivision,TJul_97,July Design Temperature,Â°C,The value of July maximum temperature below which 97.5% of July maximum temperatures fall.,28,30.1,30.7,30.9,32.9
Argyle,1202001,Consolidated Census Subdivision,TJul_97,July Design Temperature,Â°C,The value of July maximum temperature below which 97.5% of July maximum temperatures fall.,24.9,27.1,27.6,27.7,29.5
Cape Breton - Outlying Areas,1217030A,Consolidated Census Subdivision,TJul_97,July Design Temperature,Â°C,The value of July maximum temperature below which 97.5% of July maximum temperatures fall.,27,29,29.6,29.9,31.6
Chester,1206009,Consolidated Census Subdivision,TJul_97,July Design Temperature,Â°C,The value of July maximum temperature below which 97.5% of July maximum temperatures fall.,28.9,30.9,31.6,31.6,33.6
Clare,1203001,Consolidated Census Subdivision,TJul_97,July Design Temperature,Â°C,The value of July maximum temperature below which 97.5% of July maximum temperatures fall.,25.3,27.4,28,28,29.9
"Colchester, Subd. A",1210012,Consolidated Census Subdivision,TJul_97,July Design Temperature,Â°C,The value of July maximum temperature below which 97.5% of July maximum temperatures fall.,28.8,30.9,31.6,31.3,33.6
"Colchester, Subd. B",1210008,Consolidated Census Subdivision,TJul_97,July Design Temperature,Â°C,The value of July maximum temperature below which 97.5% of July maximum temperatures fall.,29.1,31.3,31.9,31.8,33.9
"Colchester, Subd. C",1210001,Consolidated Census Subdivision,TJul_97,July Design Temperature,Â°C,The value of July maximum temperature below which 97.5% of July maximum temperatures fall.,28.9,31,31.6,31.6,33.7
"Cumberland, Subd. A",1211001,Consolidated Census Subdivision,TJul_97,July Design Temperature,Â°C,The value of July maximum temperature below which 97.5% of July maximum temperatures fall.,28.6,30.6,31.4,31.2,33.3
"Cumberland, Subd. B",1211006,Consolidated Census Subdivision,TJul_97,July Design Temperature,Â°C,The value of July maximum temperature below which 97.5% of July maximum temperatures fall.,28.6,30.7,31.4,31.2,33.4
"Cumberland, Subd. C",1211009,Consolidated Census Subdivision,TJul_97,July Design Temperature,Â°C,The value of July maximum temperature below which 97.5% of July maximum temperatures fall.,29,31,31.8,31.6,33.8
"Cumberland, Subd. D",1211014,Consolidated Census Subdivision,TJul_97,July Design Temperature,Â°C,The value of July maximum temperature below which 97.5% of July maximum temperatures fall.,29.1,31.2,31.9,31.7,33.9
Digby,1203004,Consolidated Census Subdivision,TJul_97,July Design Temperature,Â°C,The value of July maximum temperature below which 97.5% of July maximum temperatures fall.,26.4,28.5,29.1,29.1,31.1
East Hants,1208008,Consolidated Census Subdivision,TJul_97,July Design Temperature,Â°C,The value of July maximum temperature below which 97.5% of July maximum temperatures fall.,28.9,31,31.7,31.5,33.7
Guysborough,1213004,Consolidated Census Subdivision,TJul_97,July Design Temperature,Â°C,The value of July maximum temperature below which 97.5% of July maximum temperatures fall.,26.3,28.4,29,29.2,31.1
Halifax - Central,1209034B,Consolidated Census Subdivision,TJul_97,July Design Temperature,Â°C,The value of July maximum temperature below which 97.5% of July maximum temperatures fall.,28.1,30.2,30.8,30.8,32.9
Halifax - East,1209034A,Consolidated Census Subdivision,TJul_97,July Design Temperature,Â°C,The value of July maximum temperature below which 97.5% of July maximum temperatures fall.,27.7,29.7,30.3,30.3,32.5
Halifax - West,1209034C,Consolidated Census Subdivision,TJul_97,July Design Temperature,Â°C,The value of July maximum temperature below which 97.5% of July maximum temperatures fall.,28.2,30.3,31,30.9,33
"Inverness, Subd. A",1215011,Consolidated Census Subdivision,TJul_97,July Design Temperature,Â°C,The value of July maximum temperature below which 97.5% of July maximum temperatures fall.,27.2,29.4,29.9,30.1,32
"Inverness, Subd. B",1215006,Consolidated Census Subdivision,TJul_97,July Design Temperature,Â°C,The value of July maximum temperature below which 97.5% of July maximum temperatures fall.,28.3,30.4,30.9,31.1,33.1
"Inverness, Subd. C",1215001,Consolidated Census Subdivision,TJul_97,July Design Temperature,Â°C,The value of July maximum temperature below which 97.5% of July maximum temperatures fall.,27.7,29.7,30.3,30.5,32.4
"Kings, Subd. A",1207001,Consolidated Census Subdivision,TJul_97,July Design Temperature,Â°C,The value of July maximum temperature below which 97.5% of July maximum temperatures fall.,29.1,31.1,31.9,31.7,33.8
"Kings, Subd. B",1207016,Consolidated Census Subdivision,TJul_97,July Design Temperature,Â°C,The value of July maximum temperature below which 97.5% of July maximum temperatures fall.,29.1,31.2,31.9,31.7,33.9
"Kings, Subd. C",1207011,Consolidated Census Subdivision,TJul_97,July Design Temperature,Â°C,The value of July maximum temperature below which 97.5% of July maximum temperatures fall.,29,31,31.7,31.6,33.7
"Kings, Subd. D",1207021,Consolidated Census Subdivision,TJul_97,July Design Temperature,Â°C,The value of July maximum temperature below which 97.5% of July maximum temperatures fall.,29.1,31.1,31.9,31.7,33.9
Lunenburg,1206001,Consolidated Census Subdivision,TJul_97,July Design Temperature,Â°C,The value of July maximum temperature below which 97.5% of July maximum temperatures fall.,29.1,31.1,31.7,31.7,33.7
"Pictou, Subd. A",1212001,Consolidated Census Subdivision,TJul_97,July Design Temperature,Â°C,The value of July maximum temperature below which 97.5% of July maximum temperatures fall.,29.2,31.4,32,32,34
"Pictou, Subd. B",1212006,Consolidated Census Subdivision,TJul_97,July Design Temperature,Â°C,The value of July maximum temperature below which 97.5% of July maximum temperatures fall.,28.9,31,31.6,31.6,33.7
"Pictou, Subd. C",1212011,Consolidated Census Subdivision,TJul_97,July Design Temperature,Â°C,The value of July maximum temperature below which 97.5% of July maximum temperatures fall.,28.7,30.8,31.4,31.5,33.5
St. Mary's,1213001,Consolidated Census Subdivision,TJul_97,July Design Temperature,Â°C,The value of July maximum temperature below which 97.5% of July maximum temperatures fall.,27.2,29.3,29.9,30,32.1
Sydney and Surrounds,1217030B,Consolidated Census Subdivision,TJul_97,July Design Temperature,Â°C,The value of July maximum temperature below which 97.5% of July maximum temperatures fall.,27.6,29.6,30.2,30.5,32.2
West Hants,1208003,Consolidated Census Subdivision,TJul_97,July Design Temperature,Â°C,The value of July maximum temperature below which 97.5% of July maximum temperatures fall.,29.1,31.1,31.8,31.7,33.8
Yarmouth,1202004,Consolidated Census Subdivision,TJul_97,July Design Temperature,Â°C,The value of July maximum temperature below which 97.5% of July maximum temperatures fall.,24.6,26.8,27.3,27.4,29.3
Nova Scotia,12,Province,tnlt5_win,Number of Days with Minimum Temperature Below -5Â°C (Winter),days,The number of days in winter where the daily minimum temperature was below -5Â°C.,57,43,37,37,25
Annapolis,1205,Census Division,tnlt5_win,Number of Days with Minimum Temperature Below -5Â°C (Winter),days,The number of days in winter where the daily minimum temperature was below -5Â°C.,58,43,37,35,21
Antigonish,1214,Census Division,tnlt5_win,Number of Days with Minimum Temperature Below -5Â°C (Winter),days,The number of days in winter where the daily minimum temperature was below -5Â°C.,60,48,42,42,31
Cape Breton,1217,Census Division,tnlt5_win,Number of Days with Minimum Temperature Below -5Â°C (Winter),days,The number of days in winter where the daily minimum temperature was below -5Â°C.,53,38,32,34,20
Colchester,1210,Census Division,tnlt5_win,Number of Days with Minimum Temperature Below -5Â°C (Winter),days,The number of days in winter where the daily minimum temperature was below -5Â°C.,63,53,47,46,36
Cumberland,1211,Census Division,tnlt5_win,Number of Days with Minimum Temperature Below -5Â°C (Winter),days,The number of days in winter where the daily minimum temperature was below -5Â°C.,65,54,48,47,35
Digby,1203,Census Division,tnlt5_win,Number of Days with Minimum Temperature Below -5Â°C (Winter),days,The number of days in winter where the daily minimum temperature was below -5Â°C.,51,34,27,26,11
Guysborough,1213,Census Division,tnlt5_win,Number of Days with Minimum Temperature Below -5Â°C (Winter),days,The number of days in winter where the daily minimum temperature was below -5Â°C.,57,45,38,39,28
Halifax,1209,Census Division,tnlt5_win,Number of Days with Minimum Temperature Below -5Â°C (Winter),days,The number of days in winter where the daily minimum temperature was below -5Â°C.,57,45,38,37,25
Hants,1208,Census Division,tnlt5_win,Number of Days with Minimum Temperature Below -5Â°C (Winter),days,The number of days in winter where the daily minimum temperature was below -5Â°C.,60,48,42,41,27
Inverness,1215,Census Division,tnlt5_win,Number of Days with Minimum Temperature Below -5Â°C (Winter),days,The number of days in winter where the daily minimum temperature was below -5Â°C.,60,47,41,42,28
Kings,1207,Census Division,tnlt5_win,Number of Days with Minimum Temperature Below -5Â°C (Winter),days,The number of days in winter where the daily minimum temperature was below -5Â°C.,61,47,42,40,25
Lunenburg,1206,Census Division,tnlt5_win,Number of Days with Minimum Temperature Below -5Â°C (Winter),days,The number of days in winter where the daily minimum temperature was below -5Â°C.,56,42,36,34,23
Pictou,1212,Census Division,tnlt5_win,Number of Days with Minimum Temperature Below -5Â°C (Winter),days,The number of days in winter where the daily minimum temperature was below -5Â°C.,62,51,46,47,35
Queens,1204,Census Division / Consolidated Census Subdivision,tnlt5_win,Number of Days with Minimum Temperature Below -5Â°C (Winter),days,The number of days in winter where the daily minimum temperature was below -5Â°C.,52,36,31,31,18
Richmond,1216,Census Division / Consolidated Census Subdivision,tnlt5_win,Number of Days with Minimum Temperature Below -5Â°C (Winter),days,The number of days in winter where the daily minimum temperature was below -5Â°C.,53,39,32,33,19
Shelburne,1201,Census Division / Consolidated Census Subdivision,tnlt5_win,Number of Days with Minimum Temperature Below -5Â°C (Winter),days,The number of days in winter where the daily minimum temperature was below -5Â°C.,45,30,24,26,11
Victoria,1218,Census Division / Consolidated Census Subdivision,tnlt5_win,Number of Days with Minimum Temperature Below -5Â°C (Winter),days,The number of days in winter where the daily minimum temperature was below -5Â°C.,61,47,41,42,27
Yarmouth,1202,Census Division,tnlt5_win,Number of Days with Minimum Temperature Below -5Â°C (Winter),days,The number of days in winter where the daily minimum temperature was below -5Â°C.,45,29,22,23,10
"Annapolis, Subd. A",1205004,Consolidated Census Subdivision,tnlt5_win,Number of Days with Minimum Temperature Below -5Â°C (Winter),days,The number of days in winter where the daily minimum temperature was below -5Â°C.,57,42,35,33,18
"Annapolis, Subd. B",1205009,Consolidated Census Subdivision,tnlt5_win,Number of Days with Minimum Temperature Below -5Â°C (Winter),days,The number of days in winter where the daily minimum temperature was below -5Â°C.,60,45,39,36,22
"Annapolis, Subd. C",1205014,Consolidated Census Subdivision,tnlt5_win,Number of Days with Minimum Temperature Below -5Â°C (Winter),days,The number of days in winter where the daily minimum temperature was below -5Â°C.,60,46,40,37,23
"Annapolis, Subd. D",1205001,Consolidated Census Subdivision,tnlt5_win,Number of Days with Minimum Temperature Below -5Â°C (Winter),days,The number of days in winter where the daily minimum temperature was below -5Â°C.,58,43,38,35,21
"Antigonish, Subd. A",1214001,Consolidated Census Subdivision,tnlt5_win,Number of Days with Minimum Temperature Below -5Â°C (Winter),days,The number of days in winter where the daily minimum temperature was below -5Â°C.,60,49,43,44,32
"Antigonish, Subd. B",1214006,Consolidated Census Subdivision,tnlt5_win,Number of Days with Minimum Temperature Below -5Â°C (Winter),days,The number of days in winter where the daily minimum temperature was below -5Â°C.,58,46,40,40,29
Argyle,1202001,Consolidated Census Subdivision,tnlt5_win,Number of Days with Minimum Temperature Below -5Â°C (Winter),days,The number of days in winter where the daily minimum temperature was below -5Â°C.,46,29,23,24,10
Cape Breton - Outlying Areas,1217030A,Consolidated Census Subdivision,tnlt5_win,Number of Days with Minimum Temperature Below -5Â°C (Winter),days,The number of days in winter where the daily minimum temperature was below -5Â°C.,53,39,32,34,20
Chester,1206009,Consolidated Census Subdivision,tnlt5_win,Number of Days with Minimum Temperature Below -5Â°C (Winter),days,The number of days in winter where the daily minimum temperature was below -5Â°C.,58,44,38,36,22
Clare,1203001,Consolidated Census Subdivision,tnlt5_win,Number of Days with Minimum Temperature Below -5Â°C (Winter),days,The number of days in winter where the daily minimum temperature was below -5Â°C.,48,30,22,22,8
"Colchester, Subd. A",1210012,Consolidated Census Subdivision,tnlt5_win,Number of Days with Minimum Temperature Below -5Â°C (Winter),days,The number of days in winter where the daily minimum temperature was below -5Â°C.,65,55,48,48,35
"Colchester, Subd. B",1210008,Consolidated Census Subdivision,tnlt5_win,Number of Days with Minimum Temperature Below -5Â°C (Winter),days,The number of days in winter where the daily minimum temperature was below -5Â°C.,64,54,48,47,37
"Colchester, Subd. C",1210001,Consolidated Census Subdivision,tnlt5_win,Number of Days with Minimum Temperature Below -5Â°C (Winter),days,The number of days in winter where the daily minimum temperature was below -5Â°C.,61,51,45,45,34
"Cumberland, Subd. A",1211001,Consolidated Census Subdivision,tnlt5_win,Number of Days with Minimum Temperature Below -5Â°C (Winter),days,The number of days in winter where the daily minimum temperature was below -5Â°C.,65,54,48,47,34
"Cumberland, Subd. B",1211006,Consolidated Census Subdivision,tnlt5_win,Number of Days with Minimum Temperature Below -5Â°C (Winter),days,The number of days in winter where the daily minimum temperature was below -5Â°C.,65,54,48,48,35
"Cumberland, Subd. C",1211009,Consolidated Census Subdivision,tnlt5_win,Number of Days with Minimum Temperature Below -5Â°C (Winter),days,The number of days in winter where the daily minimum temperature was below -5Â°C.,65,54,48,48,36
"Cumberland, Subd. D",1211014,Consolidated Census Subdivision,tnlt5_win,Number of Days with Minimum Temperature Below -5Â°C (Winter),days,The number of days in winter where the daily minimum temperature was below -5Â°C.,64,54,48,47,36
Digby,1203004,Consolidated Census Subdivision,tnlt5_win,Number of Days with Minimum Temperature Below -5Â°C (Winter),days,The number of days in winter where the daily minimum temperature was below -5Â°C.,53,36,29,29,14
East Hants,1208008,Consolidated Census Subdivision,tnlt5_win,Number of Days with Minimum Temperature Below -5Â°C (Winter),days,The number of days in winter where the daily minimum temperature was below -5Â°C.,61,49,42,42,28
Guysborough,1213004,Consolidated Census Subdivision,tnlt5_win,Number of Days with Minimum Temperature Below -5Â°C (Winter),days,The number of days in winter where the daily minimum temperature was below -5Â°C.,56,42,37,37,25
Halifax - Central,1209034B,Consolidated Census Subdivision,tnlt5_win,Number of Days with Minimum Temperature Below -5Â°C (Winter),days,The number of days in winter where the daily minimum temperature was below -5Â°C.,55,42,36,34,20
Halifax - East,1209034A,Consolidated Census Subdivision,tnlt5_win,Number of Days with Minimum Temperature Below -5Â°C (Winter),days,The number of days in winter where the daily minimum temperature was below -5Â°C.,58,46,39,39,28
Halifax - West,1209034C,Consolidated Census Subdivision,tnlt5_win,Number of Days with Minimum Temperature Below -5Â°C (Winter),days,The number of days in winter where the daily minimum temperature was below -5Â°C.,55,41,35,34,20
"Inverness, Subd. A",1215011,Consolidated Census Subdivision,tnlt5_win,Number of Days with Minimum Temperature Below -5Â°C (Winter),days,The number of days in winter where the daily minimum temperature was below -5Â°C.,63,49,43,45,30
"Inverness, Subd. B",1215006,Consolidated Census Subdivision,tnlt5_win,Number of Days with Minimum Temperature Below -5Â°C (Winter),days,The number of days in winter where the daily minimum temperature was below -5Â°C.,59,46,39,40,27
"Inverness, Subd. C",1215001,Consolidated Census Subdivision,tnlt5_win,Number of Days with Minimum Temperature Below -5Â°C (Winter),days,The number of days in winter where the daily minimum temperature was below -5Â°C.,57,44,38,38,26
"Kings, Subd. A",1207001,Consolidated Census Subdivision,tnlt5_win,Number of Days with Minimum Temperature Below -5Â°C (Winter),days,The number of days in winter where the daily minimum temperature was below -5Â°C.,61,47,42,39,25
"Kings, Subd. B",1207016,Consolidated Census Subdivision,tnlt5_win,Number of Days with Minimum Temperature Below -5Â°C (Winter),days,The number of days in winter where the daily minimum temperature was below -5Â°C.,62,48,43,41,27
"Kings, Subd. C",1207011,Consolidated Census Subdivision,tnlt5_win,Number of Days with Minimum Temperature Below -5Â°C (Winter),days,The number of days in winter where the daily minimum temperature was below -5Â°C.,62,48,43,40,26
"Kings, Subd. D",1207021,Consolidated Census Subdivision,tnlt5_win,Number of Days with Minimum Temperature Below -5Â°C (Winter),days,The number of days in winter where the daily minimum temperature was below -5Â°C.,61,47,42,41,26
Lunenburg,1206001,Consolidated Census Subdivision,tnlt5_win,Number of Days with Minimum Temperature Below -5Â°C (Winter),days,The number of days in winter where the daily minimum temperature was below -5Â°C.,55,40,34,34,22
"Pictou, Subd. A",1212001,Consolidated Census Subdivision,tnlt5_win,Number of Days with Minimum Temperature Below -5Â°C (Winter),days,The number of days in winter where the daily minimum temperature was below -5Â°C.,62,52,46,47,35
"Pictou, Subd. B",1212006,Consolidated Census Subdivision,tnlt5_win,Number of Days with Minimum Temperature Below -5Â°C (Winter),days,The number of days in winter where the daily minimum temperature was below -5Â°C.,62,52,46,47,36
"Pictou, Subd. C",1212011,Consolidated Census Subdivision,tnlt5_win,Number of Days with Minimum Temperature Below -5Â°C (Winter),days,The number of days in winter where the daily minimum temperature was below -5Â°C.,62,51,45,46,35
St. Mary's,1213001,Consolidated Census Subdivision,tnlt5_win,Number of Days with Minimum Temperature Below -5Â°C (Winter),days,The number of days in winter where the daily minimum temperature was below -5Â°C.,58,46,41,41,31
Sydney and Surrounds,1217030B,Consolidated Census Subdivision,tnlt5_win,Number of Days with Minimum Temperature Below -5Â°C (Winter),days,The number of days in winter where the daily minimum temperature was below -5Â°C.,53,38,31,34,22
West Hants,1208003,Consolidated Census Subdivision,tnlt5_win,Number of Days with Minimum Temperature Below -5Â°C (Winter),days,The number of days in winter where the daily minimum temperature was below -5Â°C.,60,46,41,40,25
Yarmouth,1202004,Consolidated Census Subdivision,tnlt5_win,Number of Days with Minimum Temperature Below -5Â°C (Winter),days,The number of days in winter where the daily minimum temperature was below -5Â°C.,44,27,20,22,8
Nova Scotia,12,Province,tnlt5_win_ext,Number of Days with Minimum Temperature Below -5Â°C (Winter-extended),days,The number of days in winter (extended) where the daily minimum temperature was below -5Â°C.,59,44,38,37,25
Annapolis,1205,Census Division,tnlt5_win_ext,Number of Days with Minimum Temperature Below -5Â°C (Winter-extended),days,The number of days in winter (extended) where the daily minimum temperature was below -5Â°C.,62,44,38,35,21
Antigonish,1214,Census Division,tnlt5_win_ext,Number of Days with Minimum Temperature Below -5Â°C (Winter-extended),days,The number of days in winter (extended) where the daily minimum temperature was below -5Â°C.,63,49,42,43,31
Cape Breton,1217,Census Division,tnlt5_win_ext,Number of Days with Minimum Temperature Below -5Â°C (Winter-extended),days,The number of days in winter (extended) where the daily minimum temperature was below -5Â°C.,54,39,32,34,20
Colchester,1210,Census Division,tnlt5_win_ext,Number of Days with Minimum Temperature Below -5Â°C (Winter-extended),days,The number of days in winter (extended) where the daily minimum temperature was below -5Â°C.,68,55,49,49,36
Cumberland,1211,Census Division,tnlt5_win_ext,Number of Days with Minimum Temperature Below -5Â°C (Winter-extended),days,The number of days in winter (extended) where the daily minimum temperature was below -5Â°C.,69,56,50,49,35
Digby,1203,Census Division,tnlt5_win_ext,Number of Days with Minimum Temperature Below -5Â°C (Winter-extended),days,The number of days in winter (extended) where the daily minimum temperature was below -5Â°C.,53,34,27,26,11
Guysborough,1213,Census Division,tnlt5_win_ext,Number of Days with Minimum Temperature Below -5Â°C (Winter-extended),days,The number of days in winter (extended) where the daily minimum temperature was below -5Â°C.,60,45,39,39,28
Halifax,1209,Census Division,tnlt5_win_ext,Number of Days with Minimum Temperature Below -5Â°C (Winter-extended),days,The number of days in winter (extended) where the daily minimum temperature was below -5Â°C.,60,46,39,38,25
Hants,1208,Census Division,tnlt5_win_ext,Number of Days with Minimum Temperature Below -5Â°C (Winter-extended),days,The number of days in winter (extended) where the daily minimum temperature was below -5Â°C.,64,50,42,41,27
Inverness,1215,Census Division,tnlt5_win_ext,Number of Days with Minimum Temperature Below -5Â°C (Winter-extended),days,The number of days in winter (extended) where the daily minimum temperature was below -5Â°C.,62,47,41,42,28
Kings,1207,Census Division,tnlt5_win_ext,Number of Days with Minimum Temperature Below -5Â°C (Winter-extended),days,The number of days in winter (extended) where the daily minimum temperature was below -5Â°C.,66,48,43,40,25
Lunenburg,1206,Census Division,tnlt5_win_ext,Number of Days with Minimum Temperature Below -5Â°C (Winter-extended),days,The number of days in winter (extended) where the daily minimum temperature was below -5Â°C.,59,42,36,34,23
Pictou,1212,Census Division,tnlt5_win_ext,Number of Days with Minimum Temperature Below -5Â°C (Winter-extended),days,The number of days in winter (extended) where the daily minimum temperature was below -5Â°C.,66,53,47,48,36
Queens,1204,Census Division / Consolidated Census Subdivision,tnlt5_win_ext,Number of Days with Minimum Temperature Below -5Â°C (Winter-extended),days,The number of days in winter (extended) where the daily minimum temperature was below -5Â°C.,54,36,31,31,18
Richmond,1216,Census Division / Consolidated Census Subdivision,tnlt5_win_ext,Number of Days with Minimum Temperature Below -5Â°C (Winter-extended),days,The number of days in winter (extended) where the daily minimum temperature was below -5Â°C.,54,39,32,33,19
Shelburne,1201,Census Division / Consolidated Census Subdivision,tnlt5_win_ext,Number of Days with Minimum Temperature Below -5Â°C (Winter-extended),days,The number of days in winter (extended) where the daily minimum temperature was below -5Â°C.,46,30,24,26,11
Victoria,1218,Census Division / Consolidated Census Subdivision,tnlt5_win_ext,Number of Days with Minimum Temperature Below -5Â°C (Winter-extended),days,The number of days in winter (extended) where the daily minimum temperature was below -5Â°C.,63,48,41,43,27
Yarmouth,1202,Census Division,tnlt5_win_ext,Number of Days with Minimum Temperature Below -5Â°C (Winter-extended),days,The number of days in winter (extended) where the daily minimum temperature was below -5Â°C.,46,29,22,23,10
"Annapolis, Subd. A",1205004,Consolidated Census Subdivision,tnlt5_win_ext,Number of Days with Minimum Temperature Below -5Â°C (Winter-extended),days,The number of days in winter (extended) where the daily minimum temperature was below -5Â°C.,60,42,36,33,18
"Annapolis, Subd. B",1205009,Consolidated Census Subdivision,tnlt5_win_ext,Number of Days with Minimum Temperature Below -5Â°C (Winter-extended),days,The number of days in winter (extended) where the daily minimum temperature was below -5Â°C.,63,46,40,37,22
"Annapolis, Subd. C",1205014,Consolidated Census Subdivision,tnlt5_win_ext,Number of Days with Minimum Temperature Below -5Â°C (Winter-extended),days,The number of days in winter (extended) where the daily minimum temperature was below -5Â°C.,63,46,40,38,23
"Annapolis, Subd. D",1205001,Consolidated Census Subdivision,tnlt5_win_ext,Number of Days with Minimum Temperature Below -5Â°C (Winter-extended),days,The number of days in winter (extended) where the daily minimum temperature was below -5Â°C.,62,44,38,35,21
"Antigonish, Subd. A",1214001,Consolidated Census Subdivision,tnlt5_win_ext,Number of Days with Minimum Temperature Below -5Â°C (Winter-extended),days,The number of days in winter (extended) where the daily minimum temperature was below -5Â°C.,63,50,44,44,32
"Antigonish, Subd. B",1214006,Consolidated Census Subdivision,tnlt5_win_ext,Number of Days with Minimum Temperature Below -5Â°C (Winter-extended),days,The number of days in winter (extended) where the daily minimum temperature was below -5Â°C.,61,47,40,40,29
Argyle,1202001,Consolidated Census Subdivision,tnlt5_win_ext,Number of Days with Minimum Temperature Below -5Â°C (Winter-extended),days,The number of days in winter (extended) where the daily minimum temperature was below -5Â°C.,47,29,23,24,10
Cape Breton - Outlying Areas,1217030A,Consolidated Census Subdivision,tnlt5_win_ext,Number of Days with Minimum Temperature Below -5Â°C (Winter-extended),days,The number of days in winter (extended) where the daily minimum temperature was below -5Â°C.,54,39,32,34,20
Chester,1206009,Consolidated Census Subdivision,tnlt5_win_ext,Number of Days with Minimum Temperature Below -5Â°C (Winter-extended),days,The number of days in winter (extended) where the daily minimum temperature was below -5Â°C.,61,44,39,36,22
Clare,1203001,Consolidated Census Subdivision,tnlt5_win_ext,Number of Days with Minimum Temperature Below -5Â°C (Winter-extended),days,The number of days in winter (extended) where the daily minimum temperature was below -5Â°C.,49,30,22,22,8
"Colchester, Subd. A",1210012,Consolidated Census Subdivision,tnlt5_win_ext,Number of Days with Minimum Temperature Below -5Â°C (Winter-extended),days,The number of days in winter (extended) where the daily minimum temperature was below -5Â°C.,70,57,51,49,36
"Colchester, Subd. B",1210008,Consolidated Census Subdivision,tnlt5_win_ext,Number of Days with Minimum Temperature Below -5Â°C (Winter-extended),days,The number of days in winter (extended) where the daily minimum temperature was below -5Â°C.,69,56,51,50,37
"Colchester, Subd. C",1210001,Consolidated Census Subdivision,tnlt5_win_ext,Number of Days with Minimum Temperature Below -5Â°C (Winter-extended),days,The number of days in winter (extended) where the daily minimum temperature was below -5Â°C.,66,53,47,47,35
"Cumberland, Subd. A",1211001,Consolidated Census Subdivision,tnlt5_win_ext,Number of Days with Minimum Temperature Below -5Â°C (Winter-extended),days,The number of days in winter (extended) where the daily minimum temperature was below -5Â°C.,69,56,49,48,34
"Cumberland, Subd. B",1211006,Consolidated Census Subdivision,tnlt5_win_ext,Number of Days with Minimum Temperature Below -5Â°C (Winter-extended),days,The number of days in winter (extended) where the daily minimum temperature was below -5Â°C.,70,57,50,50,36
"Cumberland, Subd. C",1211009,Consolidated Census Subdivision,tnlt5_win_ext,Number of Days with Minimum Temperature Below -5Â°C (Winter-extended),days,The number of days in winter (extended) where the daily minimum temperature was below -5Â°C.,69,57,50,50,36
"Cumberland, Subd. D",1211014,Consolidated Census Subdivision,tnlt5_win_ext,Number of Days with Minimum Temperature Below -5Â°C (Winter-extended),days,The number of days in winter (extended) where the daily minimum temperature was below -5Â°C.,69,56,50,49,36
Digby,1203004,Consolidated Census Subdivision,tnlt5_win_ext,Number of Days with Minimum Temperature Below -5Â°C (Winter-extended),days,The number of days in winter (extended) where the daily minimum temperature was below -5Â°C.,55,36,29,29,14
East Hants,1208008,Consolidated Census Subdivision,tnlt5_win_ext,Number of Days with Minimum Temperature Below -5Â°C (Winter-extended),days,The number of days in winter (extended) where the daily minimum temperature was below -5Â°C.,64,50,44,42,28
Guysborough,1213004,Consolidated Census Subdivision,tnlt5_win_ext,Number of Days with Minimum Temperature Below -5Â°C (Winter-extended),days,The number of days in winter (extended) where the daily minimum temperature was below -5Â°C.,58,43,37,37,25
Halifax - Central,1209034B,Consolidated Census Subdivision,tnlt5_win_ext,Number of Days with Minimum Temperature Below -5Â°C (Winter-extended),days,The number of days in winter (extended) where the daily minimum temperature was below -5Â°C.,58,43,36,34,21
Halifax - East,1209034A,Consolidated Census Subdivision,tnlt5_win_ext,Number of Days with Minimum Temperature Below -5Â°C (Winter-extended),days,The number of days in winter (extended) where the daily minimum temperature was below -5Â°C.,61,47,40,41,28
Halifax - West,1209034C,Consolidated Census Subdivision,tnlt5_win_ext,Number of Days with Minimum Temperature Below -5Â°C (Winter-extended),days,The number of days in winter (extended) where the daily minimum temperature was below -5Â°C.,58,42,35,34,20
"Inverness, Subd. A",1215011,Consolidated Census Subdivision,tnlt5_win_ext,Number of Days with Minimum Temperature Below -5Â°C (Winter-extended),days,The number of days in winter (extended) where the daily minimum temperature was below -5Â°C.,65,50,43,45,30
"Inverness, Subd. B",1215006,Consolidated Census Subdivision,tnlt5_win_ext,Number of Days with Minimum Temperature Below -5Â°C (Winter-extended),days,The number of days in winter (extended) where the daily minimum temperature was below -5Â°C.,60,46,39,40,27
"Inverness, Subd. C",1215001,Consolidated Census Subdivision,tnlt5_win_ext,Number of Days with Minimum Temperature Below -5Â°C (Winter-extended),days,The number of days in winter (extended) where the daily minimum temperature was below -5Â°C.,59,45,38,38,26
"Kings, Subd. A",1207001,Consolidated Census Subdivision,tnlt5_win_ext,Number of Days with Minimum Temperature Below -5Â°C (Winter-extended),days,The number of days in winter (extended) where the daily minimum temperature was below -5Â°C.,65,48,43,40,25
"Kings, Subd. B",1207016,Consolidated Census Subdivision,tnlt5_win_ext,Number of Days with Minimum Temperature Below -5Â°C (Winter-extended),days,The number of days in winter (extended) where the daily minimum temperature was below -5Â°C.,66,49,43,42,27
"Kings, Subd. C",1207011,Consolidated Census Subdivision,tnlt5_win_ext,Number of Days with Minimum Temperature Below -5Â°C (Winter-extended),days,The number of days in winter (extended) where the daily minimum temperature was below -5Â°C.,66,49,44,41,26
"Kings, Subd. D",1207021,Consolidated Census Subdivision,tnlt5_win_ext,Number of Days with Minimum Temperature Below -5Â°C (Winter-extended),days,The number of days in winter (extended) where the daily minimum temperature was below -5Â°C.,65,48,43,41,26
Lunenburg,1206001,Consolidated Census Subdivision,tnlt5_win_ext,Number of Days with Minimum Temperature Below -5Â°C (Winter-extended),days,The number of days in winter (extended) where the daily minimum temperature was below -5Â°C.,57,40,35,35,22
"Pictou, Subd. A",1212001,Consolidated Census Subdivision,tnlt5_win_ext,Number of Days with Minimum Temperature Below -5Â°C (Winter-extended),days,The number of days in winter (extended) where the daily minimum temperature was below -5Â°C.,66,54,48,48,36
"Pictou, Subd. B",1212006,Consolidated Census Subdivision,tnlt5_win_ext,Number of Days with Minimum Temperature Below -5Â°C (Winter-extended),days,The number of days in winter (extended) where the daily minimum temperature was below -5Â°C.,67,54,48,48,36
"Pictou, Subd. C",1212011,Consolidated Census Subdivision,tnlt5_win_ext,Number of Days with Minimum Temperature Below -5Â°C (Winter-extended),days,The number of days in winter (extended) where the daily minimum temperature was below -5Â°C.,66,52,46,47,35
St. Mary's,1213001,Consolidated Census Subdivision,tnlt5_win_ext,Number of Days with Minimum Temperature Below -5Â°C (Winter-extended),days,The number of days in winter (extended) where the daily minimum temperature was below -5Â°C.,61,47,41,41,31
Sydney and Surrounds,1217030B,Consolidated Census Subdivision,tnlt5_win_ext,Number of Days with Minimum Temperature Below -5Â°C (Winter-extended),days,The number of days in winter (extended) where the daily minimum temperature was below -5Â°C.,53,38,32,34,22
West Hants,1208003,Consolidated Census Subdivision,tnlt5_win_ext,Number of Days with Minimum Temperature Below -5Â°C (Winter-extended),days,The number of days in winter (extended) where the daily minimum temperature was below -5Â°C.,64,47,41,40,25
Yarmouth,1202004,Consolidated Census Subdivision,tnlt5_win_ext,Number of Days with Minimum Temperature Below -5Â°C (Winter-extended),days,The number of days in winter (extended) where the daily minimum temperature was below -5Â°C.,45,27,20,22,8
Nova Scotia,12,Province,tnlt15_ann,Number of Days with Minimum Temperature Below -15Â°C,days,The number of days the daily minimum temperature was below -15Â°C.,14,4,2,2,0
Annapolis,1205,Census Division,tnlt15_ann,Number of Days with Minimum Temperature Below -15Â°C,days,The number of days the daily minimum temperature was below -15Â°C.,14,2,1,1,0
Antigonish,1214,Census Division,tnlt15_ann,Number of Days with Minimum Temperature Below -15Â°C,days,The number of days the daily minimum temperature was below -15Â°C.,17,5,3,3,0
Cape Breton,1217,Census Division,tnlt15_ann,Number of Days with Minimum Temperature Below -15Â°C,days,The number of days the daily minimum temperature was below -15Â°C.,9,2,1,1,0
Colchester,1210,Census Division,tnlt15_ann,Number of Days with Minimum Temperature Below -15Â°C,days,The number of days the daily minimum temperature was below -15Â°C.,23,9,5,6,1
Cumberland,1211,Census Division,tnlt15_ann,Number of Days with Minimum Temperature Below -15Â°C,days,The number of days the daily minimum temperature was below -15Â°C.,24,9,5,6,1
Digby,1203,Census Division,tnlt15_ann,Number of Days with Minimum Temperature Below -15Â°C,days,The number of days the daily minimum temperature was below -15Â°C.,7,1,0,0,0
Guysborough,1213,Census Division,tnlt15_ann,Number of Days with Minimum Temperature Below -15Â°C,days,The number of days the daily minimum temperature was below -15Â°C.,14,4,2,2,0
Halifax,1209,Census Division,tnlt15_ann,Number of Days with Minimum Temperature Below -15Â°C,days,The number of days the daily minimum temperature was below -15Â°C.,15,4,2,2,0
Hants,1208,Census Division,tnlt15_ann,Number of Days with Minimum Temperature Below -15Â°C,days,The number of days the daily minimum temperature was below -15Â°C.,18,5,2,3,0
Inverness,1215,Census Division,tnlt15_ann,Number of Days with Minimum Temperature Below -15Â°C,days,The number of days the daily minimum temperature was below -15Â°C.,14,4,2,2,0
Kings,1207,Census Division,tnlt15_ann,Number of Days with Minimum Temperature Below -15Â°C,days,The number of days the daily minimum temperature was below -15Â°C.,17,4,2,3,0
Lunenburg,1206,Census Division,tnlt15_ann,Number of Days with Minimum Temperature Below -15Â°C,days,The number of days the daily minimum temperature was below -15Â°C.,13,3,1,1,0
Pictou,1212,Census Division,tnlt15_ann,Number of Days with Minimum Temperature Below -15Â°C,days,The number of days the daily minimum temperature was below -15Â°C.,22,8,5,5,1
Queens,1204,Census Division / Consolidated Census Subdivision,tnlt15_ann,Number of Days with Minimum Temperature Below -15Â°C,days,The number of days the daily minimum temperature was below -15Â°C.,9,2,1,1,0
Richmond,1216,Census Division / Consolidated Census Subdivision,tnlt15_ann,Number of Days with Minimum Temperature Below -15Â°C,days,The number of days the daily minimum temperature was below -15Â°C.,9,2,1,1,0
Shelburne,1201,Census Division / Consolidated Census Subdivision,tnlt15_ann,Number of Days with Minimum Temperature Below -15Â°C,days,The number of days the daily minimum temperature was below -15Â°C.,5,1,1,0,0
Victoria,1218,Census Division / Consolidated Census Subdivision,tnlt15_ann,Number of Days with Minimum Temperature Below -15Â°C,days,The number of days the daily minimum temperature was below -15Â°C.,13,4,2,2,0
Yarmouth,1202,Census Division,tnlt15_ann,Number of Days with Minimum Temperature Below -15Â°C,days,The number of days the daily minimum temperature was below -15Â°C.,4,0,0,0,0
"Annapolis, Subd. A",1205004,Consolidated Census Subdivision,tnlt15_ann,Number of Days with Minimum Temperature Below -15Â°C,days,The number of days the daily minimum temperature was below -15Â°C.,12,2,1,1,0
"Annapolis, Subd. B",1205009,Consolidated Census Subdivision,tnlt15_ann,Number of Days with Minimum Temperature Below -15Â°C,days,The number of days the daily minimum temperature was below -15Â°C.,15,3,1,1,0
"Annapolis, Subd. C",1205014,Consolidated Census Subdivision,tnlt15_ann,Number of Days with Minimum Temperature Below -15Â°C,days,The number of days the daily minimum temperature was below -15Â°C.,16,3,2,2,0
"Annapolis, Subd. D",1205001,Consolidated Census Subdivision,tnlt15_ann,Number of Days with Minimum Temperature Below -15Â°C,days,The number of days the daily minimum temperature was below -15Â°C.,13,2,1,1,0
"Antigonish, Subd. A",1214001,Consolidated Census Subdivision,tnlt15_ann,Number of Days with Minimum Temperature Below -15Â°C,days,The number of days the daily minimum temperature was below -15Â°C.,18,6,3,3,0
"Antigonish, Subd. B",1214006,Consolidated Census Subdivision,tnlt15_ann,Number of Days with Minimum Temperature Below -15Â°C,days,The number of days the daily minimum temperature was below -15Â°C.,15,4,2,3,0
Argyle,1202001,Consolidated Census Subdivision,tnlt15_ann,Number of Days with Minimum Temperature Below -15Â°C,days,The number of days the daily minimum temperature was below -15Â°C.,4,1,0,0,0
Cape Breton - Outlying Areas,1217030A,Consolidated Census Subdivision,tnlt15_ann,Number of Days with Minimum Temperature Below -15Â°C,days,The number of days the daily minimum temperature was below -15Â°C.,9,2,1,1,0
Chester,1206009,Consolidated Census Subdivision,tnlt15_ann,Number of Days with Minimum Temperature Below -15Â°C,days,The number of days the daily minimum temperature was below -15Â°C.,14,3,2,2,0
Clare,1203001,Consolidated Census Subdivision,tnlt15_ann,Number of Days with Minimum Temperature Below -15Â°C,days,The number of days the daily minimum temperature was below -15Â°C.,5,0,0,0,0
"Colchester, Subd. A",1210012,Consolidated Census Subdivision,tnlt15_ann,Number of Days with Minimum Temperature Below -15Â°C,days,The number of days the daily minimum temperature was below -15Â°C.,24,10,6,6,1
"Colchester, Subd. B",1210008,Consolidated Census Subdivision,tnlt15_ann,Number of Days with Minimum Temperature Below -15Â°C,days,The number of days the daily minimum temperature was below -15Â°C.,24,10,6,6,1
"Colchester, Subd. C",1210001,Consolidated Census Subdivision,tnlt15_ann,Number of Days with Minimum Temperature Below -15Â°C,days,The number of days the daily minimum temperature was below -15Â°C.,22,8,5,5,1
"Cumberland, Subd. A",1211001,Consolidated Census Subdivision,tnlt15_ann,Number of Days with Minimum Temperature Below -15Â°C,days,The number of days the daily minimum temperature was below -15Â°C.,24,8,4,6,1
"Cumberland, Subd. B",1211006,Consolidated Census Subdivision,tnlt15_ann,Number of Days with Minimum Temperature Below -15Â°C,days,The number of days the daily minimum temperature was below -15Â°C.,25,9,5,7,1
"Cumberland, Subd. C",1211009,Consolidated Census Subdivision,tnlt15_ann,Number of Days with Minimum Temperature Below -15Â°C,days,The number of days the daily minimum temperature was below -15Â°C.,25,10,5,7,1
"Cumberland, Subd. D",1211014,Consolidated Census Subdivision,tnlt15_ann,Number of Days with Minimum Temperature Below -15Â°C,days,The number of days the daily minimum temperature was below -15Â°C.,24,10,6,6,1
Digby,1203004,Consolidated Census Subdivision,tnlt15_ann,Number of Days with Minimum Temperature Below -15Â°C,days,The number of days the daily minimum temperature was below -15Â°C.,8,1,0,1,0
East Hants,1208008,Consolidated Census Subdivision,tnlt15_ann,Number of Days with Minimum Temperature Below -15Â°C,days,The number of days the daily minimum temperature was below -15Â°C.,18,6,3,4,0
Guysborough,1213004,Consolidated Census Subdivision,tnlt15_ann,Number of Days with Minimum Temperature Below -15Â°C,days,The number of days the daily minimum temperature was below -15Â°C.,13,3,1,2,0
Halifax - Central,1209034B,Consolidated Census Subdivision,tnlt15_ann,Number of Days with Minimum Temperature Below -15Â°C,days,The number of days the daily minimum temperature was below -15Â°C.,13,3,1,1,0
Halifax - East,1209034A,Consolidated Census Subdivision,tnlt15_ann,Number of Days with Minimum Temperature Below -15Â°C,days,The number of days the daily minimum temperature was below -15Â°C.,16,5,2,3,0
Halifax - West,1209034C,Consolidated Census Subdivision,tnlt15_ann,Number of Days with Minimum Temperature Below -15Â°C,days,The number of days the daily minimum temperature was below -15Â°C.,12,2,1,1,0
"Inverness, Subd. A",1215011,Consolidated Census Subdivision,tnlt15_ann,Number of Days with Minimum Temperature Below -15Â°C,days,The number of days the daily minimum temperature was below -15Â°C.,14,4,2,2,0
"Inverness, Subd. B",1215006,Consolidated Census Subdivision,tnlt15_ann,Number of Days with Minimum Temperature Below -15Â°C,days,The number of days the daily minimum temperature was below -15Â°C.,14,4,2,2,0
"Inverness, Subd. C",1215001,Consolidated Census Subdivision,tnlt15_ann,Number of Days with Minimum Temperature Below -15Â°C,days,The number of days the daily minimum temperature was below -15Â°C.,12,3,1,2,0
"Kings, Subd. A",1207001,Consolidated Census Subdivision,tnlt15_ann,Number of Days with Minimum Temperature Below -15Â°C,days,The number of days the daily minimum temperature was below -15Â°C.,17,4,2,2,0
"Kings, Subd. B",1207016,Consolidated Census Subdivision,tnlt15_ann,Number of Days with Minimum Temperature Below -15Â°C,days,The number of days the daily minimum temperature was below -15Â°C.,18,5,2,3,0
"Kings, Subd. C",1207011,Consolidated Census Subdivision,tnlt15_ann,Number of Days with Minimum Temperature Below -15Â°C,days,The number of days the daily minimum temperature was below -15Â°C.,17,4,2,3,0
"Kings, Subd. D",1207021,Consolidated Census Subdivision,tnlt15_ann,Number of Days with Minimum Temperature Below -15Â°C,days,The number of days the daily minimum temperature was below -15Â°C.,17,4,2,3,0
Lunenburg,1206001,Consolidated Census Subdivision,tnlt15_ann,Number of Days with Minimum Temperature Below -15Â°C,days,The number of days the daily minimum temperature was below -15Â°C.,12,3,1,1,0
"Pictou, Subd. A",1212001,Consolidated Census Subdivision,tnlt15_ann,Number of Days with Minimum Temperature Below -15Â°C,days,The number of days the daily minimum temperature was below -15Â°C.,22,9,5,5,1
"Pictou, Subd. B",1212006,Consolidated Census Subdivision,tnlt15_ann,Number of Days with Minimum Temperature Below -15Â°C,days,The number of days the daily minimum temperature was below -15Â°C.,22,9,5,5,1
"Pictou, Subd. C",1212011,Consolidated Census Subdivision,tnlt15_ann,Number of Days with Minimum Temperature Below -15Â°C,days,The number of days the daily minimum temperature was below -15Â°C.,21,8,4,5,1
St. Mary's,1213001,Consolidated Census Subdivision,tnlt15_ann,Number of Days with Minimum Temperature Below -15Â°C,days,The number of days the daily minimum temperature was below -15Â°C.,17,5,3,3,0
Sydney and Surrounds,1217030B,Consolidated Census Subdivision,tnlt15_ann,Number of Days with Minimum Temperature Below -15Â°C,days,The number of days the daily minimum temperature was below -15Â°C.,8,2,1,1,0
West Hants,1208003,Consolidated Census Subdivision,tnlt15_ann,Number of Days with Minimum Temperature Below -15Â°C,days,The number of days the daily minimum temperature was below -15Â°C.,17,4,2,3,0
Yarmouth,1202004,Consolidated Census Subdivision,tnlt15_ann,Number of Days with Minimum Temperature Below -15Â°C,days,The number of days the daily minimum temperature was below -15Â°C.,3,0,0,0,0
Nova Scotia,12,Province,tnmin_ann,Minimum Daily Temperature,Â°C,The lowest minimum temperature over the season.,-21.5,-16.6,-15.4,-15.4,-12
Annapolis,1205,Census Division,tnmin_ann,Minimum Daily Temperature,Â°C,The lowest minimum temperature over the season.,-21.2,-16.2,-15,-15.5,-11
Antigonish,1214,Census Division,tnmin_ann,Minimum Daily Temperature,Â°C,The lowest minimum temperature over the season.,-22.8,-18.1,-16.5,-16.8,-13
Cape Breton,1217,Census Division,tnmin_ann,Minimum Daily Temperature,Â°C,The lowest minimum temperature over the season.,-19.4,-15.3,-13.6,-13.9,-10.9
Colchester,1210,Census Division,tnmin_ann,Minimum Daily Temperature,Â°C,The lowest minimum temperature over the season.,-24.9,-19.8,-18.5,-18.4,-15
Cumberland,1211,Census Division,tnmin_ann,Minimum Daily Temperature,Â°C,The lowest minimum temperature over the season.,-24.9,-19.5,-18.1,-18.5,-14.8
Digby,1203,Census Division,tnmin_ann,Minimum Daily Temperature,Â°C,The lowest minimum temperature over the season.,-18.9,-14.3,-12.9,-13,-8.8
Guysborough,1213,Census Division,tnmin_ann,Minimum Daily Temperature,Â°C,The lowest minimum temperature over the season.,-22,-17.4,-16.2,-16.2,-12.4
Halifax,1209,Census Division,tnmin_ann,Minimum Daily Temperature,Â°C,The lowest minimum temperature over the season.,-22.2,-17.3,-16.1,-16.1,-12.5
Hants,1208,Census Division,tnmin_ann,Minimum Daily Temperature,Â°C,The lowest minimum temperature over the season.,-23,-17.9,-16.5,-16.7,-13
Inverness,1215,Census Division,tnmin_ann,Minimum Daily Temperature,Â°C,The lowest minimum temperature over the season.,-21.4,-17.3,-14.8,-15.6,-11.9
Kings,1207,Census Division,tnmin_ann,Minimum Daily Temperature,Â°C,The lowest minimum temperature over the season.,-22.7,-17.5,-15.9,-16.6,-12.4
Lunenburg,1206,Census Division,tnmin_ann,Minimum Daily Temperature,Â°C,The lowest minimum temperature over the season.,-21.5,-16.9,-15.5,-16,-11.9
Pictou,1212,Census Division,tnmin_ann,Minimum Daily Temperature,Â°C,The lowest minimum temperature over the season.,-24.4,-19.3,-18.1,-18.2,-14.5
Queens,1204,Census Division / Consolidated Census Subdivision,tnmin_ann,Minimum Daily Temperature,Â°C,The lowest minimum temperature over the season.,-20.7,-16.6,-15,-15.3,-11.2
Richmond,1216,Census Division / Consolidated Census Subdivision,tnmin_ann,Minimum Daily Temperature,Â°C,The lowest minimum temperature over the season.,-19.7,-15.4,-13.4,-13.8,-10.5
Shelburne,1201,Census Division / Consolidated Census Subdivision,tnmin_ann,Minimum Daily Temperature,Â°C,The lowest minimum temperature over the season.,-18.5,-14.7,-13.6,-13.8,-9.6
Victoria,1218,Census Division / Consolidated Census Subdivision,tnmin_ann,Minimum Daily Temperature,Â°C,The lowest minimum temperature over the season.,-21,-16.6,-14.6,-15.3,-11.9
Yarmouth,1202,Census Division,tnmin_ann,Minimum Daily Temperature,Â°C,The lowest minimum temperature over the season.,-17.7,-13.8,-12.6,-12.7,-8.6
"Annapolis, Subd. A",1205004,Consolidated Census Subdivision,tnmin_ann,Minimum Daily Temperature,Â°C,The lowest minimum temperature over the season.,-20.8,-15.5,-14.5,-14.7,-10.3
"Annapolis, Subd. B",1205009,Consolidated Census Subdivision,tnmin_ann,Minimum Daily Temperature,Â°C,The lowest minimum temperature over the season.,-21.7,-16.5,-15.4,-15.6,-11.3
"Annapolis, Subd. C",1205014,Consolidated Census Subdivision,tnmin_ann,Minimum Daily Temperature,Â°C,The lowest minimum temperature over the season.,-22.1,-16.9,-15.5,-16.1,-11.7
"Annapolis, Subd. D",1205001,Consolidated Census Subdivision,tnmin_ann,Minimum Daily Temperature,Â°C,The lowest minimum temperature over the season.,-21.3,-16.3,-15.1,-15.7,-11.2
"Antigonish, Subd. A",1214001,Consolidated Census Subdivision,tnmin_ann,Minimum Daily Temperature,Â°C,The lowest minimum temperature over the season.,-23.1,-18.4,-16.9,-17.1,-13.3
"Antigonish, Subd. B",1214006,Consolidated Census Subdivision,tnmin_ann,Minimum Daily Temperature,Â°C,The lowest minimum temperature over the season.,-22.2,-17.7,-16,-16.2,-12.5
Argyle,1202001,Consolidated Census Subdivision,tnmin_ann,Minimum Daily Temperature,Â°C,The lowest minimum temperature over the season.,-17.9,-14,-12.7,-12.9,-8.8
Cape Breton - Outlying Areas,1217030A,Consolidated Census Subdivision,tnmin_ann,Minimum Daily Temperature,Â°C,The lowest minimum temperature over the season.,-19.4,-15.3,-13.6,-13.9,-10.9
Chester,1206009,Consolidated Census Subdivision,tnmin_ann,Minimum Daily Temperature,Â°C,The lowest minimum temperature over the season.,-21.8,-16.9,-15.3,-16,-12
Clare,1203001,Consolidated Census Subdivision,tnmin_ann,Minimum Daily Temperature,Â°C,The lowest minimum temperature over the season.,-18,-13.4,-12.2,-12.2,-8
"Colchester, Subd. A",1210012,Consolidated Census Subdivision,tnmin_ann,Minimum Daily Temperature,Â°C,The lowest minimum temperature over the season.,-25.1,-19.8,-18.5,-18.7,-14.9
"Colchester, Subd. B",1210008,Consolidated Census Subdivision,tnmin_ann,Minimum Daily Temperature,Â°C,The lowest minimum temperature over the season.,-25.3,-20.1,-18.7,-18.8,-15.2
"Colchester, Subd. C",1210001,Consolidated Census Subdivision,tnmin_ann,Minimum Daily Temperature,Â°C,The lowest minimum temperature over the season.,-24.5,-19.6,-18.4,-18.3,-14.7
"Cumberland, Subd. A",1211001,Consolidated Census Subdivision,tnmin_ann,Minimum Daily Temperature,Â°C,The lowest minimum temperature over the season.,-24.4,-19,-17.7,-18,-13.9
"Cumberland, Subd. B",1211006,Consolidated Census Subdivision,tnmin_ann,Minimum Daily Temperature,Â°C,The lowest minimum temperature over the season.,-25,-19.6,-18.3,-18.5,-14.8
"Cumberland, Subd. C",1211009,Consolidated Census Subdivision,tnmin_ann,Minimum Daily Temperature,Â°C,The lowest minimum temperature over the season.,-25.2,-19.6,-18.1,-18.7,-14.9
"Cumberland, Subd. D",1211014,Consolidated Census Subdivision,tnmin_ann,Minimum Daily Temperature,Â°C,The lowest minimum temperature over the season.,-25.3,-20,-18.5,-18.8,-15.1
Digby,1203004,Consolidated Census Subdivision,tnmin_ann,Minimum Daily Temperature,Â°C,The lowest minimum temperature over the season.,-19.5,-14.8,-13.3,-13.5,-9.3
East Hants,1208008,Consolidated Census Subdivision,tnmin_ann,Minimum Daily Temperature,Â°C,The lowest minimum temperature over the season.,-23.4,-18.3,-17,-17.2,-13.4
Guysborough,1213004,Consolidated Census Subdivision,tnmin_ann,Minimum Daily Temperature,Â°C,The lowest minimum temperature over the season.,-21.3,-16.9,-15.2,-15.5,-11.6
Halifax - Central,1209034B,Consolidated Census Subdivision,tnmin_ann,Minimum Daily Temperature,Â°C,The lowest minimum temperature over the season.,-21.2,-16.3,-15.1,-15.2,-11.6
Halifax - East,1209034A,Consolidated Census Subdivision,tnmin_ann,Minimum Daily Temperature,Â°C,The lowest minimum temperature over the season.,-22.7,-17.8,-16.6,-16.6,-13.1
Halifax - West,1209034C,Consolidated Census Subdivision,tnmin_ann,Minimum Daily Temperature,Â°C,The lowest minimum temperature over the season.,-21.1,-16.2,-15,-15.2,-11.5
"Inverness, Subd. A",1215011,Consolidated Census Subdivision,tnmin_ann,Minimum Daily Temperature,Â°C,The lowest minimum temperature over the season.,-21.6,-17.3,-15,-15.7,-11.9
"Inverness, Subd. B",1215006,Consolidated Census Subdivision,tnmin_ann,Minimum Daily Temperature,Â°C,The lowest minimum temperature over the season.,-21.7,-17.4,-15.3,-15.9,-12.2
"Inverness, Subd. C",1215001,Consolidated Census Subdivision,tnmin_ann,Minimum Daily Temperature,Â°C,The lowest minimum temperature over the season.,-21.3,-16.9,-15,-15.2,-11.7
"Kings, Subd. A",1207001,Consolidated Census Subdivision,tnmin_ann,Minimum Daily Temperature,Â°C,The lowest minimum temperature over the season.,-22.5,-17.4,-15.8,-16.5,-12.2
"Kings, Subd. B",1207016,Consolidated Census Subdivision,tnmin_ann,Minimum Daily Temperature,Â°C,The lowest minimum temperature over the season.,-23.2,-17.9,-16.6,-16.9,-12.8
"Kings, Subd. C",1207011,Consolidated Census Subdivision,tnmin_ann,Minimum Daily Temperature,Â°C,The lowest minimum temperature over the season.,-22.7,-17.6,-16.1,-16.6,-12.4
"Kings, Subd. D",1207021,Consolidated Census Subdivision,tnmin_ann,Minimum Daily Temperature,Â°C,The lowest minimum temperature over the season.,-22.9,-17.8,-16.1,-16.7,-12.6
Lunenburg,1206001,Consolidated Census Subdivision,tnmin_ann,Minimum Daily Temperature,Â°C,The lowest minimum temperature over the season.,-21.4,-16.9,-15.4,-15.9,-11.8
"Pictou, Subd. A",1212001,Consolidated Census Subdivision,tnmin_ann,Minimum Daily Temperature,Â°C,The lowest minimum temperature over the season.,-24.5,-19.4,-18.1,-18.4,-14.6
"Pictou, Subd. B",1212006,Consolidated Census Subdivision,tnmin_ann,Minimum Daily Temperature,Â°C,The lowest minimum temperature over the season.,-24.8,-19.7,-18.6,-18.6,-14.9
"Pictou, Subd. C",1212011,Consolidated Census Subdivision,tnmin_ann,Minimum Daily Temperature,Â°C,The lowest minimum temperature over the season.,-24.1,-19.2,-17.9,-18,-14.3
St. Mary's,1213001,Consolidated Census Subdivision,tnmin_ann,Minimum Daily Temperature,Â°C,The lowest minimum temperature over the season.,-23,-18.3,-17.2,-17.2,-13.3
Sydney and Surrounds,1217030B,Consolidated Census Subdivision,tnmin_ann,Minimum Daily Temperature,Â°C,The lowest minimum temperature over the season.,-19.3,-15.4,-13.6,-14.1,-10.9
West Hants,1208003,Consolidated Census Subdivision,tnmin_ann,Minimum Daily Temperature,Â°C,The lowest minimum temperature over the season.,-22.6,-17.5,-15.9,-16.4,-12.4
Yarmouth,1202004,Consolidated Census Subdivision,tnmin_ann,Minimum Daily Temperature,Â°C,The lowest minimum temperature over the season.,-17.2,-13.3,-12.2,-12.3,-8
Nova Scotia,12,Province,tr16,Number of Tropical Nights,days,The number of days when the minimum temperature was above 16Â°C.,12,32,41,43,68
Annapolis,1205,Census Division,tr16,Number of Tropical Nights,days,The number of days when the minimum temperature was above 16Â°C.,12,31,40,42,69
Antigonish,1214,Census Division,tr16,Number of Tropical Nights,days,The number of days when the minimum temperature was above 16Â°C.,14,35,43,45,68
Cape Breton,1217,Census Division,tr16,Number of Tropical Nights,days,The number of days when the minimum temperature was above 16Â°C.,13,35,42,46,71
Colchester,1210,Census Division,tr16,Number of Tropical Nights,days,The number of days when the minimum temperature was above 16Â°C.,14,35,43,44,68
Cumberland,1211,Census Division,tr16,Number of Tropical Nights,days,The number of days when the minimum temperature was above 16Â°C.,15,35,45,47,71
Digby,1203,Census Division,tr16,Number of Tropical Nights,days,The number of days when the minimum temperature was above 16Â°C.,6,26,37,40,70
Guysborough,1213,Census Division,tr16,Number of Tropical Nights,days,The number of days when the minimum temperature was above 16Â°C.,12,33,41,42,67
Halifax,1209,Census Division,tr16,Number of Tropical Nights,days,The number of days when the minimum temperature was above 16Â°C.,12,33,43,44,69
Hants,1208,Census Division,tr16,Number of Tropical Nights,days,The number of days when the minimum temperature was above 16Â°C.,15,36,45,47,72
Inverness,1215,Census Division,tr16,Number of Tropical Nights,days,The number of days when the minimum temperature was above 16Â°C.,12,33,39,42,66
Kings,1207,Census Division,tr16,Number of Tropical Nights,days,The number of days when the minimum temperature was above 16Â°C.,14,33,42,44,70
Lunenburg,1206,Census Division,tr16,Number of Tropical Nights,days,The number of days when the minimum temperature was above 16Â°C.,14,35,44,46,71
Pictou,1212,Census Division,tr16,Number of Tropical Nights,days,The number of days when the minimum temperature was above 16Â°C.,15,35,44,44,68
Queens,1204,Census Division / Consolidated Census Subdivision,tr16,Number of Tropical Nights,days,The number of days when the minimum temperature was above 16Â°C.,10,32,41,43,71
Richmond,1216,Census Division / Consolidated Census Subdivision,tr16,Number of Tropical Nights,days,The number of days when the minimum temperature was above 16Â°C.,13,36,44,47,72
Shelburne,1201,Census Division / Consolidated Census Subdivision,tr16,Number of Tropical Nights,days,The number of days when the minimum temperature was above 16Â°C.,4,24,33,35,69
Victoria,1218,Census Division / Consolidated Census Subdivision,tr16,Number of Tropical Nights,days,The number of days when the minimum temperature was above 16Â°C.,11,30,36,39,63
Yarmouth,1202,Census Division,tr16,Number of Tropical Nights,days,The number of days when the minimum temperature was above 16Â°C.,4,25,35,37,71
"Annapolis, Subd. A",1205004,Consolidated Census Subdivision,tr16,Number of Tropical Nights,days,The number of days when the minimum temperature was above 16Â°C.,10,31,40,42,70
"Annapolis, Subd. B",1205009,Consolidated Census Subdivision,tr16,Number of Tropical Nights,days,The number of days when the minimum temperature was above 16Â°C.,12,32,41,43,70
"Annapolis, Subd. C",1205014,Consolidated Census Subdivision,tr16,Number of Tropical Nights,days,The number of days when the minimum temperature was above 16Â°C.,14,35,43,45,73
"Annapolis, Subd. D",1205001,Consolidated Census Subdivision,tr16,Number of Tropical Nights,days,The number of days when the minimum temperature was above 16Â°C.,12,30,39,42,68
"Antigonish, Subd. A",1214001,Consolidated Census Subdivision,tr16,Number of Tropical Nights,days,The number of days when the minimum temperature was above 16Â°C.,15,35,43,45,68
"Antigonish, Subd. B",1214006,Consolidated Census Subdivision,tr16,Number of Tropical Nights,days,The number of days when the minimum temperature was above 16Â°C.,14,35,43,45,69
Argyle,1202001,Consolidated Census Subdivision,tr16,Number of Tropical Nights,days,The number of days when the minimum temperature was above 16Â°C.,4,24,34,37,70
Cape Breton - Outlying Areas,1217030A,Consolidated Census Subdivision,tr16,Number of Tropical Nights,days,The number of days when the minimum temperature was above 16Â°C.,13,35,41,45,70
Chester,1206009,Consolidated Census Subdivision,tr16,Number of Tropical Nights,days,The number of days when the minimum temperature was above 16Â°C.,14,35,44,45,71
Clare,1203001,Consolidated Census Subdivision,tr16,Number of Tropical Nights,days,The number of days when the minimum temperature was above 16Â°C.,5,25,37,40,72
"Colchester, Subd. A",1210012,Consolidated Census Subdivision,tr16,Number of Tropical Nights,days,The number of days when the minimum temperature was above 16Â°C.,14,33,42,43,68
"Colchester, Subd. B",1210008,Consolidated Census Subdivision,tr16,Number of Tropical Nights,days,The number of days when the minimum temperature was above 16Â°C.,15,36,44,45,69
"Colchester, Subd. C",1210001,Consolidated Census Subdivision,tr16,Number of Tropical Nights,days,The number of days when the minimum temperature was above 16Â°C.,14,35,43,44,68
"Cumberland, Subd. A",1211001,Consolidated Census Subdivision,tr16,Number of Tropical Nights,days,The number of days when the minimum temperature was above 16Â°C.,13,33,42,44,70
"Cumberland, Subd. B",1211006,Consolidated Census Subdivision,tr16,Number of Tropical Nights,days,The number of days when the minimum temperature was above 16Â°C.,14,34,43,45,69
"Cumberland, Subd. C",1211009,Consolidated Census Subdivision,tr16,Number of Tropical Nights,days,The number of days when the minimum temperature was above 16Â°C.,17,38,48,50,74
"Cumberland, Subd. D",1211014,Consolidated Census Subdivision,tr16,Number of Tropical Nights,days,The number of days when the minimum temperature was above 16Â°C.,16,38,46,48,71
Digby,1203004,Consolidated Census Subdivision,tr16,Number of Tropical Nights,days,The number of days when the minimum temperature was above 16Â°C.,7,26,37,39,68
East Hants,1208008,Consolidated Census Subdivision,tr16,Number of Tropical Nights,days,The number of days when the minimum temperature was above 16Â°C.,15,36,45,47,71
Guysborough,1213004,Consolidated Census Subdivision,tr16,Number of Tropical Nights,days,The number of days when the minimum temperature was above 16Â°C.,12,33,42,43,69
Halifax - Central,1209034B,Consolidated Census Subdivision,tr16,Number of Tropical Nights,days,The number of days when the minimum temperature was above 16Â°C.,14,38,47,49,75
Halifax - East,1209034A,Consolidated Census Subdivision,tr16,Number of Tropical Nights,days,The number of days when the minimum temperature was above 16Â°C.,12,33,42,43,68
Halifax - West,1209034C,Consolidated Census Subdivision,tr16,Number of Tropical Nights,days,The number of days when the minimum temperature was above 16Â°C.,14,38,47,48,75
"Inverness, Subd. A",1215011,Consolidated Census Subdivision,tr16,Number of Tropical Nights,days,The number of days when the minimum temperature was above 16Â°C.,11,30,37,39,63
"Inverness, Subd. B",1215006,Consolidated Census Subdivision,tr16,Number of Tropical Nights,days,The number of days when the minimum temperature was above 16Â°C.,15,35,43,46,69
"Inverness, Subd. C",1215001,Consolidated Census Subdivision,tr16,Number of Tropical Nights,days,The number of days when the minimum temperature was above 16Â°C.,14,35,43,45,69
"Kings, Subd. A",1207001,Consolidated Census Subdivision,tr16,Number of Tropical Nights,days,The number of days when the minimum temperature was above 16Â°C.,14,33,42,44,70
"Kings, Subd. B",1207016,Consolidated Census Subdivision,tr16,Number of Tropical Nights,days,The number of days when the minimum temperature was above 16Â°C.,15,35,44,46,73
"Kings, Subd. C",1207011,Consolidated Census Subdivision,tr16,Number of Tropical Nights,days,The number of days when the minimum temperature was above 16Â°C.,13,32,41,43,69
"Kings, Subd. D",1207021,Consolidated Census Subdivision,tr16,Number of Tropical Nights,days,The number of days when the minimum temperature was above 16Â°C.,14,34,43,45,71
Lunenburg,1206001,Consolidated Census Subdivision,tr16,Number of Tropical Nights,days,The number of days when the minimum temperature was above 16Â°C.,14,36,44,46,72
"Pictou, Subd. A",1212001,Consolidated Census Subdivision,tr16,Number of Tropical Nights,days,The number of days when the minimum temperature was above 16Â°C.,17,38,46,47,70
"Pictou, Subd. B",1212006,Consolidated Census Subdivision,tr16,Number of Tropical Nights,days,The number of days when the minimum temperature was above 16Â°C.,15,35,43,43,67
"Pictou, Subd. C",1212011,Consolidated Census Subdivision,tr16,Number of Tropical Nights,days,The number of days when the minimum temperature was above 16Â°C.,14,35,42,44,67
St. Mary's,1213001,Consolidated Census Subdivision,tr16,Number of Tropical Nights,days,The number of days when the minimum temperature was above 16Â°C.,12,33,41,41,66
Sydney and Surrounds,1217030B,Consolidated Census Subdivision,tr16,Number of Tropical Nights,days,The number of days when the minimum temperature was above 16Â°C.,14,36,44,47,72
West Hants,1208003,Consolidated Census Subdivision,tr16,Number of Tropical Nights,days,The number of days when the minimum temperature was above 16Â°C.,15,36,45,47,72
Yarmouth,1202004,Consolidated Census Subdivision,tr16,Number of Tropical Nights,days,The number of days when the minimum temperature was above 16Â°C.,4,26,36,39,74
Nova Scotia,12,Province,txg_hh,Number of Days with Maximum Temperature Above 24.7Â°C,days,Number of days with maximum temperature above 24.7Â°C. This temperature threshold relates to heat mortality.,24,48,57,58,87
Annapolis,1205,Census Division,txg_hh,Number of Days with Maximum Temperature Above 24.7Â°C,days,Number of days with maximum temperature above 24.7Â°C. This temperature threshold relates to heat mortality.,32,60,71,72,100
Antigonish,1214,Census Division,txg_hh,Number of Days with Maximum Temperature Above 24.7Â°C,days,Number of days with maximum temperature above 24.7Â°C. This temperature threshold relates to heat mortality.,27,51,59,61,87
Cape Breton,1217,Census Division,txg_hh,Number of Days with Maximum Temperature Above 24.7Â°C,days,Number of days with maximum temperature above 24.7Â°C. This temperature threshold relates to heat mortality.,16,39,46,47,75
Colchester,1210,Census Division,txg_hh,Number of Days with Maximum Temperature Above 24.7Â°C,days,Number of days with maximum temperature above 24.7Â°C. This temperature threshold relates to heat mortality.,36,63,71,72,98
Cumberland,1211,Census Division,txg_hh,Number of Days with Maximum Temperature Above 24.7Â°C,days,Number of days with maximum temperature above 24.7Â°C. This temperature threshold relates to heat mortality.,36,65,73,75,100
Digby,1203,Census Division,txg_hh,Number of Days with Maximum Temperature Above 24.7Â°C,days,Number of days with maximum temperature above 24.7Â°C. This temperature threshold relates to heat mortality.,12,37,47,49,84
Guysborough,1213,Census Division,txg_hh,Number of Days with Maximum Temperature Above 24.7Â°C,days,Number of days with maximum temperature above 24.7Â°C. This temperature threshold relates to heat mortality.,14,40,48,51,79
Halifax,1209,Census Division,txg_hh,Number of Days with Maximum Temperature Above 24.7Â°C,days,Number of days with maximum temperature above 24.7Â°C. This temperature threshold relates to heat mortality.,23,51,60,62,90
Hants,1208,Census Division,txg_hh,Number of Days with Maximum Temperature Above 24.7Â°C,days,Number of days with maximum temperature above 24.7Â°C. This temperature threshold relates to heat mortality.,38,66,76,76,102
Inverness,1215,Census Division,txg_hh,Number of Days with Maximum Temperature Above 24.7Â°C,days,Number of days with maximum temperature above 24.7Â°C. This temperature threshold relates to heat mortality.,18,39,45,47,74
Kings,1207,Census Division,txg_hh,Number of Days with Maximum Temperature Above 24.7Â°C,days,Number of days with maximum temperature above 24.7Â°C. This temperature threshold relates to heat mortality.,39,67,77,77,103
Lunenburg,1206,Census Division,txg_hh,Number of Days with Maximum Temperature Above 24.7Â°C,days,Number of days with maximum temperature above 24.7Â°C. This temperature threshold relates to heat mortality.,35,63,74,74,101
Pictou,1212,Census Division,txg_hh,Number of Days with Maximum Temperature Above 24.7Â°C,days,Number of days with maximum temperature above 24.7Â°C. This temperature threshold relates to heat mortality.,32,57,65,66,92
Queens,1204,Census Division / Consolidated Census Subdivision,txg_hh,Number of Days with Maximum Temperature Above 24.7Â°C,days,Number of days with maximum temperature above 24.7Â°C. This temperature threshold relates to heat mortality.,25,53,64,66,95
Richmond,1216,Census Division / Consolidated Census Subdivision,txg_hh,Number of Days with Maximum Temperature Above 24.7Â°C,days,Number of days with maximum temperature above 24.7Â°C. This temperature threshold relates to heat mortality.,12,36,43,45,75
Shelburne,1201,Census Division / Consolidated Census Subdivision,txg_hh,Number of Days with Maximum Temperature Above 24.7Â°C,days,Number of days with maximum temperature above 24.7Â°C. This temperature threshold relates to heat mortality.,8,24,33,34,72
Victoria,1218,Census Division / Consolidated Census Subdivision,txg_hh,Number of Days with Maximum Temperature Above 24.7Â°C,days,Number of days with maximum temperature above 24.7Â°C. This temperature threshold relates to heat mortality.,15,35,40,42,68
Yarmouth,1202,Census Division,txg_hh,Number of Days with Maximum Temperature Above 24.7Â°C,days,Number of days with maximum temperature above 24.7Â°C. This temperature threshold relates to heat mortality.,5,21,31,33,73
"Annapolis, Subd. A",1205004,Consolidated Census Subdivision,txg_hh,Number of Days with Maximum Temperature Above 24.7Â°C,days,Number of days with maximum temperature above 24.7Â°C. This temperature threshold relates to heat mortality.,27,57,68,68,98
"Annapolis, Subd. B",1205009,Consolidated Census Subdivision,txg_hh,Number of Days with Maximum Temperature Above 24.7Â°C,days,Number of days with maximum temperature above 24.7Â°C. This temperature threshold relates to heat mortality.,34,63,73,74,102
"Annapolis, Subd. C",1205014,Consolidated Census Subdivision,txg_hh,Number of Days with Maximum Temperature Above 24.7Â°C,days,Number of days with maximum temperature above 24.7Â°C. This temperature threshold relates to heat mortality.,39,68,78,79,105
"Annapolis, Subd. D",1205001,Consolidated Census Subdivision,txg_hh,Number of Days with Maximum Temperature Above 24.7Â°C,days,Number of days with maximum temperature above 24.7Â°C. This temperature threshold relates to heat mortality.,32,59,71,71,99
"Antigonish, Subd. A",1214001,Consolidated Census Subdivision,txg_hh,Number of Days with Maximum Temperature Above 24.7Â°C,days,Number of days with maximum temperature above 24.7Â°C. This temperature threshold relates to heat mortality.,28,53,60,62,88
"Antigonish, Subd. B",1214006,Consolidated Census Subdivision,txg_hh,Number of Days with Maximum Temperature Above 24.7Â°C,days,Number of days with maximum temperature above 24.7Â°C. This temperature threshold relates to heat mortality.,24,49,57,59,86
Argyle,1202001,Consolidated Census Subdivision,txg_hh,Number of Days with Maximum Temperature Above 24.7Â°C,days,Number of days with maximum temperature above 24.7Â°C. This temperature threshold relates to heat mortality.,6,22,32,34,74
Cape Breton - Outlying Areas,1217030A,Consolidated Census Subdivision,txg_hh,Number of Days with Maximum Temperature Above 24.7Â°C,days,Number of days with maximum temperature above 24.7Â°C. This temperature threshold relates to heat mortality.,16,38,46,47,74
Chester,1206009,Consolidated Census Subdivision,txg_hh,Number of Days with Maximum Temperature Above 24.7Â°C,days,Number of days with maximum temperature above 24.7Â°C. This temperature threshold relates to heat mortality.,36,63,74,74,101
Clare,1203001,Consolidated Census Subdivision,txg_hh,Number of Days with Maximum Temperature Above 24.7Â°C,days,Number of days with maximum temperature above 24.7Â°C. This temperature threshold relates to heat mortality.,7,28,38,40,77
"Colchester, Subd. A",1210012,Consolidated Census Subdivision,txg_hh,Number of Days with Maximum Temperature Above 24.7Â°C,days,Number of days with maximum temperature above 24.7Â°C. This temperature threshold relates to heat mortality.,35,63,71,72,98
"Colchester, Subd. B",1210008,Consolidated Census Subdivision,txg_hh,Number of Days with Maximum Temperature Above 24.7Â°C,days,Number of days with maximum temperature above 24.7Â°C. This temperature threshold relates to heat mortality.,36,64,71,72,97
"Colchester, Subd. C",1210001,Consolidated Census Subdivision,txg_hh,Number of Days with Maximum Temperature Above 24.7Â°C,days,Number of days with maximum temperature above 24.7Â°C. This temperature threshold relates to heat mortality.,35,63,72,72,99
"Cumberland, Subd. A",1211001,Consolidated Census Subdivision,txg_hh,Number of Days with Maximum Temperature Above 24.7Â°C,days,Number of days with maximum temperature above 24.7Â°C. This temperature threshold relates to heat mortality.,35,64,73,75,101
"Cumberland, Subd. B",1211006,Consolidated Census Subdivision,txg_hh,Number of Days with Maximum Temperature Above 24.7Â°C,days,Number of days with maximum temperature above 24.7Â°C. This temperature threshold relates to heat mortality.,35,63,72,73,99
"Cumberland, Subd. C",1211009,Consolidated Census Subdivision,txg_hh,Number of Days with Maximum Temperature Above 24.7Â°C,days,Number of days with maximum temperature above 24.7Â°C. This temperature threshold relates to heat mortality.,38,67,75,76,101
"Cumberland, Subd. D",1211014,Consolidated Census Subdivision,txg_hh,Number of Days with Maximum Temperature Above 24.7Â°C,days,Number of days with maximum temperature above 24.7Â°C. This temperature threshold relates to heat mortality.,38,65,73,74,99
Digby,1203004,Consolidated Census Subdivision,txg_hh,Number of Days with Maximum Temperature Above 24.7Â°C,days,Number of days with maximum temperature above 24.7Â°C. This temperature threshold relates to heat mortality.,14,42,52,54,87
East Hants,1208008,Consolidated Census Subdivision,txg_hh,Number of Days with Maximum Temperature Above 24.7Â°C,days,Number of days with maximum temperature above 24.7Â°C. This temperature threshold relates to heat mortality.,38,66,75,76,102
Guysborough,1213004,Consolidated Census Subdivision,txg_hh,Number of Days with Maximum Temperature Above 24.7Â°C,days,Number of days with maximum temperature above 24.7Â°C. This temperature threshold relates to heat mortality.,12,36,43,46,76
Halifax - Central,1209034B,Consolidated Census Subdivision,txg_hh,Number of Days with Maximum Temperature Above 24.7Â°C,days,Number of days with maximum temperature above 24.7Â°C. This temperature threshold relates to heat mortality.,27,55,65,66,94
Halifax - East,1209034A,Consolidated Census Subdivision,txg_hh,Number of Days with Maximum Temperature Above 24.7Â°C,days,Number of days with maximum temperature above 24.7Â°C. This temperature threshold relates to heat mortality.,22,51,60,61,89
Halifax - West,1209034C,Consolidated Census Subdivision,txg_hh,Number of Days with Maximum Temperature Above 24.7Â°C,days,Number of days with maximum temperature above 24.7Â°C. This temperature threshold relates to heat mortality.,28,57,66,67,95
"Inverness, Subd. A",1215011,Consolidated Census Subdivision,txg_hh,Number of Days with Maximum Temperature Above 24.7Â°C,days,Number of days with maximum temperature above 24.7Â°C. This temperature threshold relates to heat mortality.,15,35,40,43,67
"Inverness, Subd. B",1215006,Consolidated Census Subdivision,txg_hh,Number of Days with Maximum Temperature Above 24.7Â°C,days,Number of days with maximum temperature above 24.7Â°C. This temperature threshold relates to heat mortality.,23,47,53,55,81
"Inverness, Subd. C",1215001,Consolidated Census Subdivision,txg_hh,Number of Days with Maximum Temperature Above 24.7Â°C,days,Number of days with maximum temperature above 24.7Â°C. This temperature threshold relates to heat mortality.,20,44,51,53,80
"Kings, Subd. A",1207001,Consolidated Census Subdivision,txg_hh,Number of Days with Maximum Temperature Above 24.7Â°C,days,Number of days with maximum temperature above 24.7Â°C. This temperature threshold relates to heat mortality.,39,67,76,77,103
"Kings, Subd. B",1207016,Consolidated Census Subdivision,txg_hh,Number of Days with Maximum Temperature Above 24.7Â°C,days,Number of days with maximum temperature above 24.7Â°C. This temperature threshold relates to heat mortality.,41,69,79,80,105
"Kings, Subd. C",1207011,Consolidated Census Subdivision,txg_hh,Number of Days with Maximum Temperature Above 24.7Â°C,days,Number of days with maximum temperature above 24.7Â°C. This temperature threshold relates to heat mortality.,37,65,75,75,101
"Kings, Subd. D",1207021,Consolidated Census Subdivision,txg_hh,Number of Days with Maximum Temperature Above 24.7Â°C,days,Number of days with maximum temperature above 24.7Â°C. This temperature threshold relates to heat mortality.,39,68,77,78,104
Lunenburg,1206001,Consolidated Census Subdivision,txg_hh,Number of Days with Maximum Temperature Above 24.7Â°C,days,Number of days with maximum temperature above 24.7Â°C. This temperature threshold relates to heat mortality.,35,63,74,75,102
"Pictou, Subd. A",1212001,Consolidated Census Subdivision,txg_hh,Number of Days with Maximum Temperature Above 24.7Â°C,days,Number of days with maximum temperature above 24.7Â°C. This temperature threshold relates to heat mortality.,36,62,69,70,96
"Pictou, Subd. B",1212006,Consolidated Census Subdivision,txg_hh,Number of Days with Maximum Temperature Above 24.7Â°C,days,Number of days with maximum temperature above 24.7Â°C. This temperature threshold relates to heat mortality.,32,58,66,67,93
"Pictou, Subd. C",1212011,Consolidated Census Subdivision,txg_hh,Number of Days with Maximum Temperature Above 24.7Â°C,days,Number of days with maximum temperature above 24.7Â°C. This temperature threshold relates to heat mortality.,29,54,62,63,90
St. Mary's,1213001,Consolidated Census Subdivision,txg_hh,Number of Days with Maximum Temperature Above 24.7Â°C,days,Number of days with maximum temperature above 24.7Â°C. This temperature threshold relates to heat mortality.,18,45,53,55,84
Sydney and Surrounds,1217030B,Consolidated Census Subdivision,txg_hh,Number of Days with Maximum Temperature Above 24.7Â°C,days,Number of days with maximum temperature above 24.7Â°C. This temperature threshold relates to heat mortality.,20,43,50,51,78
West Hants,1208003,Consolidated Census Subdivision,txg_hh,Number of Days with Maximum Temperature Above 24.7Â°C,days,Number of days with maximum temperature above 24.7Â°C. This temperature threshold relates to heat mortality.,39,67,77,77,103
Yarmouth,1202004,Consolidated Census Subdivision,txg_hh,Number of Days with Maximum Temperature Above 24.7Â°C,days,Number of days with maximum temperature above 24.7Â°C. This temperature threshold relates to heat mortality.,4,20,29,32,72
Nova Scotia,12,Province,txg_lp,Number of Days with Maximum Temperature Above 26.7Â°C,days,Number of days with maximum temperature above 26.7Â°C. This temperature threshold relates to labour productivity.,9,26,32,33,61
Annapolis,1205,Census Division,txg_lp,Number of Days with Maximum Temperature Above 26.7Â°C,days,Number of days with maximum temperature above 26.7Â°C. This temperature threshold relates to labour productivity.,13,35,43,44,74
Antigonish,1214,Census Division,txg_lp,Number of Days with Maximum Temperature Above 26.7Â°C,days,Number of days with maximum temperature above 26.7Â°C. This temperature threshold relates to labour productivity.,11,29,35,37,63
Cape Breton,1217,Census Division,txg_lp,Number of Days with Maximum Temperature Above 26.7Â°C,days,Number of days with maximum temperature above 26.7Â°C. This temperature threshold relates to labour productivity.,5,18,22,24,49
Colchester,1210,Census Division,txg_lp,Number of Days with Maximum Temperature Above 26.7Â°C,days,Number of days with maximum temperature above 26.7Â°C. This temperature threshold relates to labour productivity.,16,40,45,48,74
Cumberland,1211,Census Division,txg_lp,Number of Days with Maximum Temperature Above 26.7Â°C,days,Number of days with maximum temperature above 26.7Â°C. This temperature threshold relates to labour productivity.,16,40,46,50,76
Digby,1203,Census Division,txg_lp,Number of Days with Maximum Temperature Above 26.7Â°C,days,Number of days with maximum temperature above 26.7Â°C. This temperature threshold relates to labour productivity.,2,13,19,20,53
Guysborough,1213,Census Division,txg_lp,Number of Days with Maximum Temperature Above 26.7Â°C,days,Number of days with maximum temperature above 26.7Â°C. This temperature threshold relates to labour productivity.,4,17,22,25,53
Halifax,1209,Census Division,txg_lp,Number of Days with Maximum Temperature Above 26.7Â°C,days,Number of days with maximum temperature above 26.7Â°C. This temperature threshold relates to labour productivity.,8,26,33,35,64
Hants,1208,Census Division,txg_lp,Number of Days with Maximum Temperature Above 26.7Â°C,days,Number of days with maximum temperature above 26.7Â°C. This temperature threshold relates to labour productivity.,17,42,48,51,78
Inverness,1215,Census Division,txg_lp,Number of Days with Maximum Temperature Above 26.7Â°C,days,Number of days with maximum temperature above 26.7Â°C. This temperature threshold relates to labour productivity.,6,20,25,27,50
Kings,1207,Census Division,txg_lp,Number of Days with Maximum Temperature Above 26.7Â°C,days,Number of days with maximum temperature above 26.7Â°C. This temperature threshold relates to labour productivity.,18,43,49,52,79
Lunenburg,1206,Census Division,txg_lp,Number of Days with Maximum Temperature Above 26.7Â°C,days,Number of days with maximum temperature above 26.7Â°C. This temperature threshold relates to labour productivity.,16,37,46,47,76
Pictou,1212,Census Division,txg_lp,Number of Days with Maximum Temperature Above 26.7Â°C,days,Number of days with maximum temperature above 26.7Â°C. This temperature threshold relates to labour productivity.,14,36,40,43,68
Queens,1204,Census Division / Consolidated Census Subdivision,txg_lp,Number of Days with Maximum Temperature Above 26.7Â°C,days,Number of days with maximum temperature above 26.7Â°C. This temperature threshold relates to labour productivity.,10,26,34,35,67
Richmond,1216,Census Division / Consolidated Census Subdivision,txg_lp,Number of Days with Maximum Temperature Above 26.7Â°C,days,Number of days with maximum temperature above 26.7Â°C. This temperature threshold relates to labour productivity.,3,14,18,21,48
Shelburne,1201,Census Division / Consolidated Census Subdivision,txg_lp,Number of Days with Maximum Temperature Above 26.7Â°C,days,Number of days with maximum temperature above 26.7Â°C. This temperature threshold relates to labour productivity.,2,8,11,12,39
Victoria,1218,Census Division / Consolidated Census Subdivision,txg_lp,Number of Days with Maximum Temperature Above 26.7Â°C,days,Number of days with maximum temperature above 26.7Â°C. This temperature threshold relates to labour productivity.,5,17,20,22,44
Yarmouth,1202,Census Division,txg_lp,Number of Days with Maximum Temperature Above 26.7Â°C,days,Number of days with maximum temperature above 26.7Â°C. This temperature threshold relates to labour productivity.,1,6,9,11,39
"Annapolis, Subd. A",1205004,Consolidated Census Subdivision,txg_lp,Number of Days with Maximum Temperature Above 26.7Â°C,days,Number of days with maximum temperature above 26.7Â°C. This temperature threshold relates to labour productivity.,9,30,38,40,71
"Annapolis, Subd. B",1205009,Consolidated Census Subdivision,txg_lp,Number of Days with Maximum Temperature Above 26.7Â°C,days,Number of days with maximum temperature above 26.7Â°C. This temperature threshold relates to labour productivity.,14,38,46,47,76
"Annapolis, Subd. C",1205014,Consolidated Census Subdivision,txg_lp,Number of Days with Maximum Temperature Above 26.7Â°C,days,Number of days with maximum temperature above 26.7Â°C. This temperature threshold relates to labour productivity.,18,43,51,53,80
"Annapolis, Subd. D",1205001,Consolidated Census Subdivision,txg_lp,Number of Days with Maximum Temperature Above 26.7Â°C,days,Number of days with maximum temperature above 26.7Â°C. This temperature threshold relates to labour productivity.,13,35,42,44,72
"Antigonish, Subd. A",1214001,Consolidated Census Subdivision,txg_lp,Number of Days with Maximum Temperature Above 26.7Â°C,days,Number of days with maximum temperature above 26.7Â°C. This temperature threshold relates to labour productivity.,12,31,36,39,64
"Antigonish, Subd. B",1214006,Consolidated Census Subdivision,txg_lp,Number of Days with Maximum Temperature Above 26.7Â°C,days,Number of days with maximum temperature above 26.7Â°C. This temperature threshold relates to labour productivity.,9,26,32,35,61
Argyle,1202001,Consolidated Census Subdivision,txg_lp,Number of Days with Maximum Temperature Above 26.7Â°C,days,Number of days with maximum temperature above 26.7Â°C. This temperature threshold relates to labour productivity.,1,6,10,11,39
Cape Breton - Outlying Areas,1217030A,Consolidated Census Subdivision,txg_lp,Number of Days with Maximum Temperature Above 26.7Â°C,days,Number of days with maximum temperature above 26.7Â°C. This temperature threshold relates to labour productivity.,5,18,21,24,49
Chester,1206009,Consolidated Census Subdivision,txg_lp,Number of Days with Maximum Temperature Above 26.7Â°C,days,Number of days with maximum temperature above 26.7Â°C. This temperature threshold relates to labour productivity.,16,39,46,48,76
Clare,1203001,Consolidated Census Subdivision,txg_lp,Number of Days with Maximum Temperature Above 26.7Â°C,days,Number of days with maximum temperature above 26.7Â°C. This temperature threshold relates to labour productivity.,1,8,12,13,45
"Colchester, Subd. A",1210012,Consolidated Census Subdivision,txg_lp,Number of Days with Maximum Temperature Above 26.7Â°C,days,Number of days with maximum temperature above 26.7Â°C. This temperature threshold relates to labour productivity.,15,39,44,48,74
"Colchester, Subd. B",1210008,Consolidated Census Subdivision,txg_lp,Number of Days with Maximum Temperature Above 26.7Â°C,days,Number of days with maximum temperature above 26.7Â°C. This temperature threshold relates to labour productivity.,17,41,45,48,74
"Colchester, Subd. C",1210001,Consolidated Census Subdivision,txg_lp,Number of Days with Maximum Temperature Above 26.7Â°C,days,Number of days with maximum temperature above 26.7Â°C. This temperature threshold relates to labour productivity.,16,40,45,47,75
"Cumberland, Subd. A",1211001,Consolidated Census Subdivision,txg_lp,Number of Days with Maximum Temperature Above 26.7Â°C,days,Number of days with maximum temperature above 26.7Â°C. This temperature threshold relates to labour productivity.,14,39,46,49,76
"Cumberland, Subd. B",1211006,Consolidated Census Subdivision,txg_lp,Number of Days with Maximum Temperature Above 26.7Â°C,days,Number of days with maximum temperature above 26.7Â°C. This temperature threshold relates to labour productivity.,15,39,45,49,75
"Cumberland, Subd. C",1211009,Consolidated Census Subdivision,txg_lp,Number of Days with Maximum Temperature Above 26.7Â°C,days,Number of days with maximum temperature above 26.7Â°C. This temperature threshold relates to labour productivity.,18,42,48,52,77
"Cumberland, Subd. D",1211014,Consolidated Census Subdivision,txg_lp,Number of Days with Maximum Temperature Above 26.7Â°C,days,Number of days with maximum temperature above 26.7Â°C. This temperature threshold relates to labour productivity.,18,42,47,51,76
Digby,1203004,Consolidated Census Subdivision,txg_lp,Number of Days with Maximum Temperature Above 26.7Â°C,days,Number of days with maximum temperature above 26.7Â°C. This temperature threshold relates to labour productivity.,3,16,23,24,57
East Hants,1208008,Consolidated Census Subdivision,txg_lp,Number of Days with Maximum Temperature Above 26.7Â°C,days,Number of days with maximum temperature above 26.7Â°C. This temperature threshold relates to labour productivity.,17,42,47,50,78
Guysborough,1213004,Consolidated Census Subdivision,txg_lp,Number of Days with Maximum Temperature Above 26.7Â°C,days,Number of days with maximum temperature above 26.7Â°C. This temperature threshold relates to labour productivity.,3,14,18,22,49
Halifax - Central,1209034B,Consolidated Census Subdivision,txg_lp,Number of Days with Maximum Temperature Above 26.7Â°C,days,Number of days with maximum temperature above 26.7Â°C. This temperature threshold relates to labour productivity.,10,30,37,39,68
Halifax - East,1209034A,Consolidated Census Subdivision,txg_lp,Number of Days with Maximum Temperature Above 26.7Â°C,days,Number of days with maximum temperature above 26.7Â°C. This temperature threshold relates to labour productivity.,7,25,32,34,63
Halifax - West,1209034C,Consolidated Census Subdivision,txg_lp,Number of Days with Maximum Temperature Above 26.7Â°C,days,Number of days with maximum temperature above 26.7Â°C. This temperature threshold relates to labour productivity.,11,31,38,40,69
"Inverness, Subd. A",1215011,Consolidated Census Subdivision,txg_lp,Number of Days with Maximum Temperature Above 26.7Â°C,days,Number of days with maximum temperature above 26.7Â°C. This temperature threshold relates to labour productivity.,5,17,21,23,44
"Inverness, Subd. B",1215006,Consolidated Census Subdivision,txg_lp,Number of Days with Maximum Temperature Above 26.7Â°C,days,Number of days with maximum temperature above 26.7Â°C. This temperature threshold relates to labour productivity.,10,26,31,34,57
"Inverness, Subd. C",1215001,Consolidated Census Subdivision,txg_lp,Number of Days with Maximum Temperature Above 26.7Â°C,days,Number of days with maximum temperature above 26.7Â°C. This temperature threshold relates to labour productivity.,7,23,28,30,55
"Kings, Subd. A",1207001,Consolidated Census Subdivision,txg_lp,Number of Days with Maximum Temperature Above 26.7Â°C,days,Number of days with maximum temperature above 26.7Â°C. This temperature threshold relates to labour productivity.,18,42,49,52,78
"Kings, Subd. B",1207016,Consolidated Census Subdivision,txg_lp,Number of Days with Maximum Temperature Above 26.7Â°C,days,Number of days with maximum temperature above 26.7Â°C. This temperature threshold relates to labour productivity.,19,44,51,54,81
"Kings, Subd. C",1207011,Consolidated Census Subdivision,txg_lp,Number of Days with Maximum Temperature Above 26.7Â°C,days,Number of days with maximum temperature above 26.7Â°C. This temperature threshold relates to labour productivity.,17,41,47,51,77
"Kings, Subd. D",1207021,Consolidated Census Subdivision,txg_lp,Number of Days with Maximum Temperature Above 26.7Â°C,days,Number of days with maximum temperature above 26.7Â°C. This temperature threshold relates to labour productivity.,19,43,50,53,79
Lunenburg,1206001,Consolidated Census Subdivision,txg_lp,Number of Days with Maximum Temperature Above 26.7Â°C,days,Number of days with maximum temperature above 26.7Â°C. This temperature threshold relates to labour productivity.,16,37,46,47,76
"Pictou, Subd. A",1212001,Consolidated Census Subdivision,txg_lp,Number of Days with Maximum Temperature Above 26.7Â°C,days,Number of days with maximum temperature above 26.7Â°C. This temperature threshold relates to labour productivity.,17,40,44,47,72
"Pictou, Subd. B",1212006,Consolidated Census Subdivision,txg_lp,Number of Days with Maximum Temperature Above 26.7Â°C,days,Number of days with maximum temperature above 26.7Â°C. This temperature threshold relates to labour productivity.,14,36,41,43,69
"Pictou, Subd. C",1212011,Consolidated Census Subdivision,txg_lp,Number of Days with Maximum Temperature Above 26.7Â°C,days,Number of days with maximum temperature above 26.7Â°C. This temperature threshold relates to labour productivity.,12,33,38,40,65
St. Mary's,1213001,Consolidated Census Subdivision,txg_lp,Number of Days with Maximum Temperature Above 26.7Â°C,days,Number of days with maximum temperature above 26.7Â°C. This temperature threshold relates to labour productivity.,5,20,26,29,57
Sydney and Surrounds,1217030B,Consolidated Census Subdivision,txg_lp,Number of Days with Maximum Temperature Above 26.7Â°C,days,Number of days with maximum temperature above 26.7Â°C. This temperature threshold relates to labour productivity.,7,22,26,28,53
West Hants,1208003,Consolidated Census Subdivision,txg_lp,Number of Days with Maximum Temperature Above 26.7Â°C,days,Number of days with maximum temperature above 26.7Â°C. This temperature threshold relates to labour productivity.,18,43,49,52,79
Yarmouth,1202004,Consolidated Census Subdivision,txg_lp,Number of Days with Maximum Temperature Above 26.7Â°C,days,Number of days with maximum temperature above 26.7Â°C. This temperature threshold relates to labour productivity.,1,5,8,9,37
Nova Scotia,12,Province,txgt29,Number of Days with Maximum Temperature Above 29Â°C,days,Number of days with maximum temperature above 29Â°C. This temperature threshold relates to heat warnings.,2,9,12,12,32
Annapolis,1205,Census Division,txgt29,Number of Days with Maximum Temperature Above 29Â°C,days,Number of days with maximum temperature above 29Â°C. This temperature threshold relates to heat warnings.,3,12,17,17,43
Antigonish,1214,Census Division,txgt29,Number of Days with Maximum Temperature Above 29Â°C,days,Number of days with maximum temperature above 29Â°C. This temperature threshold relates to heat warnings.,2,10,14,15,35
Cape Breton,1217,Census Division,txgt29,Number of Days with Maximum Temperature Above 29Â°C,days,Number of days with maximum temperature above 29Â°C. This temperature threshold relates to heat warnings.,1,5,6,7,23
Colchester,1210,Census Division,txgt29,Number of Days with Maximum Temperature Above 29Â°C,days,Number of days with maximum temperature above 29Â°C. This temperature threshold relates to heat warnings.,4,15,21,22,45
Cumberland,1211,Census Division,txgt29,Number of Days with Maximum Temperature Above 29Â°C,days,Number of days with maximum temperature above 29Â°C. This temperature threshold relates to heat warnings.,3,14,21,22,46
Digby,1203,Census Division,txgt29,Number of Days with Maximum Temperature Above 29Â°C,days,Number of days with maximum temperature above 29Â°C. This temperature threshold relates to heat warnings.,0,2,4,4,20
Guysborough,1213,Census Division,txgt29,Number of Days with Maximum Temperature Above 29Â°C,days,Number of days with maximum temperature above 29Â°C. This temperature threshold relates to heat warnings.,1,4,5,6,23
Halifax,1209,Census Division,txgt29,Number of Days with Maximum Temperature Above 29Â°C,days,Number of days with maximum temperature above 29Â°C. This temperature threshold relates to heat warnings.,2,8,10,11,33
Hants,1208,Census Division,txgt29,Number of Days with Maximum Temperature Above 29Â°C,days,Number of days with maximum temperature above 29Â°C. This temperature threshold relates to heat warnings.,4,16,22,23,48
Inverness,1215,Census Division,txgt29,Number of Days with Maximum Temperature Above 29Â°C,days,Number of days with maximum temperature above 29Â°C. This temperature threshold relates to heat warnings.,1,6,8,9,26
Kings,1207,Census Division,txgt29,Number of Days with Maximum Temperature Above 29Â°C,days,Number of days with maximum temperature above 29Â°C. This temperature threshold relates to heat warnings.,4,17,23,24,49
Lunenburg,1206,Census Division,txgt29,Number of Days with Maximum Temperature Above 29Â°C,days,Number of days with maximum temperature above 29Â°C. This temperature threshold relates to heat warnings.,4,15,20,21,46
Pictou,1212,Census Division,txgt29,Number of Days with Maximum Temperature Above 29Â°C,days,Number of days with maximum temperature above 29Â°C. This temperature threshold relates to heat warnings.,3,13,18,19,40
Queens,1204,Census Division / Consolidated Census Subdivision,txgt29,Number of Days with Maximum Temperature Above 29Â°C,days,Number of days with maximum temperature above 29Â°C. This temperature threshold relates to heat warnings.,2,8,12,13,36
Richmond,1216,Census Division / Consolidated Census Subdivision,txgt29,Number of Days with Maximum Temperature Above 29Â°C,days,Number of days with maximum temperature above 29Â°C. This temperature threshold relates to heat warnings.,1,3,4,5,20
Shelburne,1201,Census Division / Consolidated Census Subdivision,txgt29,Number of Days with Maximum Temperature Above 29Â°C,days,Number of days with maximum temperature above 29Â°C. This temperature threshold relates to heat warnings.,0,1,3,3,11
Victoria,1218,Census Division / Consolidated Census Subdivision,txgt29,Number of Days with Maximum Temperature Above 29Â°C,days,Number of days with maximum temperature above 29Â°C. This temperature threshold relates to heat warnings.,1,5,6,7,22
Yarmouth,1202,Census Division,txgt29,Number of Days with Maximum Temperature Above 29Â°C,days,Number of days with maximum temperature above 29Â°C. This temperature threshold relates to heat warnings.,0,1,1,1,8
"Annapolis, Subd. A",1205004,Consolidated Census Subdivision,txgt29,Number of Days with Maximum Temperature Above 29Â°C,days,Number of days with maximum temperature above 29Â°C. This temperature threshold relates to heat warnings.,2,9,13,13,39
"Annapolis, Subd. B",1205009,Consolidated Census Subdivision,txgt29,Number of Days with Maximum Temperature Above 29Â°C,days,Number of days with maximum temperature above 29Â°C. This temperature threshold relates to heat warnings.,3,13,19,19,45
"Annapolis, Subd. C",1205014,Consolidated Census Subdivision,txgt29,Number of Days with Maximum Temperature Above 29Â°C,days,Number of days with maximum temperature above 29Â°C. This temperature threshold relates to heat warnings.,4,17,23,24,50
"Annapolis, Subd. D",1205001,Consolidated Census Subdivision,txgt29,Number of Days with Maximum Temperature Above 29Â°C,days,Number of days with maximum temperature above 29Â°C. This temperature threshold relates to heat warnings.,3,12,17,17,43
"Antigonish, Subd. A",1214001,Consolidated Census Subdivision,txgt29,Number of Days with Maximum Temperature Above 29Â°C,days,Number of days with maximum temperature above 29Â°C. This temperature threshold relates to heat warnings.,3,11,15,17,36
"Antigonish, Subd. B",1214006,Consolidated Census Subdivision,txgt29,Number of Days with Maximum Temperature Above 29Â°C,days,Number of days with maximum temperature above 29Â°C. This temperature threshold relates to heat warnings.,2,8,11,13,32
Argyle,1202001,Consolidated Census Subdivision,txgt29,Number of Days with Maximum Temperature Above 29Â°C,days,Number of days with maximum temperature above 29Â°C. This temperature threshold relates to heat warnings.,0,1,1,1,9
Cape Breton - Outlying Areas,1217030A,Consolidated Census Subdivision,txgt29,Number of Days with Maximum Temperature Above 29Â°C,days,Number of days with maximum temperature above 29Â°C. This temperature threshold relates to heat warnings.,1,5,6,7,23
Chester,1206009,Consolidated Census Subdivision,txgt29,Number of Days with Maximum Temperature Above 29Â°C,days,Number of days with maximum temperature above 29Â°C. This temperature threshold relates to heat warnings.,4,14,20,21,46
Clare,1203001,Consolidated Census Subdivision,txgt29,Number of Days with Maximum Temperature Above 29Â°C,days,Number of days with maximum temperature above 29Â°C. This temperature threshold relates to heat warnings.,0,1,2,2,12
"Colchester, Subd. A",1210012,Consolidated Census Subdivision,txgt29,Number of Days with Maximum Temperature Above 29Â°C,days,Number of days with maximum temperature above 29Â°C. This temperature threshold relates to heat warnings.,3,14,20,21,45
"Colchester, Subd. B",1210008,Consolidated Census Subdivision,txgt29,Number of Days with Maximum Temperature Above 29Â°C,days,Number of days with maximum temperature above 29Â°C. This temperature threshold relates to heat warnings.,4,16,22,23,45
"Colchester, Subd. C",1210001,Consolidated Census Subdivision,txgt29,Number of Days with Maximum Temperature Above 29Â°C,days,Number of days with maximum temperature above 29Â°C. This temperature threshold relates to heat warnings.,4,15,20,22,44
"Cumberland, Subd. A",1211001,Consolidated Census Subdivision,txgt29,Number of Days with Maximum Temperature Above 29Â°C,days,Number of days with maximum temperature above 29Â°C. This temperature threshold relates to heat warnings.,3,13,19,20,46
"Cumberland, Subd. B",1211006,Consolidated Census Subdivision,txgt29,Number of Days with Maximum Temperature Above 29Â°C,days,Number of days with maximum temperature above 29Â°C. This temperature threshold relates to heat warnings.,3,14,20,21,45
"Cumberland, Subd. C",1211009,Consolidated Census Subdivision,txgt29,Number of Days with Maximum Temperature Above 29Â°C,days,Number of days with maximum temperature above 29Â°C. This temperature threshold relates to heat warnings.,4,16,23,24,48
"Cumberland, Subd. D",1211014,Consolidated Census Subdivision,txgt29,Number of Days with Maximum Temperature Above 29Â°C,days,Number of days with maximum temperature above 29Â°C. This temperature threshold relates to heat warnings.,4,17,22,24,47
Digby,1203004,Consolidated Census Subdivision,txgt29,Number of Days with Maximum Temperature Above 29Â°C,days,Number of days with maximum temperature above 29Â°C. This temperature threshold relates to heat warnings.,0,3,5,5,24
East Hants,1208008,Consolidated Census Subdivision,txgt29,Number of Days with Maximum Temperature Above 29Â°C,days,Number of days with maximum temperature above 29Â°C. This temperature threshold relates to heat warnings.,4,16,21,23,47
Guysborough,1213004,Consolidated Census Subdivision,txgt29,Number of Days with Maximum Temperature Above 29Â°C,days,Number of days with maximum temperature above 29Â°C. This temperature threshold relates to heat warnings.,1,2,4,4,19
Halifax - Central,1209034B,Consolidated Census Subdivision,txgt29,Number of Days with Maximum Temperature Above 29Â°C,days,Number of days with maximum temperature above 29Â°C. This temperature threshold relates to heat warnings.,2,10,13,14,38
Halifax - East,1209034A,Consolidated Census Subdivision,txgt29,Number of Days with Maximum Temperature Above 29Â°C,days,Number of days with maximum temperature above 29Â°C. This temperature threshold relates to heat warnings.,2,7,10,10,32
Halifax - West,1209034C,Consolidated Census Subdivision,txgt29,Number of Days with Maximum Temperature Above 29Â°C,days,Number of days with maximum temperature above 29Â°C. This temperature threshold relates to heat warnings.,2,10,14,15,38
"Inverness, Subd. A",1215011,Consolidated Census Subdivision,txgt29,Number of Days with Maximum Temperature Above 29Â°C,days,Number of days with maximum temperature above 29Â°C. This temperature threshold relates to heat warnings.,1,5,7,7,22
"Inverness, Subd. B",1215006,Consolidated Census Subdivision,txgt29,Number of Days with Maximum Temperature Above 29Â°C,days,Number of days with maximum temperature above 29Â°C. This temperature threshold relates to heat warnings.,2,9,12,14,32
"Inverness, Subd. C",1215001,Consolidated Census Subdivision,txgt29,Number of Days with Maximum Temperature Above 29Â°C,days,Number of days with maximum temperature above 29Â°C. This temperature threshold relates to heat warnings.,1,7,9,11,28
"Kings, Subd. A",1207001,Consolidated Census Subdivision,txgt29,Number of Days with Maximum Temperature Above 29Â°C,days,Number of days with maximum temperature above 29Â°C. This temperature threshold relates to heat warnings.,4,17,23,24,49
"Kings, Subd. B",1207016,Consolidated Census Subdivision,txgt29,Number of Days with Maximum Temperature Above 29Â°C,days,Number of days with maximum temperature above 29Â°C. This temperature threshold relates to heat warnings.,4,17,24,25,51
"Kings, Subd. C",1207011,Consolidated Census Subdivision,txgt29,Number of Days with Maximum Temperature Above 29Â°C,days,Number of days with maximum temperature above 29Â°C. This temperature threshold relates to heat warnings.,4,16,22,23,48
"Kings, Subd. D",1207021,Consolidated Census Subdivision,txgt29,Number of Days with Maximum Temperature Above 29Â°C,days,Number of days with maximum temperature above 29Â°C. This temperature threshold relates to heat warnings.,4,17,23,24,50
Lunenburg,1206001,Consolidated Census Subdivision,txgt29,Number of Days with Maximum Temperature Above 29Â°C,days,Number of days with maximum temperature above 29Â°C. This temperature threshold relates to heat warnings.,5,15,20,21,46
"Pictou, Subd. A",1212001,Consolidated Census Subdivision,txgt29,Number of Days with Maximum Temperature Above 29Â°C,days,Number of days with maximum temperature above 29Â°C. This temperature threshold relates to heat warnings.,4,16,21,23,44
"Pictou, Subd. B",1212006,Consolidated Census Subdivision,txgt29,Number of Days with Maximum Temperature Above 29Â°C,days,Number of days with maximum temperature above 29Â°C. This temperature threshold relates to heat warnings.,3,13,18,20,41
"Pictou, Subd. C",1212011,Consolidated Census Subdivision,txgt29,Number of Days with Maximum Temperature Above 29Â°C,days,Number of days with maximum temperature above 29Â°C. This temperature threshold relates to heat warnings.,3,12,16,18,38
St. Mary's,1213001,Consolidated Census Subdivision,txgt29,Number of Days with Maximum Temperature Above 29Â°C,days,Number of days with maximum temperature above 29Â°C. This temperature threshold relates to heat warnings.,1,5,7,8,27
Sydney and Surrounds,1217030B,Consolidated Census Subdivision,txgt29,Number of Days with Maximum Temperature Above 29Â°C,days,Number of days with maximum temperature above 29Â°C. This temperature threshold relates to heat warnings.,1,7,9,10,27
West Hants,1208003,Consolidated Census Subdivision,txgt29,Number of Days with Maximum Temperature Above 29Â°C,days,Number of days with maximum temperature above 29Â°C. This temperature threshold relates to heat warnings.,4,17,23,24,49
Yarmouth,1202004,Consolidated Census Subdivision,txgt29,Number of Days with Maximum Temperature Above 29Â°C,days,Number of days with maximum temperature above 29Â°C. This temperature threshold relates to heat warnings.,0,1,1,1,7
Nova Scotia,12,Province,txmax_ann,Maximum Daily Temperature (Annual),Â°C,The highest maximum daily temperature (hottest day) over the year.,29.4,31.5,32.3,32.1,34.3
Annapolis,1205,Census Division,txmax_ann,Maximum Daily Temperature (Annual),Â°C,The highest maximum daily temperature (hottest day) over the year.,30,32.3,32.9,32.9,34.9
Antigonish,1214,Census Division,txmax_ann,Maximum Daily Temperature (Annual),Â°C,The highest maximum daily temperature (hottest day) over the year.,30.3,32.4,33.1,33.1,35.1
Cape Breton,1217,Census Division,txmax_ann,Maximum Daily Temperature (Annual),Â°C,The highest maximum daily temperature (hottest day) over the year.,28.6,31,31.4,31.4,33.3
Colchester,1210,Census Division,txmax_ann,Maximum Daily Temperature (Annual),Â°C,The highest maximum daily temperature (hottest day) over the year.,30.4,32.6,33.4,33.2,35.4
Cumberland,1211,Census Division,txmax_ann,Maximum Daily Temperature (Annual),Â°C,The highest maximum daily temperature (hottest day) over the year.,30.3,32.5,33.2,33,35.3
Digby,1203,Census Division,txmax_ann,Maximum Daily Temperature (Annual),Â°C,The highest maximum daily temperature (hottest day) over the year.,27.6,29.7,30.7,30.3,32.2
Guysborough,1213,Census Division,txmax_ann,Maximum Daily Temperature (Annual),Â°C,The highest maximum daily temperature (hottest day) over the year.,28.6,30.8,31.3,31.4,33.6
Halifax,1209,Census Division,txmax_ann,Maximum Daily Temperature (Annual),Â°C,The highest maximum daily temperature (hottest day) over the year.,29.7,31.9,32.6,32.6,34.6
Hants,1208,Census Division,txmax_ann,Maximum Daily Temperature (Annual),Â°C,The highest maximum daily temperature (hottest day) over the year.,30.7,33,33.6,33.5,35.5
Inverness,1215,Census Division,txmax_ann,Maximum Daily Temperature (Annual),Â°C,The highest maximum daily temperature (hottest day) over the year.,29.1,31.4,32.1,31.9,34
Kings,1207,Census Division,txmax_ann,Maximum Daily Temperature (Annual),Â°C,The highest maximum daily temperature (hottest day) over the year.,30.8,33.1,33.7,33.6,35.6
Lunenburg,1206,Census Division,txmax_ann,Maximum Daily Temperature (Annual),Â°C,The highest maximum daily temperature (hottest day) over the year.,31.1,33.3,34.1,33.9,35.9
Pictou,1212,Census Division,txmax_ann,Maximum Daily Temperature (Annual),Â°C,The highest maximum daily temperature (hottest day) over the year.,30.6,32.6,33.5,33.3,35.5
Queens,1204,Census Division / Consolidated Census Subdivision,txmax_ann,Maximum Daily Temperature (Annual),Â°C,The highest maximum daily temperature (hottest day) over the year.,30.1,32.5,33,32.7,34.6
Richmond,1216,Census Division / Consolidated Census Subdivision,txmax_ann,Maximum Daily Temperature (Annual),Â°C,The highest maximum daily temperature (hottest day) over the year.,28.1,30.3,31,30.9,33
Shelburne,1201,Census Division / Consolidated Census Subdivision,txmax_ann,Maximum Daily Temperature (Annual),Â°C,The highest maximum daily temperature (hottest day) over the year.,27.3,29.5,30.2,30.1,31.9
Victoria,1218,Census Division / Consolidated Census Subdivision,txmax_ann,Maximum Daily Temperature (Annual),Â°C,The highest maximum daily temperature (hottest day) over the year.,28.6,30.8,31.5,31.5,33.6
Yarmouth,1202,Census Division,txmax_ann,Maximum Daily Temperature (Annual),Â°C,The highest maximum daily temperature (hottest day) over the year.,26.5,28.6,29.4,29.2,31.2
"Annapolis, Subd. A",1205004,Consolidated Census Subdivision,txmax_ann,Maximum Daily Temperature (Annual),Â°C,The highest maximum daily temperature (hottest day) over the year.,29.5,31.8,32.3,32.3,34.3
"Annapolis, Subd. B",1205009,Consolidated Census Subdivision,txmax_ann,Maximum Daily Temperature (Annual),Â°C,The highest maximum daily temperature (hottest day) over the year.,30.3,32.6,33.1,33.2,35.2
"Annapolis, Subd. C",1205014,Consolidated Census Subdivision,txmax_ann,Maximum Daily Temperature (Annual),Â°C,The highest maximum daily temperature (hottest day) over the year.,30.9,33.2,33.8,33.7,35.8
"Annapolis, Subd. D",1205001,Consolidated Census Subdivision,txmax_ann,Maximum Daily Temperature (Annual),Â°C,The highest maximum daily temperature (hottest day) over the year.,30.2,32.4,33,33,34.9
"Antigonish, Subd. A",1214001,Consolidated Census Subdivision,txmax_ann,Maximum Daily Temperature (Annual),Â°C,The highest maximum daily temperature (hottest day) over the year.,30.6,32.6,33.4,33.3,35.5
"Antigonish, Subd. B",1214006,Consolidated Census Subdivision,txmax_ann,Maximum Daily Temperature (Annual),Â°C,The highest maximum daily temperature (hottest day) over the year.,29.9,32,32.6,32.7,34.7
Argyle,1202001,Consolidated Census Subdivision,txmax_ann,Maximum Daily Temperature (Annual),Â°C,The highest maximum daily temperature (hottest day) over the year.,26.6,28.7,29.5,29.3,31.3
Cape Breton - Outlying Areas,1217030A,Consolidated Census Subdivision,txmax_ann,Maximum Daily Temperature (Annual),Â°C,The highest maximum daily temperature (hottest day) over the year.,28.5,30.9,31.4,31.4,33.2
Chester,1206009,Consolidated Census Subdivision,txmax_ann,Maximum Daily Temperature (Annual),Â°C,The highest maximum daily temperature (hottest day) over the year.,30.9,33.2,33.8,33.7,35.8
Clare,1203001,Consolidated Census Subdivision,txmax_ann,Maximum Daily Temperature (Annual),Â°C,The highest maximum daily temperature (hottest day) over the year.,26.9,29,29.9,29.5,31.4
"Colchester, Subd. A",1210012,Consolidated Census Subdivision,txmax_ann,Maximum Daily Temperature (Annual),Â°C,The highest maximum daily temperature (hottest day) over the year.,30.2,32.4,33.2,33,35.2
"Colchester, Subd. B",1210008,Consolidated Census Subdivision,txmax_ann,Maximum Daily Temperature (Annual),Â°C,The highest maximum daily temperature (hottest day) over the year.,30.6,32.7,33.6,33.4,35.5
"Colchester, Subd. C",1210001,Consolidated Census Subdivision,txmax_ann,Maximum Daily Temperature (Annual),Â°C,The highest maximum daily temperature (hottest day) over the year.,30.5,32.7,33.5,33.4,35.5
"Cumberland, Subd. A",1211001,Consolidated Census Subdivision,txmax_ann,Maximum Daily Temperature (Annual),Â°C,The highest maximum daily temperature (hottest day) over the year.,30.1,32.3,33,32.9,35.1
"Cumberland, Subd. B",1211006,Consolidated Census Subdivision,txmax_ann,Maximum Daily Temperature (Annual),Â°C,The highest maximum daily temperature (hottest day) over the year.,30.1,32.4,33.1,32.9,35.1
"Cumberland, Subd. C",1211009,Consolidated Census Subdivision,txmax_ann,Maximum Daily Temperature (Annual),Â°C,The highest maximum daily temperature (hottest day) over the year.,30.6,32.7,33.5,33.4,35.6
"Cumberland, Subd. D",1211014,Consolidated Census Subdivision,txmax_ann,Maximum Daily Temperature (Annual),Â°C,The highest maximum daily temperature (hottest day) over the year.,30.5,32.7,33.5,33.3,35.5
Digby,1203004,Consolidated Census Subdivision,txmax_ann,Maximum Daily Temperature (Annual),Â°C,The highest maximum daily temperature (hottest day) over the year.,28,30.2,31,30.8,32.8
East Hants,1208008,Consolidated Census Subdivision,txmax_ann,Maximum Daily Temperature (Annual),Â°C,The highest maximum daily temperature (hottest day) over the year.,30.6,32.8,33.5,33.4,35.5
Guysborough,1213004,Consolidated Census Subdivision,txmax_ann,Maximum Daily Temperature (Annual),Â°C,The highest maximum daily temperature (hottest day) over the year.,28.2,30.4,30.9,31,33.2
Halifax - Central,1209034B,Consolidated Census Subdivision,txmax_ann,Maximum Daily Temperature (Annual),Â°C,The highest maximum daily temperature (hottest day) over the year.,30.3,32.7,33.2,33.2,35.1
Halifax - East,1209034A,Consolidated Census Subdivision,txmax_ann,Maximum Daily Temperature (Annual),Â°C,The highest maximum daily temperature (hottest day) over the year.,29.7,31.8,32.5,32.5,34.6
Halifax - West,1209034C,Consolidated Census Subdivision,txmax_ann,Maximum Daily Temperature (Annual),Â°C,The highest maximum daily temperature (hottest day) over the year.,30.4,32.7,33.3,33.3,35.2
"Inverness, Subd. A",1215011,Consolidated Census Subdivision,txmax_ann,Maximum Daily Temperature (Annual),Â°C,The highest maximum daily temperature (hottest day) over the year.,28.8,31,31.8,31.7,33.7
"Inverness, Subd. B",1215006,Consolidated Census Subdivision,txmax_ann,Maximum Daily Temperature (Annual),Â°C,The highest maximum daily temperature (hottest day) over the year.,29.9,32.1,32.8,32.6,34.8
"Inverness, Subd. C",1215001,Consolidated Census Subdivision,txmax_ann,Maximum Daily Temperature (Annual),Â°C,The highest maximum daily temperature (hottest day) over the year.,29.3,31.5,32.3,32.1,34.3
"Kings, Subd. A",1207001,Consolidated Census Subdivision,txmax_ann,Maximum Daily Temperature (Annual),Â°C,The highest maximum daily temperature (hottest day) over the year.,30.8,33.2,33.8,33.7,35.7
"Kings, Subd. B",1207016,Consolidated Census Subdivision,txmax_ann,Maximum Daily Temperature (Annual),Â°C,The highest maximum daily temperature (hottest day) over the year.,30.8,33,33.7,33.5,35.7
"Kings, Subd. C",1207011,Consolidated Census Subdivision,txmax_ann,Maximum Daily Temperature (Annual),Â°C,The highest maximum daily temperature (hottest day) over the year.,30.7,33,33.6,33.5,35.6
"Kings, Subd. D",1207021,Consolidated Census Subdivision,txmax_ann,Maximum Daily Temperature (Annual),Â°C,The highest maximum daily temperature (hottest day) over the year.,30.8,33.1,33.7,33.6,35.7
Lunenburg,1206001,Consolidated Census Subdivision,txmax_ann,Maximum Daily Temperature (Annual),Â°C,The highest maximum daily temperature (hottest day) over the year.,31.2,33.5,34.2,34,36
"Pictou, Subd. A",1212001,Consolidated Census Subdivision,txmax_ann,Maximum Daily Temperature (Annual),Â°C,The highest maximum daily temperature (hottest day) over the year.,30.8,33,33.7,33.5,35.8
"Pictou, Subd. B",1212006,Consolidated Census Subdivision,txmax_ann,Maximum Daily Temperature (Annual),Â°C,The highest maximum daily temperature (hottest day) over the year.,30.5,32.6,33.4,33.3,35.5
"Pictou, Subd. C",1212011,Consolidated Census Subdivision,txmax_ann,Maximum Daily Temperature (Annual),Â°C,The highest maximum daily temperature (hottest day) over the year.,30.5,32.5,33.4,33.2,35.4
St. Mary's,1213001,Consolidated Census Subdivision,txmax_ann,Maximum Daily Temperature (Annual),Â°C,The highest maximum daily temperature (hottest day) over the year.,29.2,31.2,31.9,31.9,34.1
Sydney and Surrounds,1217030B,Consolidated Census Subdivision,txmax_ann,Maximum Daily Temperature (Annual),Â°C,The highest maximum daily temperature (hottest day) over the year.,29.2,31.5,31.9,31.9,33.9
West Hants,1208003,Consolidated Census Subdivision,txmax_ann,Maximum Daily Temperature (Annual),Â°C,The highest maximum daily temperature (hottest day) over the year.,30.9,33.2,33.8,33.7,35.7
Yarmouth,1202004,Consolidated Census Subdivision,txmax_ann,Maximum Daily Temperature (Annual),Â°C,The highest maximum daily temperature (hottest day) over the year.,26.2,28.3,29.2,29,31
Nova Scotia,12,Province,txmean_sum,Mean of Maximum Daily Temperature (Summer),Â°C,The mean maximum daily temperature over the summer season.,21.9,24.1,24.5,24.8,26.8
Annapolis,1205,Census Division,txmean_sum,Mean of Maximum Daily Temperature (Summer),Â°C,The mean maximum daily temperature over the summer season.,22.8,25,25.6,25.7,27.8
Antigonish,1214,Census Division,txmean_sum,Mean of Maximum Daily Temperature (Summer),Â°C,The mean maximum daily temperature over the summer season.,22,24.3,24.7,24.9,26.9
Cape Breton,1217,Census Division,txmean_sum,Mean of Maximum Daily Temperature (Summer),Â°C,The mean maximum daily temperature over the summer season.,20.9,23.1,23.6,23.8,25.9
Colchester,1210,Census Division,txmean_sum,Mean of Maximum Daily Temperature (Summer),Â°C,The mean maximum daily temperature over the summer season.,22.9,25.1,25.6,25.9,27.9
Cumberland,1211,Census Division,txmean_sum,Mean of Maximum Daily Temperature (Summer),Â°C,The mean maximum daily temperature over the summer season.,23,25.2,25.8,26,28.1
Digby,1203,Census Division,txmean_sum,Mean of Maximum Daily Temperature (Summer),Â°C,The mean maximum daily temperature over the summer season.,21.4,23.4,24.1,24.2,26.2
Guysborough,1213,Census Division,txmean_sum,Mean of Maximum Daily Temperature (Summer),Â°C,The mean maximum daily temperature over the summer season.,21.1,23.4,23.8,24,26
Halifax,1209,Census Division,txmean_sum,Mean of Maximum Daily Temperature (Summer),Â°C,The mean maximum daily temperature over the summer season.,22,24.2,24.7,24.9,26.9
Hants,1208,Census Division,txmean_sum,Mean of Maximum Daily Temperature (Summer),Â°C,The mean maximum daily temperature over the summer season.,23.2,25.4,26,26.2,28.2
Inverness,1215,Census Division,txmean_sum,Mean of Maximum Daily Temperature (Summer),Â°C,The mean maximum daily temperature over the summer season.,21,23.2,23.7,23.9,26
Kings,1207,Census Division,txmean_sum,Mean of Maximum Daily Temperature (Summer),Â°C,The mean maximum daily temperature over the summer season.,23.3,25.5,26,26.3,28.3
Lunenburg,1206,Census Division,txmean_sum,Mean of Maximum Daily Temperature (Summer),Â°C,The mean maximum daily temperature over the summer season.,23.1,25.2,25.8,25.9,28
Pictou,1212,Census Division,txmean_sum,Mean of Maximum Daily Temperature (Summer),Â°C,The mean maximum daily temperature over the summer season.,22.5,24.7,25.2,25.4,27.4
Queens,1204,Census Division / Consolidated Census Subdivision,txmean_sum,Mean of Maximum Daily Temperature (Summer),Â°C,The mean maximum daily temperature over the summer season.,22.4,24.4,25.1,25.2,27.2
Richmond,1216,Census Division / Consolidated Census Subdivision,txmean_sum,Mean of Maximum Daily Temperature (Summer),Â°C,The mean maximum daily temperature over the summer season.,20.8,23,23.4,23.6,25.7
Shelburne,1201,Census Division / Consolidated Census Subdivision,txmean_sum,Mean of Maximum Daily Temperature (Summer),Â°C,The mean maximum daily temperature over the summer season.,20.6,22.6,23.2,23.3,25.4
Victoria,1218,Census Division / Consolidated Census Subdivision,txmean_sum,Mean of Maximum Daily Temperature (Summer),Â°C,The mean maximum daily temperature over the summer season.,20.5,22.8,23.2,23.4,25.6
Yarmouth,1202,Census Division,txmean_sum,Mean of Maximum Daily Temperature (Summer),Â°C,The mean maximum daily temperature over the summer season.,20.5,22.5,23.2,23.2,25.4
"Annapolis, Subd. A",1205004,Consolidated Census Subdivision,txmean_sum,Mean of Maximum Daily Temperature (Summer),Â°C,The mean maximum daily temperature over the summer season.,22.6,24.7,25.3,25.5,27.5
"Annapolis, Subd. B",1205009,Consolidated Census Subdivision,txmean_sum,Mean of Maximum Daily Temperature (Summer),Â°C,The mean maximum daily temperature over the summer season.,23,25.2,25.8,26,28
"Annapolis, Subd. C",1205014,Consolidated Census Subdivision,txmean_sum,Mean of Maximum Daily Temperature (Summer),Â°C,The mean maximum daily temperature over the summer season.,23.4,25.6,26.1,26.4,28.4
"Annapolis, Subd. D",1205001,Consolidated Census Subdivision,txmean_sum,Mean of Maximum Daily Temperature (Summer),Â°C,The mean maximum daily temperature over the summer season.,22.8,25,25.5,25.7,27.7
"Antigonish, Subd. A",1214001,Consolidated Census Subdivision,txmean_sum,Mean of Maximum Daily Temperature (Summer),Â°C,The mean maximum daily temperature over the summer season.,22.2,24.4,24.9,25.1,27.1
"Antigonish, Subd. B",1214006,Consolidated Census Subdivision,txmean_sum,Mean of Maximum Daily Temperature (Summer),Â°C,The mean maximum daily temperature over the summer season.,21.8,24.1,24.5,24.7,26.7
Argyle,1202001,Consolidated Census Subdivision,txmean_sum,Mean of Maximum Daily Temperature (Summer),Â°C,The mean maximum daily temperature over the summer season.,20.5,22.6,23.2,23.3,25.4
Cape Breton - Outlying Areas,1217030A,Consolidated Census Subdivision,txmean_sum,Mean of Maximum Daily Temperature (Summer),Â°C,The mean maximum daily temperature over the summer season.,20.9,23.1,23.6,23.7,25.8
Chester,1206009,Consolidated Census Subdivision,txmean_sum,Mean of Maximum Daily Temperature (Summer),Â°C,The mean maximum daily temperature over the summer season.,23,25.2,25.8,25.9,28
Clare,1203001,Consolidated Census Subdivision,txmean_sum,Mean of Maximum Daily Temperature (Summer),Â°C,The mean maximum daily temperature over the summer season.,20.8,22.9,23.6,23.7,25.7
"Colchester, Subd. A",1210012,Consolidated Census Subdivision,txmean_sum,Mean of Maximum Daily Temperature (Summer),Â°C,The mean maximum daily temperature over the summer season.,22.9,25.1,25.6,25.9,27.9
"Colchester, Subd. B",1210008,Consolidated Census Subdivision,txmean_sum,Mean of Maximum Daily Temperature (Summer),Â°C,The mean maximum daily temperature over the summer season.,22.9,25.1,25.6,25.9,27.9
"Colchester, Subd. C",1210001,Consolidated Census Subdivision,txmean_sum,Mean of Maximum Daily Temperature (Summer),Â°C,The mean maximum daily temperature over the summer season.,22.9,25.1,25.6,25.8,27.9
"Cumberland, Subd. A",1211001,Consolidated Census Subdivision,txmean_sum,Mean of Maximum Daily Temperature (Summer),Â°C,The mean maximum daily temperature over the summer season.,23,25.2,25.8,26,28.1
"Cumberland, Subd. B",1211006,Consolidated Census Subdivision,txmean_sum,Mean of Maximum Daily Temperature (Summer),Â°C,The mean maximum daily temperature over the summer season.,22.9,25.1,25.7,25.9,28
"Cumberland, Subd. C",1211009,Consolidated Census Subdivision,txmean_sum,Mean of Maximum Daily Temperature (Summer),Â°C,The mean maximum daily temperature over the summer season.,23.1,25.3,25.9,26.1,28.2
"Cumberland, Subd. D",1211014,Consolidated Census Subdivision,txmean_sum,Mean of Maximum Daily Temperature (Summer),Â°C,The mean maximum daily temperature over the summer season.,23,25.2,25.8,26.1,28.1
Digby,1203004,Consolidated Census Subdivision,txmean_sum,Mean of Maximum Daily Temperature (Summer),Â°C,The mean maximum daily temperature over the summer season.,21.6,23.7,24.3,24.5,26.5
East Hants,1208008,Consolidated Census Subdivision,txmean_sum,Mean of Maximum Daily Temperature (Summer),Â°C,The mean maximum daily temperature over the summer season.,23.2,25.4,25.9,26.1,28.2
Guysborough,1213004,Consolidated Census Subdivision,txmean_sum,Mean of Maximum Daily Temperature (Summer),Â°C,The mean maximum daily temperature over the summer season.,20.8,23,23.5,23.7,25.7
Halifax - Central,1209034B,Consolidated Census Subdivision,txmean_sum,Mean of Maximum Daily Temperature (Summer),Â°C,The mean maximum daily temperature over the summer season.,22.3,24.5,25.1,25.2,27.2
Halifax - East,1209034A,Consolidated Census Subdivision,txmean_sum,Mean of Maximum Daily Temperature (Summer),Â°C,The mean maximum daily temperature over the summer season.,21.9,24.2,24.6,24.8,26.8
Halifax - West,1209034C,Consolidated Census Subdivision,txmean_sum,Mean of Maximum Daily Temperature (Summer),Â°C,The mean maximum daily temperature over the summer season.,22.4,24.6,25.2,25.3,27.3
"Inverness, Subd. A",1215011,Consolidated Census Subdivision,txmean_sum,Mean of Maximum Daily Temperature (Summer),Â°C,The mean maximum daily temperature over the summer season.,20.5,22.8,23.2,23.4,25.6
"Inverness, Subd. B",1215006,Consolidated Census Subdivision,txmean_sum,Mean of Maximum Daily Temperature (Summer),Â°C,The mean maximum daily temperature over the summer season.,21.7,23.9,24.3,24.5,26.6
"Inverness, Subd. C",1215001,Consolidated Census Subdivision,txmean_sum,Mean of Maximum Daily Temperature (Summer),Â°C,The mean maximum daily temperature over the summer season.,21.4,23.6,24.1,24.3,26.3
"Kings, Subd. A",1207001,Consolidated Census Subdivision,txmean_sum,Mean of Maximum Daily Temperature (Summer),Â°C,The mean maximum daily temperature over the summer season.,23.3,25.5,26,26.2,28.3
"Kings, Subd. B",1207016,Consolidated Census Subdivision,txmean_sum,Mean of Maximum Daily Temperature (Summer),Â°C,The mean maximum daily temperature over the summer season.,23.4,25.6,26.2,26.4,28.5
"Kings, Subd. C",1207011,Consolidated Census Subdivision,txmean_sum,Mean of Maximum Daily Temperature (Summer),Â°C,The mean maximum daily temperature over the summer season.,23.2,25.4,25.9,26.1,28.1
"Kings, Subd. D",1207021,Consolidated Census Subdivision,txmean_sum,Mean of Maximum Daily Temperature (Summer),Â°C,The mean maximum daily temperature over the summer season.,23.3,25.5,26.1,26.3,28.3
Lunenburg,1206001,Consolidated Census Subdivision,txmean_sum,Mean of Maximum Daily Temperature (Summer),Â°C,The mean maximum daily temperature over the summer season.,23.1,25.2,25.8,25.9,28
"Pictou, Subd. A",1212001,Consolidated Census Subdivision,txmean_sum,Mean of Maximum Daily Temperature (Summer),Â°C,The mean maximum daily temperature over the summer season.,22.8,25,25.5,25.8,27.8
"Pictou, Subd. B",1212006,Consolidated Census Subdivision,txmean_sum,Mean of Maximum Daily Temperature (Summer),Â°C,The mean maximum daily temperature over the summer season.,22.6,24.8,25.3,25.5,27.5
"Pictou, Subd. C",1212011,Consolidated Census Subdivision,txmean_sum,Mean of Maximum Daily Temperature (Summer),Â°C,The mean maximum daily temperature over the summer season.,22.3,24.5,25,25.2,27.2
St. Mary's,1213001,Consolidated Census Subdivision,txmean_sum,Mean of Maximum Daily Temperature (Summer),Â°C,The mean maximum daily temperature over the summer season.,21.5,23.7,24.2,24.4,26.4
Sydney and Surrounds,1217030B,Consolidated Census Subdivision,txmean_sum,Mean of Maximum Daily Temperature (Summer),Â°C,The mean maximum daily temperature over the summer season.,21.2,23.4,23.9,24.1,26.1
West Hants,1208003,Consolidated Census Subdivision,txmean_sum,Mean of Maximum Daily Temperature (Summer),Â°C,The mean maximum daily temperature over the summer season.,23.3,25.5,26,26.2,28.3
Yarmouth,1202004,Consolidated Census Subdivision,txmean_sum,Mean of Maximum Daily Temperature (Summer),Â°C,The mean maximum daily temperature over the summer season.,20.4,22.4,23.1,23.1,25.3
Nova Scotia,12,Province,txmean_win,Average Maximum Daily Temperature (Winter),Â°C,The average maximum daily temperature over the winter season.,0.6,2.9,3.7,3.5,5.8
Annapolis,1205,Census Division,txmean_win,Average Maximum Daily Temperature (Winter),Â°C,The average maximum daily temperature over the winter season.,0.5,3,3.9,3.6,6
Antigonish,1214,Census Division,txmean_win,Average Maximum Daily Temperature (Winter),Â°C,The average maximum daily temperature over the winter season.,0,2.4,3,3,5.1
Cape Breton,1217,Census Division,txmean_win,Average Maximum Daily Temperature (Winter),Â°C,The average maximum daily temperature over the winter season.,0.6,2.8,3.4,3.5,5.1
Colchester,1210,Census Division,txmean_win,Average Maximum Daily Temperature (Winter),Â°C,The average maximum daily temperature over the winter season.,-0.2,2.2,3,2.9,5
Cumberland,1211,Census Division,txmean_win,Average Maximum Daily Temperature (Winter),Â°C,The average maximum daily temperature over the winter season.,-0.7,1.8,2.7,2.5,4.7
Digby,1203,Census Division,txmean_win,Average Maximum Daily Temperature (Winter),Â°C,The average maximum daily temperature over the winter season.,1.4,3.7,4.7,4.4,6.7
Guysborough,1213,Census Division,txmean_win,Average Maximum Daily Temperature (Winter),Â°C,The average maximum daily temperature over the winter season.,0.5,2.9,3.6,3.5,5.6
Halifax,1209,Census Division,txmean_win,Average Maximum Daily Temperature (Winter),Â°C,The average maximum daily temperature over the winter season.,0.9,3.2,4,3.9,6.1
Hants,1208,Census Division,txmean_win,Average Maximum Daily Temperature (Winter),Â°C,The average maximum daily temperature over the winter season.,0.4,2.8,3.6,3.5,5.7
Inverness,1215,Census Division,txmean_win,Average Maximum Daily Temperature (Winter),Â°C,The average maximum daily temperature over the winter season.,-0.5,1.9,2.5,2.6,4.5
Kings,1207,Census Division,txmean_win,Average Maximum Daily Temperature (Winter),Â°C,The average maximum daily temperature over the winter season.,0.2,2.6,3.4,3.3,5.6
Lunenburg,1206,Census Division,txmean_win,Average Maximum Daily Temperature (Winter),Â°C,The average maximum daily temperature over the winter season.,1.1,3.4,4.3,4.1,6.4
Pictou,1212,Census Division,txmean_win,Average Maximum Daily Temperature (Winter),Â°C,The average maximum daily temperature over the winter season.,-0.3,2.2,2.8,2.8,4.9
Queens,1204,Census Division / Consolidated Census Subdivision,txmean_win,Average Maximum Daily Temperature (Winter),Â°C,The average maximum daily temperature over the winter season.,1.7,3.9,4.8,4.6,6.9
Richmond,1216,Census Division / Consolidated Census Subdivision,txmean_win,Average Maximum Daily Temperature (Winter),Â°C,The average maximum daily temperature over the winter season.,0.7,3,3.6,3.6,5.4
Shelburne,1201,Census Division / Consolidated Census Subdivision,txmean_win,Average Maximum Daily Temperature (Winter),Â°C,The average maximum daily temperature over the winter season.,2.3,4.5,5.3,5.2,7.1
Victoria,1218,Census Division / Consolidated Census Subdivision,txmean_win,Average Maximum Daily Temperature (Winter),Â°C,The average maximum daily temperature over the winter season.,-0.6,1.7,2.3,2.4,4.3
Yarmouth,1202,Census Division,txmean_win,Average Maximum Daily Temperature (Winter),Â°C,The average maximum daily temperature over the winter season.,2.1,4.3,5.1,5,7
"Annapolis, Subd. A",1205004,Consolidated Census Subdivision,txmean_win,Average Maximum Daily Temperature (Winter),Â°C,The average maximum daily temperature over the winter season.,0.7,3.2,4,3.8,6.2
"Annapolis, Subd. B",1205009,Consolidated Census Subdivision,txmean_win,Average Maximum Daily Temperature (Winter),Â°C,The average maximum daily temperature over the winter season.,0.3,2.9,3.7,3.5,5.8
"Annapolis, Subd. C",1205014,Consolidated Census Subdivision,txmean_win,Average Maximum Daily Temperature (Winter),Â°C,The average maximum daily temperature over the winter season.,0.3,2.8,3.6,3.4,5.8
"Annapolis, Subd. D",1205001,Consolidated Census Subdivision,txmean_win,Average Maximum Daily Temperature (Winter),Â°C,The average maximum daily temperature over the winter season.,0.6,2.9,3.9,3.6,6
"Antigonish, Subd. A",1214001,Consolidated Census Subdivision,txmean_win,Average Maximum Daily Temperature (Winter),Â°C,The average maximum daily temperature over the winter season.,-0.1,2.3,2.9,2.9,5
"Antigonish, Subd. B",1214006,Consolidated Census Subdivision,txmean_win,Average Maximum Daily Temperature (Winter),Â°C,The average maximum daily temperature over the winter season.,0.2,2.6,3.2,3.2,5.2
Argyle,1202001,Consolidated Census Subdivision,txmean_win,Average Maximum Daily Temperature (Winter),Â°C,The average maximum daily temperature over the winter season.,2.1,4.3,5.1,5,7
Cape Breton - Outlying Areas,1217030A,Consolidated Census Subdivision,txmean_win,Average Maximum Daily Temperature (Winter),Â°C,The average maximum daily temperature over the winter season.,0.6,2.8,3.4,3.5,5.1
Chester,1206009,Consolidated Census Subdivision,txmean_win,Average Maximum Daily Temperature (Winter),Â°C,The average maximum daily temperature over the winter season.,0.8,3.1,4,3.8,6.1
Clare,1203001,Consolidated Census Subdivision,txmean_win,Average Maximum Daily Temperature (Winter),Â°C,The average maximum daily temperature over the winter season.,1.8,4.1,4.9,4.8,7.1
"Colchester, Subd. A",1210012,Consolidated Census Subdivision,txmean_win,Average Maximum Daily Temperature (Winter),Â°C,The average maximum daily temperature over the winter season.,-0.5,1.9,2.8,2.6,4.8
"Colchester, Subd. B",1210008,Consolidated Census Subdivision,txmean_win,Average Maximum Daily Temperature (Winter),Â°C,The average maximum daily temperature over the winter season.,-0.5,2,2.8,2.6,4.8
"Colchester, Subd. C",1210001,Consolidated Census Subdivision,txmean_win,Average Maximum Daily Temperature (Winter),Â°C,The average maximum daily temperature over the winter season.,0.1,2.5,3.3,3.2,5.3
"Cumberland, Subd. A",1211001,Consolidated Census Subdivision,txmean_win,Average Maximum Daily Temperature (Winter),Â°C,The average maximum daily temperature over the winter season.,-0.5,2,2.8,2.6,4.9
"Cumberland, Subd. B",1211006,Consolidated Census Subdivision,txmean_win,Average Maximum Daily Temperature (Winter),Â°C,The average maximum daily temperature over the winter season.,-0.7,1.8,2.6,2.5,4.7
"Cumberland, Subd. C",1211009,Consolidated Census Subdivision,txmean_win,Average Maximum Daily Temperature (Winter),Â°C,The average maximum daily temperature over the winter season.,-0.9,1.7,2.5,2.3,4.4
"Cumberland, Subd. D",1211014,Consolidated Census Subdivision,txmean_win,Average Maximum Daily Temperature (Winter),Â°C,The average maximum daily temperature over the winter season.,-0.6,1.9,2.7,2.5,4.6
Digby,1203004,Consolidated Census Subdivision,txmean_win,Average Maximum Daily Temperature (Winter),Â°C,The average maximum daily temperature over the winter season.,1.2,3.5,4.5,4.2,6.6
East Hants,1208008,Consolidated Census Subdivision,txmean_win,Average Maximum Daily Temperature (Winter),Â°C,The average maximum daily temperature over the winter season.,0.4,2.7,3.6,3.5,5.7
Guysborough,1213004,Consolidated Census Subdivision,txmean_win,Average Maximum Daily Temperature (Winter),Â°C,The average maximum daily temperature over the winter season.,0.6,2.9,3.6,3.5,5.6
Halifax - Central,1209034B,Consolidated Census Subdivision,txmean_win,Average Maximum Daily Temperature (Winter),Â°C,The average maximum daily temperature over the winter season.,1.1,3.4,4.3,4.2,6.4
Halifax - East,1209034A,Consolidated Census Subdivision,txmean_win,Average Maximum Daily Temperature (Winter),Â°C,The average maximum daily temperature over the winter season.,0.8,3.1,3.9,3.8,5.9
Halifax - West,1209034C,Consolidated Census Subdivision,txmean_win,Average Maximum Daily Temperature (Winter),Â°C,The average maximum daily temperature over the winter season.,1.1,3.4,4.3,4.2,6.4
"Inverness, Subd. A",1215011,Consolidated Census Subdivision,txmean_win,Average Maximum Daily Temperature (Winter),Â°C,The average maximum daily temperature over the winter season.,-0.9,1.5,2.1,2.2,4
"Inverness, Subd. B",1215006,Consolidated Census Subdivision,txmean_win,Average Maximum Daily Temperature (Winter),Â°C,The average maximum daily temperature over the winter season.,-0.2,2.2,2.8,2.8,4.8
"Inverness, Subd. C",1215001,Consolidated Census Subdivision,txmean_win,Average Maximum Daily Temperature (Winter),Â°C,The average maximum daily temperature over the winter season.,0.1,2.4,3.1,3.1,5.1
"Kings, Subd. A",1207001,Consolidated Census Subdivision,txmean_win,Average Maximum Daily Temperature (Winter),Â°C,The average maximum daily temperature over the winter season.,0.2,2.6,3.4,3.2,5.6
"Kings, Subd. B",1207016,Consolidated Census Subdivision,txmean_win,Average Maximum Daily Temperature (Winter),Â°C,The average maximum daily temperature over the winter season.,0.2,2.6,3.4,3.3,5.5
"Kings, Subd. C",1207011,Consolidated Census Subdivision,txmean_win,Average Maximum Daily Temperature (Winter),Â°C,The average maximum daily temperature over the winter season.,0.1,2.5,3.4,3.2,5.5
"Kings, Subd. D",1207021,Consolidated Census Subdivision,txmean_win,Average Maximum Daily Temperature (Winter),Â°C,The average maximum daily temperature over the winter season.,0.2,2.6,3.5,3.3,5.6
Lunenburg,1206001,Consolidated Census Subdivision,txmean_win,Average Maximum Daily Temperature (Winter),Â°C,The average maximum daily temperature over the winter season.,1.3,3.5,4.4,4.3,6.6
"Pictou, Subd. A",1212001,Consolidated Census Subdivision,txmean_win,Average Maximum Daily Temperature (Winter),Â°C,The average maximum daily temperature over the winter season.,-0.4,2.1,2.7,2.7,4.8
"Pictou, Subd. B",1212006,Consolidated Census Subdivision,txmean_win,Average Maximum Daily Temperature (Winter),Â°C,The average maximum daily temperature over the winter season.,-0.2,2.2,2.9,2.9,5
"Pictou, Subd. C",1212011,Consolidated Census Subdivision,txmean_win,Average Maximum Daily Temperature (Winter),Â°C,The average maximum daily temperature over the winter season.,-0.2,2.2,2.9,2.8,4.9
St. Mary's,1213001,Consolidated Census Subdivision,txmean_win,Average Maximum Daily Temperature (Winter),Â°C,The average maximum daily temperature over the winter season.,0.5,2.9,3.6,3.5,5.6
Sydney and Surrounds,1217030B,Consolidated Census Subdivision,txmean_win,Average Maximum Daily Temperature (Winter),Â°C,The average maximum daily temperature over the winter season.,0.6,2.8,3.4,3.5,5.1
West Hants,1208003,Consolidated Census Subdivision,txmean_win,Average Maximum Daily Temperature (Winter),Â°C,The average maximum daily temperature over the winter season.,0.5,2.8,3.7,3.5,5.8
Yarmouth,1202004,Consolidated Census Subdivision,txmean_win,Average Maximum Daily Temperature (Winter),Â°C,The average maximum daily temperature over the winter season.,2.1,4.3,5.2,5.1,7.1
Nova Scotia,12,Province,WP10,Wind Load (1 in 10-Year),kPa,The maximum 1 in 10-year wind pressure. Based on values from PCIC Design Value Explorer (CMIP5) and interpolated to match CMIP6 temperatures corresponding to the various SSP scenarios. Only the 50th percentile data was available. [https://services.pacificclimate.org/design-value-explorer/?dv=WP10],0.34,0.35,0.35,0.35,0.36
Annapolis,1205,Census Division,WP10,Wind Load (1 in 10-Year),kPa,The maximum 1 in 10-year wind pressure. Based on values from PCIC Design Value Explorer (CMIP5) and interpolated to match CMIP6 temperatures corresponding to the various SSP scenarios. Only the 50th percentile data was available. [https://services.pacificclimate.org/design-value-explorer/?dv=WP10],0.29,0.31,0.31,0.31,0.31
Antigonish,1214,Census Division,WP10,Wind Load (1 in 10-Year),kPa,The maximum 1 in 10-year wind pressure. Based on values from PCIC Design Value Explorer (CMIP5) and interpolated to match CMIP6 temperatures corresponding to the various SSP scenarios. Only the 50th percentile data was available. [https://services.pacificclimate.org/design-value-explorer/?dv=WP10],0.31,0.31,0.31,0.31,0.32
Cape Breton,1217,Census Division,WP10,Wind Load (1 in 10-Year),kPa,The maximum 1 in 10-year wind pressure. Based on values from PCIC Design Value Explorer (CMIP5) and interpolated to match CMIP6 temperatures corresponding to the various SSP scenarios. Only the 50th percentile data was available. [https://services.pacificclimate.org/design-value-explorer/?dv=WP10],0.38,0.39,0.39,0.39,0.4
Colchester,1210,Census Division,WP10,Wind Load (1 in 10-Year),kPa,The maximum 1 in 10-year wind pressure. Based on values from PCIC Design Value Explorer (CMIP5) and interpolated to match CMIP6 temperatures corresponding to the various SSP scenarios. Only the 50th percentile data was available. [https://services.pacificclimate.org/design-value-explorer/?dv=WP10],0.3,0.32,0.32,0.32,0.33
Cumberland,1211,Census Division,WP10,Wind Load (1 in 10-Year),kPa,The maximum 1 in 10-year wind pressure. Based on values from PCIC Design Value Explorer (CMIP5) and interpolated to match CMIP6 temperatures corresponding to the various SSP scenarios. Only the 50th percentile data was available. [https://services.pacificclimate.org/design-value-explorer/?dv=WP10],0.29,0.3,0.31,0.3,0.31
Digby,1203,Census Division,WP10,Wind Load (1 in 10-Year),kPa,The maximum 1 in 10-year wind pressure. Based on values from PCIC Design Value Explorer (CMIP5) and interpolated to match CMIP6 temperatures corresponding to the various SSP scenarios. Only the 50th percentile data was available. [https://services.pacificclimate.org/design-value-explorer/?dv=WP10],0.25,0.27,0.27,0.27,0.27
Guysborough,1213,Census Division,WP10,Wind Load (1 in 10-Year),kPa,The maximum 1 in 10-year wind pressure. Based on values from PCIC Design Value Explorer (CMIP5) and interpolated to match CMIP6 temperatures corresponding to the various SSP scenarios. Only the 50th percentile data was available. [https://services.pacificclimate.org/design-value-explorer/?dv=WP10],0.44,0.45,0.46,0.46,0.47
Halifax,1209,Census Division,WP10,Wind Load (1 in 10-Year),kPa,The maximum 1 in 10-year wind pressure. Based on values from PCIC Design Value Explorer (CMIP5) and interpolated to match CMIP6 temperatures corresponding to the various SSP scenarios. Only the 50th percentile data was available. [https://services.pacificclimate.org/design-value-explorer/?dv=WP10],0.39,0.41,0.41,0.41,0.42
Hants,1208,Census Division,WP10,Wind Load (1 in 10-Year),kPa,The maximum 1 in 10-year wind pressure. Based on values from PCIC Design Value Explorer (CMIP5) and interpolated to match CMIP6 temperatures corresponding to the various SSP scenarios. Only the 50th percentile data was available. [https://services.pacificclimate.org/design-value-explorer/?dv=WP10],0.38,0.4,0.41,0.41,0.42
Inverness,1215,Census Division,WP10,Wind Load (1 in 10-Year),kPa,The maximum 1 in 10-year wind pressure. Based on values from PCIC Design Value Explorer (CMIP5) and interpolated to match CMIP6 temperatures corresponding to the various SSP scenarios. Only the 50th percentile data was available. [https://services.pacificclimate.org/design-value-explorer/?dv=WP10],0.31,0.3,0.31,0.3,0.31
Kings,1207,Census Division,WP10,Wind Load (1 in 10-Year),kPa,The maximum 1 in 10-year wind pressure. Based on values from PCIC Design Value Explorer (CMIP5) and interpolated to match CMIP6 temperatures corresponding to the various SSP scenarios. Only the 50th percentile data was available. [https://services.pacificclimate.org/design-value-explorer/?dv=WP10],0.32,0.34,0.34,0.34,0.35
Lunenburg,1206,Census Division,WP10,Wind Load (1 in 10-Year),kPa,The maximum 1 in 10-year wind pressure. Based on values from PCIC Design Value Explorer (CMIP5) and interpolated to match CMIP6 temperatures corresponding to the various SSP scenarios. Only the 50th percentile data was available. [https://services.pacificclimate.org/design-value-explorer/?dv=WP10],0.31,0.34,0.34,0.34,0.35
Pictou,1212,Census Division,WP10,Wind Load (1 in 10-Year),kPa,The maximum 1 in 10-year wind pressure. Based on values from PCIC Design Value Explorer (CMIP5) and interpolated to match CMIP6 temperatures corresponding to the various SSP scenarios. Only the 50th percentile data was available. [https://services.pacificclimate.org/design-value-explorer/?dv=WP10],0.29,0.3,0.3,0.3,0.31
Queens,1204,Census Division / Consolidated Census Subdivision,WP10,Wind Load (1 in 10-Year),kPa,The maximum 1 in 10-year wind pressure. Based on values from PCIC Design Value Explorer (CMIP5) and interpolated to match CMIP6 temperatures corresponding to the various SSP scenarios. Only the 50th percentile data was available. [https://services.pacificclimate.org/design-value-explorer/?dv=WP10],0.25,0.27,0.27,0.27,0.28
Richmond,1216,Census Division / Consolidated Census Subdivision,WP10,Wind Load (1 in 10-Year),kPa,The maximum 1 in 10-year wind pressure. Based on values from PCIC Design Value Explorer (CMIP5) and interpolated to match CMIP6 temperatures corresponding to the various SSP scenarios. Only the 50th percentile data was available. [https://services.pacificclimate.org/design-value-explorer/?dv=WP10],0.42,0.43,0.44,0.44,0.45
Shelburne,1201,Census Division / Consolidated Census Subdivision,WP10,Wind Load (1 in 10-Year),kPa,The maximum 1 in 10-year wind pressure. Based on values from PCIC Design Value Explorer (CMIP5) and interpolated to match CMIP6 temperatures corresponding to the various SSP scenarios. Only the 50th percentile data was available. [https://services.pacificclimate.org/design-value-explorer/?dv=WP10],0.33,0.36,0.36,0.36,0.37
Victoria,1218,Census Division / Consolidated Census Subdivision,WP10,Wind Load (1 in 10-Year),kPa,The maximum 1 in 10-year wind pressure. Based on values from PCIC Design Value Explorer (CMIP5) and interpolated to match CMIP6 temperatures corresponding to the various SSP scenarios. Only the 50th percentile data was available. [https://services.pacificclimate.org/design-value-explorer/?dv=WP10],0.49,0.49,0.49,0.49,0.5
Yarmouth,1202,Census Division,WP10,Wind Load (1 in 10-Year),kPa,The maximum 1 in 10-year wind pressure. Based on values from PCIC Design Value Explorer (CMIP5) and interpolated to match CMIP6 temperatures corresponding to the various SSP scenarios. Only the 50th percentile data was available. [https://services.pacificclimate.org/design-value-explorer/?dv=WP10],0.27,0.29,0.29,0.29,0.29
"Annapolis, Subd. A",1205004,Consolidated Census Subdivision,WP10,Wind Load (1 in 10-Year),kPa,The maximum 1 in 10-year wind pressure. Based on values from PCIC Design Value Explorer (CMIP5) and interpolated to match CMIP6 temperatures corresponding to the various SSP scenarios. Only the 50th percentile data was available. [https://services.pacificclimate.org/design-value-explorer/?dv=WP10],0.28,0.3,0.3,0.3,0.3
"Annapolis, Subd. B",1205009,Consolidated Census Subdivision,WP10,Wind Load (1 in 10-Year),kPa,The maximum 1 in 10-year wind pressure. Based on values from PCIC Design Value Explorer (CMIP5) and interpolated to match CMIP6 temperatures corresponding to the various SSP scenarios. Only the 50th percentile data was available. [https://services.pacificclimate.org/design-value-explorer/?dv=WP10],0.3,0.32,0.32,0.32,0.33
"Annapolis, Subd. C",1205014,Consolidated Census Subdivision,WP10,Wind Load (1 in 10-Year),kPa,The maximum 1 in 10-year wind pressure. Based on values from PCIC Design Value Explorer (CMIP5) and interpolated to match CMIP6 temperatures corresponding to the various SSP scenarios. Only the 50th percentile data was available. [https://services.pacificclimate.org/design-value-explorer/?dv=WP10],0.3,0.32,0.32,0.32,0.32
"Annapolis, Subd. D",1205001,Consolidated Census Subdivision,WP10,Wind Load (1 in 10-Year),kPa,The maximum 1 in 10-year wind pressure. Based on values from PCIC Design Value Explorer (CMIP5) and interpolated to match CMIP6 temperatures corresponding to the various SSP scenarios. Only the 50th percentile data was available. [https://services.pacificclimate.org/design-value-explorer/?dv=WP10],0.28,0.3,0.3,0.3,0.31
"Antigonish, Subd. A",1214001,Consolidated Census Subdivision,WP10,Wind Load (1 in 10-Year),kPa,The maximum 1 in 10-year wind pressure. Based on values from PCIC Design Value Explorer (CMIP5) and interpolated to match CMIP6 temperatures corresponding to the various SSP scenarios. Only the 50th percentile data was available. [https://services.pacificclimate.org/design-value-explorer/?dv=WP10],0.29,0.29,0.3,0.3,0.3
"Antigonish, Subd. B",1214006,Consolidated Census Subdivision,WP10,Wind Load (1 in 10-Year),kPa,The maximum 1 in 10-year wind pressure. Based on values from PCIC Design Value Explorer (CMIP5) and interpolated to match CMIP6 temperatures corresponding to the various SSP scenarios. Only the 50th percentile data was available. [https://services.pacificclimate.org/design-value-explorer/?dv=WP10],0.35,0.35,0.35,0.35,0.36
Argyle,1202001,Consolidated Census Subdivision,WP10,Wind Load (1 in 10-Year),kPa,The maximum 1 in 10-year wind pressure. Based on values from PCIC Design Value Explorer (CMIP5) and interpolated to match CMIP6 temperatures corresponding to the various SSP scenarios. Only the 50th percentile data was available. [https://services.pacificclimate.org/design-value-explorer/?dv=WP10],0.29,0.3,0.31,0.3,0.31
Cape Breton - Outlying Areas,1217030A,Consolidated Census Subdivision,WP10,Wind Load (1 in 10-Year),kPa,The maximum 1 in 10-year wind pressure. Based on values from PCIC Design Value Explorer (CMIP5) and interpolated to match CMIP6 temperatures corresponding to the various SSP scenarios. Only the 50th percentile data was available. [https://services.pacificclimate.org/design-value-explorer/?dv=WP10],0.38,0.39,0.4,0.4,0.4
Chester,1206009,Consolidated Census Subdivision,WP10,Wind Load (1 in 10-Year),kPa,The maximum 1 in 10-year wind pressure. Based on values from PCIC Design Value Explorer (CMIP5) and interpolated to match CMIP6 temperatures corresponding to the various SSP scenarios. Only the 50th percentile data was available. [https://services.pacificclimate.org/design-value-explorer/?dv=WP10],0.34,0.36,0.37,0.37,0.38
Clare,1203001,Consolidated Census Subdivision,WP10,Wind Load (1 in 10-Year),kPa,The maximum 1 in 10-year wind pressure. Based on values from PCIC Design Value Explorer (CMIP5) and interpolated to match CMIP6 temperatures corresponding to the various SSP scenarios. Only the 50th percentile data was available. [https://services.pacificclimate.org/design-value-explorer/?dv=WP10],0.27,0.29,0.29,0.29,0.29
"Colchester, Subd. A",1210012,Consolidated Census Subdivision,WP10,Wind Load (1 in 10-Year),kPa,The maximum 1 in 10-year wind pressure. Based on values from PCIC Design Value Explorer (CMIP5) and interpolated to match CMIP6 temperatures corresponding to the various SSP scenarios. Only the 50th percentile data was available. [https://services.pacificclimate.org/design-value-explorer/?dv=WP10],0.27,0.29,0.3,0.29,0.3
"Colchester, Subd. B",1210008,Consolidated Census Subdivision,WP10,Wind Load (1 in 10-Year),kPa,The maximum 1 in 10-year wind pressure. Based on values from PCIC Design Value Explorer (CMIP5) and interpolated to match CMIP6 temperatures corresponding to the various SSP scenarios. Only the 50th percentile data was available. [https://services.pacificclimate.org/design-value-explorer/?dv=WP10],0.29,0.31,0.31,0.31,0.31
"Colchester, Subd. C",1210001,Consolidated Census Subdivision,WP10,Wind Load (1 in 10-Year),kPa,The maximum 1 in 10-year wind pressure. Based on values from PCIC Design Value Explorer (CMIP5) and interpolated to match CMIP6 temperatures corresponding to the various SSP scenarios. Only the 50th percentile data was available. [https://services.pacificclimate.org/design-value-explorer/?dv=WP10],0.34,0.36,0.36,0.36,0.37
"Cumberland, Subd. A",1211001,Consolidated Census Subdivision,WP10,Wind Load (1 in 10-Year),kPa,The maximum 1 in 10-year wind pressure. Based on values from PCIC Design Value Explorer (CMIP5) and interpolated to match CMIP6 temperatures corresponding to the various SSP scenarios. Only the 50th percentile data was available. [https://services.pacificclimate.org/design-value-explorer/?dv=WP10],0.29,0.31,0.32,0.32,0.32
"Cumberland, Subd. B",1211006,Consolidated Census Subdivision,WP10,Wind Load (1 in 10-Year),kPa,The maximum 1 in 10-year wind pressure. Based on values from PCIC Design Value Explorer (CMIP5) and interpolated to match CMIP6 temperatures corresponding to the various SSP scenarios. Only the 50th percentile data was available. [https://services.pacificclimate.org/design-value-explorer/?dv=WP10],0.28,0.3,0.3,0.3,0.31
"Cumberland, Subd. C",1211009,Consolidated Census Subdivision,WP10,Wind Load (1 in 10-Year),kPa,The maximum 1 in 10-year wind pressure. Based on values from PCIC Design Value Explorer (CMIP5) and interpolated to match CMIP6 temperatures corresponding to the various SSP scenarios. Only the 50th percentile data was available. [https://services.pacificclimate.org/design-value-explorer/?dv=WP10],0.31,0.32,0.32,0.32,0.32
"Cumberland, Subd. D",1211014,Consolidated Census Subdivision,WP10,Wind Load (1 in 10-Year),kPa,The maximum 1 in 10-year wind pressure. Based on values from PCIC Design Value Explorer (CMIP5) and interpolated to match CMIP6 temperatures corresponding to the various SSP scenarios. Only the 50th percentile data was available. [https://services.pacificclimate.org/design-value-explorer/?dv=WP10],0.28,0.3,0.3,0.3,0.3
Digby,1203004,Consolidated Census Subdivision,WP10,Wind Load (1 in 10-Year),kPa,The maximum 1 in 10-year wind pressure. Based on values from PCIC Design Value Explorer (CMIP5) and interpolated to match CMIP6 temperatures corresponding to the various SSP scenarios. Only the 50th percentile data was available. [https://services.pacificclimate.org/design-value-explorer/?dv=WP10],0.24,0.25,0.26,0.25,0.26
East Hants,1208008,Consolidated Census Subdivision,WP10,Wind Load (1 in 10-Year),kPa,The maximum 1 in 10-year wind pressure. Based on values from PCIC Design Value Explorer (CMIP5) and interpolated to match CMIP6 temperatures corresponding to the various SSP scenarios. Only the 50th percentile data was available. [https://services.pacificclimate.org/design-value-explorer/?dv=WP10],0.38,0.41,0.41,0.41,0.43
Guysborough,1213004,Consolidated Census Subdivision,WP10,Wind Load (1 in 10-Year),kPa,The maximum 1 in 10-year wind pressure. Based on values from PCIC Design Value Explorer (CMIP5) and interpolated to match CMIP6 temperatures corresponding to the various SSP scenarios. Only the 50th percentile data was available. [https://services.pacificclimate.org/design-value-explorer/?dv=WP10],0.43,0.44,0.45,0.45,0.46
Halifax - Central,1209034B,Consolidated Census Subdivision,WP10,Wind Load (1 in 10-Year),kPa,The maximum 1 in 10-year wind pressure. Based on values from PCIC Design Value Explorer (CMIP5) and interpolated to match CMIP6 temperatures corresponding to the various SSP scenarios. Only the 50th percentile data was available. [https://services.pacificclimate.org/design-value-explorer/?dv=WP10],0.42,0.44,0.45,0.44,0.46
Halifax - East,1209034A,Consolidated Census Subdivision,WP10,Wind Load (1 in 10-Year),kPa,The maximum 1 in 10-year wind pressure. Based on values from PCIC Design Value Explorer (CMIP5) and interpolated to match CMIP6 temperatures corresponding to the various SSP scenarios. Only the 50th percentile data was available. [https://services.pacificclimate.org/design-value-explorer/?dv=WP10],0.42,0.43,0.44,0.44,0.45
Halifax - West,1209034C,Consolidated Census Subdivision,WP10,Wind Load (1 in 10-Year),kPa,The maximum 1 in 10-year wind pressure. Based on values from PCIC Design Value Explorer (CMIP5) and interpolated to match CMIP6 temperatures corresponding to the various SSP scenarios. Only the 50th percentile data was available. [https://services.pacificclimate.org/design-value-explorer/?dv=WP10],0.43,0.45,0.45,0.45,0.47
"Inverness, Subd. A",1215011,Consolidated Census Subdivision,WP10,Wind Load (1 in 10-Year),kPa,The maximum 1 in 10-year wind pressure. Based on values from PCIC Design Value Explorer (CMIP5) and interpolated to match CMIP6 temperatures corresponding to the various SSP scenarios. Only the 50th percentile data was available. [https://services.pacificclimate.org/design-value-explorer/?dv=WP10],0.56,0.56,0.56,0.56,0.57
"Inverness, Subd. B",1215006,Consolidated Census Subdivision,WP10,Wind Load (1 in 10-Year),kPa,The maximum 1 in 10-year wind pressure. Based on values from PCIC Design Value Explorer (CMIP5) and interpolated to match CMIP6 temperatures corresponding to the various SSP scenarios. Only the 50th percentile data was available. [https://services.pacificclimate.org/design-value-explorer/?dv=WP10],0.28,0.28,0.28,0.28,0.29
"Inverness, Subd. C",1215001,Consolidated Census Subdivision,WP10,Wind Load (1 in 10-Year),kPa,The maximum 1 in 10-year wind pressure. Based on values from PCIC Design Value Explorer (CMIP5) and interpolated to match CMIP6 temperatures corresponding to the various SSP scenarios. Only the 50th percentile data was available. [https://services.pacificclimate.org/design-value-explorer/?dv=WP10],0.3,0.3,0.31,0.3,0.31
"Kings, Subd. A",1207001,Consolidated Census Subdivision,WP10,Wind Load (1 in 10-Year),kPa,The maximum 1 in 10-year wind pressure. Based on values from PCIC Design Value Explorer (CMIP5) and interpolated to match CMIP6 temperatures corresponding to the various SSP scenarios. Only the 50th percentile data was available. [https://services.pacificclimate.org/design-value-explorer/?dv=WP10],0.31,0.33,0.33,0.33,0.34
"Kings, Subd. B",1207016,Consolidated Census Subdivision,WP10,Wind Load (1 in 10-Year),kPa,The maximum 1 in 10-year wind pressure. Based on values from PCIC Design Value Explorer (CMIP5) and interpolated to match CMIP6 temperatures corresponding to the various SSP scenarios. Only the 50th percentile data was available. [https://services.pacificclimate.org/design-value-explorer/?dv=WP10],0.31,0.33,0.33,0.33,0.34
"Kings, Subd. C",1207011,Consolidated Census Subdivision,WP10,Wind Load (1 in 10-Year),kPa,The maximum 1 in 10-year wind pressure. Based on values from PCIC Design Value Explorer (CMIP5) and interpolated to match CMIP6 temperatures corresponding to the various SSP scenarios. Only the 50th percentile data was available. [https://services.pacificclimate.org/design-value-explorer/?dv=WP10],0.32,0.33,0.34,0.34,0.34
"Kings, Subd. D",1207021,Consolidated Census Subdivision,WP10,Wind Load (1 in 10-Year),kPa,The maximum 1 in 10-year wind pressure. Based on values from PCIC Design Value Explorer (CMIP5) and interpolated to match CMIP6 temperatures corresponding to the various SSP scenarios. Only the 50th percentile data was available. [https://services.pacificclimate.org/design-value-explorer/?dv=WP10],0.32,0.33,0.34,0.34,0.35
Lunenburg,1206001,Consolidated Census Subdivision,WP10,Wind Load (1 in 10-Year),kPa,The maximum 1 in 10-year wind pressure. Based on values from PCIC Design Value Explorer (CMIP5) and interpolated to match CMIP6 temperatures corresponding to the various SSP scenarios. Only the 50th percentile data was available. [https://services.pacificclimate.org/design-value-explorer/?dv=WP10],0.3,0.33,0.33,0.33,0.34
"Pictou, Subd. A",1212001,Consolidated Census Subdivision,WP10,Wind Load (1 in 10-Year),kPa,The maximum 1 in 10-year wind pressure. Based on values from PCIC Design Value Explorer (CMIP5) and interpolated to match CMIP6 temperatures corresponding to the various SSP scenarios. Only the 50th percentile data was available. [https://services.pacificclimate.org/design-value-explorer/?dv=WP10],0.28,0.29,0.29,0.29,0.29
"Pictou, Subd. B",1212006,Consolidated Census Subdivision,WP10,Wind Load (1 in 10-Year),kPa,The maximum 1 in 10-year wind pressure. Based on values from PCIC Design Value Explorer (CMIP5) and interpolated to match CMIP6 temperatures corresponding to the various SSP scenarios. Only the 50th percentile data was available. [https://services.pacificclimate.org/design-value-explorer/?dv=WP10],0.31,0.32,0.32,0.32,0.33
"Pictou, Subd. C",1212011,Consolidated Census Subdivision,WP10,Wind Load (1 in 10-Year),kPa,The maximum 1 in 10-year wind pressure. Based on values from PCIC Design Value Explorer (CMIP5) and interpolated to match CMIP6 temperatures corresponding to the various SSP scenarios. Only the 50th percentile data was available. [https://services.pacificclimate.org/design-value-explorer/?dv=WP10],0.3,0.31,0.31,0.31,0.32
St. Mary's,1213001,Consolidated Census Subdivision,WP10,Wind Load (1 in 10-Year),kPa,The maximum 1 in 10-year wind pressure. Based on values from PCIC Design Value Explorer (CMIP5) and interpolated to match CMIP6 temperatures corresponding to the various SSP scenarios. Only the 50th percentile data was available. [https://services.pacificclimate.org/design-value-explorer/?dv=WP10],0.46,0.47,0.48,0.48,0.49
Sydney and Surrounds,1217030B,Consolidated Census Subdivision,WP10,Wind Load (1 in 10-Year),kPa,The maximum 1 in 10-year wind pressure. Based on values from PCIC Design Value Explorer (CMIP5) and interpolated to match CMIP6 temperatures corresponding to the various SSP scenarios. Only the 50th percentile data was available. [https://services.pacificclimate.org/design-value-explorer/?dv=WP10],0.4,0.41,0.41,0.41,0.41
West Hants,1208003,Consolidated Census Subdivision,WP10,Wind Load (1 in 10-Year),kPa,The maximum 1 in 10-year wind pressure. Based on values from PCIC Design Value Explorer (CMIP5) and interpolated to match CMIP6 temperatures corresponding to the various SSP scenarios. Only the 50th percentile data was available. [https://services.pacificclimate.org/design-value-explorer/?dv=WP10],0.38,0.4,0.41,0.4,0.41
Yarmouth,1202004,Consolidated Census Subdivision,WP10,Wind Load (1 in 10-Year),kPa,The maximum 1 in 10-year wind pressure. Based on values from PCIC Design Value Explorer (CMIP5) and interpolated to match CMIP6 temperatures corresponding to the various SSP scenarios. Only the 50th percentile data was available. [https://services.pacificclimate.org/design-value-explorer/?dv=WP10],0.28,0.29,0.29,0.29,0.3
Nova Scotia,12,Province,WP50,Wind Load (1 in 50-Year),kPa,The maximum 1 in 50-year wind pressure. Based on values from PCIC Design Value Explorer (CMIP5) and interpolated to match CMIP6 temperatures corresponding to the various SSP scenarios. Only the 50th percentile data was available. [https://services.pacificclimate.org/design-value-explorer/?dv=WP10],0.43,0.45,0.46,0.45,0.47
Annapolis,1205,Census Division,WP50,Wind Load (1 in 50-Year),kPa,The maximum 1 in 50-year wind pressure. Based on values from PCIC Design Value Explorer (CMIP5) and interpolated to match CMIP6 temperatures corresponding to the various SSP scenarios. Only the 50th percentile data was available. [https://services.pacificclimate.org/design-value-explorer/?dv=WP10],0.38,0.4,0.4,0.4,0.41
Antigonish,1214,Census Division,WP50,Wind Load (1 in 50-Year),kPa,The maximum 1 in 50-year wind pressure. Based on values from PCIC Design Value Explorer (CMIP5) and interpolated to match CMIP6 temperatures corresponding to the various SSP scenarios. Only the 50th percentile data was available. [https://services.pacificclimate.org/design-value-explorer/?dv=WP10],0.4,0.4,0.41,0.41,0.41
Cape Breton,1217,Census Division,WP50,Wind Load (1 in 50-Year),kPa,The maximum 1 in 50-year wind pressure. Based on values from PCIC Design Value Explorer (CMIP5) and interpolated to match CMIP6 temperatures corresponding to the various SSP scenarios. Only the 50th percentile data was available. [https://services.pacificclimate.org/design-value-explorer/?dv=WP10],0.47,0.49,0.49,0.49,0.5
Colchester,1210,Census Division,WP50,Wind Load (1 in 50-Year),kPa,The maximum 1 in 50-year wind pressure. Based on values from PCIC Design Value Explorer (CMIP5) and interpolated to match CMIP6 temperatures corresponding to the various SSP scenarios. Only the 50th percentile data was available. [https://services.pacificclimate.org/design-value-explorer/?dv=WP10],0.4,0.42,0.43,0.42,0.44
Cumberland,1211,Census Division,WP50,Wind Load (1 in 50-Year),kPa,The maximum 1 in 50-year wind pressure. Based on values from PCIC Design Value Explorer (CMIP5) and interpolated to match CMIP6 temperatures corresponding to the various SSP scenarios. Only the 50th percentile data was available. [https://services.pacificclimate.org/design-value-explorer/?dv=WP10],0.37,0.4,0.4,0.4,0.4
Digby,1203,Census Division,WP50,Wind Load (1 in 50-Year),kPa,The maximum 1 in 50-year wind pressure. Based on values from PCIC Design Value Explorer (CMIP5) and interpolated to match CMIP6 temperatures corresponding to the various SSP scenarios. Only the 50th percentile data was available. [https://services.pacificclimate.org/design-value-explorer/?dv=WP10],0.32,0.34,0.34,0.34,0.35
Guysborough,1213,Census Division,WP50,Wind Load (1 in 50-Year),kPa,The maximum 1 in 50-year wind pressure. Based on values from PCIC Design Value Explorer (CMIP5) and interpolated to match CMIP6 temperatures corresponding to the various SSP scenarios. Only the 50th percentile data was available. [https://services.pacificclimate.org/design-value-explorer/?dv=WP10],0.57,0.58,0.6,0.59,0.61
Halifax,1209,Census Division,WP50,Wind Load (1 in 50-Year),kPa,The maximum 1 in 50-year wind pressure. Based on values from PCIC Design Value Explorer (CMIP5) and interpolated to match CMIP6 temperatures corresponding to the various SSP scenarios. Only the 50th percentile data was available. [https://services.pacificclimate.org/design-value-explorer/?dv=WP10],0.51,0.53,0.54,0.54,0.57
Hants,1208,Census Division,WP50,Wind Load (1 in 50-Year),kPa,The maximum 1 in 50-year wind pressure. Based on values from PCIC Design Value Explorer (CMIP5) and interpolated to match CMIP6 temperatures corresponding to the various SSP scenarios. Only the 50th percentile data was available. [https://services.pacificclimate.org/design-value-explorer/?dv=WP10],0.48,0.51,0.53,0.52,0.54
Inverness,1215,Census Division,WP50,Wind Load (1 in 50-Year),kPa,The maximum 1 in 50-year wind pressure. Based on values from PCIC Design Value Explorer (CMIP5) and interpolated to match CMIP6 temperatures corresponding to the various SSP scenarios. Only the 50th percentile data was available. [https://services.pacificclimate.org/design-value-explorer/?dv=WP10],0.41,0.39,0.4,0.4,0.41
Kings,1207,Census Division,WP50,Wind Load (1 in 50-Year),kPa,The maximum 1 in 50-year wind pressure. Based on values from PCIC Design Value Explorer (CMIP5) and interpolated to match CMIP6 temperatures corresponding to the various SSP scenarios. Only the 50th percentile data was available. [https://services.pacificclimate.org/design-value-explorer/?dv=WP10],0.41,0.43,0.44,0.44,0.45
Lunenburg,1206,Census Division,WP50,Wind Load (1 in 50-Year),kPa,The maximum 1 in 50-year wind pressure. Based on values from PCIC Design Value Explorer (CMIP5) and interpolated to match CMIP6 temperatures corresponding to the various SSP scenarios. Only the 50th percentile data was available. [https://services.pacificclimate.org/design-value-explorer/?dv=WP10],0.4,0.43,0.44,0.44,0.45
Pictou,1212,Census Division,WP50,Wind Load (1 in 50-Year),kPa,The maximum 1 in 50-year wind pressure. Based on values from PCIC Design Value Explorer (CMIP5) and interpolated to match CMIP6 temperatures corresponding to the various SSP scenarios. Only the 50th percentile data was available. [https://services.pacificclimate.org/design-value-explorer/?dv=WP10],0.38,0.39,0.4,0.4,0.41
Queens,1204,Census Division / Consolidated Census Subdivision,WP50,Wind Load (1 in 50-Year),kPa,The maximum 1 in 50-year wind pressure. Based on values from PCIC Design Value Explorer (CMIP5) and interpolated to match CMIP6 temperatures corresponding to the various SSP scenarios. Only the 50th percentile data was available. [https://services.pacificclimate.org/design-value-explorer/?dv=WP10],0.32,0.35,0.35,0.35,0.36
Richmond,1216,Census Division / Consolidated Census Subdivision,WP50,Wind Load (1 in 50-Year),kPa,The maximum 1 in 50-year wind pressure. Based on values from PCIC Design Value Explorer (CMIP5) and interpolated to match CMIP6 temperatures corresponding to the various SSP scenarios. Only the 50th percentile data was available. [https://services.pacificclimate.org/design-value-explorer/?dv=WP10],0.53,0.55,0.56,0.55,0.57
Shelburne,1201,Census Division / Consolidated Census Subdivision,WP50,Wind Load (1 in 50-Year),kPa,The maximum 1 in 50-year wind pressure. Based on values from PCIC Design Value Explorer (CMIP5) and interpolated to match CMIP6 temperatures corresponding to the various SSP scenarios. Only the 50th percentile data was available. [https://services.pacificclimate.org/design-value-explorer/?dv=WP10],0.43,0.46,0.46,0.46,0.48
Victoria,1218,Census Division / Consolidated Census Subdivision,WP50,Wind Load (1 in 50-Year),kPa,The maximum 1 in 50-year wind pressure. Based on values from PCIC Design Value Explorer (CMIP5) and interpolated to match CMIP6 temperatures corresponding to the various SSP scenarios. Only the 50th percentile data was available. [https://services.pacificclimate.org/design-value-explorer/?dv=WP10],0.63,0.62,0.63,0.63,0.64
Yarmouth,1202,Census Division,WP50,Wind Load (1 in 50-Year),kPa,The maximum 1 in 50-year wind pressure. Based on values from PCIC Design Value Explorer (CMIP5) and interpolated to match CMIP6 temperatures corresponding to the various SSP scenarios. Only the 50th percentile data was available. [https://services.pacificclimate.org/design-value-explorer/?dv=WP10],0.35,0.37,0.37,0.37,0.38
"Annapolis, Subd. A",1205004,Consolidated Census Subdivision,WP50,Wind Load (1 in 50-Year),kPa,The maximum 1 in 50-year wind pressure. Based on values from PCIC Design Value Explorer (CMIP5) and interpolated to match CMIP6 temperatures corresponding to the various SSP scenarios. Only the 50th percentile data was available. [https://services.pacificclimate.org/design-value-explorer/?dv=WP10],0.37,0.39,0.39,0.39,0.4
"Annapolis, Subd. B",1205009,Consolidated Census Subdivision,WP50,Wind Load (1 in 50-Year),kPa,The maximum 1 in 50-year wind pressure. Based on values from PCIC Design Value Explorer (CMIP5) and interpolated to match CMIP6 temperatures corresponding to the various SSP scenarios. Only the 50th percentile data was available. [https://services.pacificclimate.org/design-value-explorer/?dv=WP10],0.39,0.42,0.42,0.42,0.42
"Annapolis, Subd. C",1205014,Consolidated Census Subdivision,WP50,Wind Load (1 in 50-Year),kPa,The maximum 1 in 50-year wind pressure. Based on values from PCIC Design Value Explorer (CMIP5) and interpolated to match CMIP6 temperatures corresponding to the various SSP scenarios. Only the 50th percentile data was available. [https://services.pacificclimate.org/design-value-explorer/?dv=WP10],0.39,0.41,0.41,0.41,0.42
"Annapolis, Subd. D",1205001,Consolidated Census Subdivision,WP50,Wind Load (1 in 50-Year),kPa,The maximum 1 in 50-year wind pressure. Based on values from PCIC Design Value Explorer (CMIP5) and interpolated to match CMIP6 temperatures corresponding to the various SSP scenarios. Only the 50th percentile data was available. [https://services.pacificclimate.org/design-value-explorer/?dv=WP10],0.37,0.39,0.39,0.39,0.4
"Antigonish, Subd. A",1214001,Consolidated Census Subdivision,WP50,Wind Load (1 in 50-Year),kPa,The maximum 1 in 50-year wind pressure. Based on values from PCIC Design Value Explorer (CMIP5) and interpolated to match CMIP6 temperatures corresponding to the various SSP scenarios. Only the 50th percentile data was available. [https://services.pacificclimate.org/design-value-explorer/?dv=WP10],0.39,0.38,0.39,0.39,0.4
"Antigonish, Subd. B",1214006,Consolidated Census Subdivision,WP50,Wind Load (1 in 50-Year),kPa,The maximum 1 in 50-year wind pressure. Based on values from PCIC Design Value Explorer (CMIP5) and interpolated to match CMIP6 temperatures corresponding to the various SSP scenarios. Only the 50th percentile data was available. [https://services.pacificclimate.org/design-value-explorer/?dv=WP10],0.45,0.44,0.46,0.45,0.47
Argyle,1202001,Consolidated Census Subdivision,WP50,Wind Load (1 in 50-Year),kPa,The maximum 1 in 50-year wind pressure. Based on values from PCIC Design Value Explorer (CMIP5) and interpolated to match CMIP6 temperatures corresponding to the various SSP scenarios. Only the 50th percentile data was available. [https://services.pacificclimate.org/design-value-explorer/?dv=WP10],0.37,0.39,0.39,0.39,0.4
Cape Breton - Outlying Areas,1217030A,Consolidated Census Subdivision,WP50,Wind Load (1 in 50-Year),kPa,The maximum 1 in 50-year wind pressure. Based on values from PCIC Design Value Explorer (CMIP5) and interpolated to match CMIP6 temperatures corresponding to the various SSP scenarios. Only the 50th percentile data was available. [https://services.pacificclimate.org/design-value-explorer/?dv=WP10],0.48,0.49,0.5,0.5,0.5
Chester,1206009,Consolidated Census Subdivision,WP50,Wind Load (1 in 50-Year),kPa,The maximum 1 in 50-year wind pressure. Based on values from PCIC Design Value Explorer (CMIP5) and interpolated to match CMIP6 temperatures corresponding to the various SSP scenarios. Only the 50th percentile data was available. [https://services.pacificclimate.org/design-value-explorer/?dv=WP10],0.43,0.47,0.48,0.47,0.49
Clare,1203001,Consolidated Census Subdivision,WP50,Wind Load (1 in 50-Year),kPa,The maximum 1 in 50-year wind pressure. Based on values from PCIC Design Value Explorer (CMIP5) and interpolated to match CMIP6 temperatures corresponding to the various SSP scenarios. Only the 50th percentile data was available. [https://services.pacificclimate.org/design-value-explorer/?dv=WP10],0.35,0.37,0.37,0.37,0.38
"Colchester, Subd. A",1210012,Consolidated Census Subdivision,WP50,Wind Load (1 in 50-Year),kPa,The maximum 1 in 50-year wind pressure. Based on values from PCIC Design Value Explorer (CMIP5) and interpolated to match CMIP6 temperatures corresponding to the various SSP scenarios. Only the 50th percentile data was available. [https://services.pacificclimate.org/design-value-explorer/?dv=WP10],0.35,0.37,0.38,0.38,0.39
"Colchester, Subd. B",1210008,Consolidated Census Subdivision,WP50,Wind Load (1 in 50-Year),kPa,The maximum 1 in 50-year wind pressure. Based on values from PCIC Design Value Explorer (CMIP5) and interpolated to match CMIP6 temperatures corresponding to the various SSP scenarios. Only the 50th percentile data was available. [https://services.pacificclimate.org/design-value-explorer/?dv=WP10],0.38,0.4,0.4,0.4,0.41
"Colchester, Subd. C",1210001,Consolidated Census Subdivision,WP50,Wind Load (1 in 50-Year),kPa,The maximum 1 in 50-year wind pressure. Based on values from PCIC Design Value Explorer (CMIP5) and interpolated to match CMIP6 temperatures corresponding to the various SSP scenarios. Only the 50th percentile data was available. [https://services.pacificclimate.org/design-value-explorer/?dv=WP10],0.44,0.47,0.48,0.47,0.49
"Cumberland, Subd. A",1211001,Consolidated Census Subdivision,WP50,Wind Load (1 in 50-Year),kPa,The maximum 1 in 50-year wind pressure. Based on values from PCIC Design Value Explorer (CMIP5) and interpolated to match CMIP6 temperatures corresponding to the various SSP scenarios. Only the 50th percentile data was available. [https://services.pacificclimate.org/design-value-explorer/?dv=WP10],0.37,0.4,0.41,0.4,0.41
"Cumberland, Subd. B",1211006,Consolidated Census Subdivision,WP50,Wind Load (1 in 50-Year),kPa,The maximum 1 in 50-year wind pressure. Based on values from PCIC Design Value Explorer (CMIP5) and interpolated to match CMIP6 temperatures corresponding to the various SSP scenarios. Only the 50th percentile data was available. [https://services.pacificclimate.org/design-value-explorer/?dv=WP10],0.37,0.39,0.4,0.4,0.4
"Cumberland, Subd. C",1211009,Consolidated Census Subdivision,WP50,Wind Load (1 in 50-Year),kPa,The maximum 1 in 50-year wind pressure. Based on values from PCIC Design Value Explorer (CMIP5) and interpolated to match CMIP6 temperatures corresponding to the various SSP scenarios. Only the 50th percentile data was available. [https://services.pacificclimate.org/design-value-explorer/?dv=WP10],0.41,0.43,0.42,0.42,0.43
"Cumberland, Subd. D",1211014,Consolidated Census Subdivision,WP50,Wind Load (1 in 50-Year),kPa,The maximum 1 in 50-year wind pressure. Based on values from PCIC Design Value Explorer (CMIP5) and interpolated to match CMIP6 temperatures corresponding to the various SSP scenarios. Only the 50th percentile data was available. [https://services.pacificclimate.org/design-value-explorer/?dv=WP10],0.38,0.4,0.4,0.4,0.4
Digby,1203004,Consolidated Census Subdivision,WP50,Wind Load (1 in 50-Year),kPa,The maximum 1 in 50-year wind pressure. Based on values from PCIC Design Value Explorer (CMIP5) and interpolated to match CMIP6 temperatures corresponding to the various SSP scenarios. Only the 50th percentile data was available. [https://services.pacificclimate.org/design-value-explorer/?dv=WP10],0.31,0.33,0.33,0.33,0.34
East Hants,1208008,Consolidated Census Subdivision,WP50,Wind Load (1 in 50-Year),kPa,The maximum 1 in 50-year wind pressure. Based on values from PCIC Design Value Explorer (CMIP5) and interpolated to match CMIP6 temperatures corresponding to the various SSP scenarios. Only the 50th percentile data was available. [https://services.pacificclimate.org/design-value-explorer/?dv=WP10],0.48,0.52,0.53,0.53,0.55
Guysborough,1213004,Consolidated Census Subdivision,WP50,Wind Load (1 in 50-Year),kPa,The maximum 1 in 50-year wind pressure. Based on values from PCIC Design Value Explorer (CMIP5) and interpolated to match CMIP6 temperatures corresponding to the various SSP scenarios. Only the 50th percentile data was available. [https://services.pacificclimate.org/design-value-explorer/?dv=WP10],0.55,0.56,0.58,0.57,0.59
Halifax - Central,1209034B,Consolidated Census Subdivision,WP50,Wind Load (1 in 50-Year),kPa,The maximum 1 in 50-year wind pressure. Based on values from PCIC Design Value Explorer (CMIP5) and interpolated to match CMIP6 temperatures corresponding to the various SSP scenarios. Only the 50th percentile data was available. [https://services.pacificclimate.org/design-value-explorer/?dv=WP10],0.54,0.56,0.58,0.57,0.6
Halifax - East,1209034A,Consolidated Census Subdivision,WP50,Wind Load (1 in 50-Year),kPa,The maximum 1 in 50-year wind pressure. Based on values from PCIC Design Value Explorer (CMIP5) and interpolated to match CMIP6 temperatures corresponding to the various SSP scenarios. Only the 50th percentile data was available. [https://services.pacificclimate.org/design-value-explorer/?dv=WP10],0.55,0.56,0.58,0.58,0.6
Halifax - West,1209034C,Consolidated Census Subdivision,WP50,Wind Load (1 in 50-Year),kPa,The maximum 1 in 50-year wind pressure. Based on values from PCIC Design Value Explorer (CMIP5) and interpolated to match CMIP6 temperatures corresponding to the various SSP scenarios. Only the 50th percentile data was available. [https://services.pacificclimate.org/design-value-explorer/?dv=WP10],0.54,0.57,0.58,0.58,0.61
"Inverness, Subd. A",1215011,Consolidated Census Subdivision,WP50,Wind Load (1 in 50-Year),kPa,The maximum 1 in 50-year wind pressure. Based on values from PCIC Design Value Explorer (CMIP5) and interpolated to match CMIP6 temperatures corresponding to the various SSP scenarios. Only the 50th percentile data was available. [https://services.pacificclimate.org/design-value-explorer/?dv=WP10],0.73,0.72,0.74,0.73,0.74
"Inverness, Subd. B",1215006,Consolidated Census Subdivision,WP50,Wind Load (1 in 50-Year),kPa,The maximum 1 in 50-year wind pressure. Based on values from PCIC Design Value Explorer (CMIP5) and interpolated to match CMIP6 temperatures corresponding to the various SSP scenarios. Only the 50th percentile data was available. [https://services.pacificclimate.org/design-value-explorer/?dv=WP10],0.36,0.35,0.36,0.36,0.37
"Inverness, Subd. C",1215001,Consolidated Census Subdivision,WP50,Wind Load (1 in 50-Year),kPa,The maximum 1 in 50-year wind pressure. Based on values from PCIC Design Value Explorer (CMIP5) and interpolated to match CMIP6 temperatures corresponding to the various SSP scenarios. Only the 50th percentile data was available. [https://services.pacificclimate.org/design-value-explorer/?dv=WP10],0.39,0.38,0.39,0.39,0.4
"Kings, Subd. A",1207001,Consolidated Census Subdivision,WP50,Wind Load (1 in 50-Year),kPa,The maximum 1 in 50-year wind pressure. Based on values from PCIC Design Value Explorer (CMIP5) and interpolated to match CMIP6 temperatures corresponding to the various SSP scenarios. Only the 50th percentile data was available. [https://services.pacificclimate.org/design-value-explorer/?dv=WP10],0.4,0.43,0.43,0.43,0.44
"Kings, Subd. B",1207016,Consolidated Census Subdivision,WP50,Wind Load (1 in 50-Year),kPa,The maximum 1 in 50-year wind pressure. Based on values from PCIC Design Value Explorer (CMIP5) and interpolated to match CMIP6 temperatures corresponding to the various SSP scenarios. Only the 50th percentile data was available. [https://services.pacificclimate.org/design-value-explorer/?dv=WP10],0.39,0.42,0.43,0.43,0.44
"Kings, Subd. C",1207011,Consolidated Census Subdivision,WP50,Wind Load (1 in 50-Year),kPa,The maximum 1 in 50-year wind pressure. Based on values from PCIC Design Value Explorer (CMIP5) and interpolated to match CMIP6 temperatures corresponding to the various SSP scenarios. Only the 50th percentile data was available. [https://services.pacificclimate.org/design-value-explorer/?dv=WP10],0.4,0.43,0.44,0.44,0.45
"Kings, Subd. D",1207021,Consolidated Census Subdivision,WP50,Wind Load (1 in 50-Year),kPa,The maximum 1 in 50-year wind pressure. Based on values from PCIC Design Value Explorer (CMIP5) and interpolated to match CMIP6 temperatures corresponding to the various SSP scenarios. Only the 50th percentile data was available. [https://services.pacificclimate.org/design-value-explorer/?dv=WP10],0.4,0.43,0.44,0.44,0.45
Lunenburg,1206001,Consolidated Census Subdivision,WP50,Wind Load (1 in 50-Year),kPa,The maximum 1 in 50-year wind pressure. Based on values from PCIC Design Value Explorer (CMIP5) and interpolated to match CMIP6 temperatures corresponding to the various SSP scenarios. Only the 50th percentile data was available. [https://services.pacificclimate.org/design-value-explorer/?dv=WP10],0.39,0.43,0.43,0.43,0.44
"Pictou, Subd. A",1212001,Consolidated Census Subdivision,WP50,Wind Load (1 in 50-Year),kPa,The maximum 1 in 50-year wind pressure. Based on values from PCIC Design Value Explorer (CMIP5) and interpolated to match CMIP6 temperatures corresponding to the various SSP scenarios. Only the 50th percentile data was available. [https://services.pacificclimate.org/design-value-explorer/?dv=WP10],0.37,0.38,0.38,0.38,0.39
"Pictou, Subd. B",1212006,Consolidated Census Subdivision,WP50,Wind Load (1 in 50-Year),kPa,The maximum 1 in 50-year wind pressure. Based on values from PCIC Design Value Explorer (CMIP5) and interpolated to match CMIP6 temperatures corresponding to the various SSP scenarios. Only the 50th percentile data was available. [https://services.pacificclimate.org/design-value-explorer/?dv=WP10],0.4,0.42,0.43,0.42,0.44
"Pictou, Subd. C",1212011,Consolidated Census Subdivision,WP50,Wind Load (1 in 50-Year),kPa,The maximum 1 in 50-year wind pressure. Based on values from PCIC Design Value Explorer (CMIP5) and interpolated to match CMIP6 temperatures corresponding to the various SSP scenarios. Only the 50th percentile data was available. [https://services.pacificclimate.org/design-value-explorer/?dv=WP10],0.4,0.4,0.41,0.41,0.42
St. Mary's,1213001,Consolidated Census Subdivision,WP50,Wind Load (1 in 50-Year),kPa,The maximum 1 in 50-year wind pressure. Based on values from PCIC Design Value Explorer (CMIP5) and interpolated to match CMIP6 temperatures corresponding to the various SSP scenarios. Only the 50th percentile data was available. [https://services.pacificclimate.org/design-value-explorer/?dv=WP10],0.59,0.61,0.62,0.62,0.64
Sydney and Surrounds,1217030B,Consolidated Census Subdivision,WP50,Wind Load (1 in 50-Year),kPa,The maximum 1 in 50-year wind pressure. Based on values from PCIC Design Value Explorer (CMIP5) and interpolated to match CMIP6 temperatures corresponding to the various SSP scenarios. Only the 50th percentile data was available. [https://services.pacificclimate.org/design-value-explorer/?dv=WP10],0.49,0.5,0.51,0.51,0.52
West Hants,1208003,Consolidated Census Subdivision,WP50,Wind Load (1 in 50-Year),kPa,The maximum 1 in 50-year wind pressure. Based on values from PCIC Design Value Explorer (CMIP5) and interpolated to match CMIP6 temperatures corresponding to the various SSP scenarios. Only the 50th percentile data was available. [https://services.pacificclimate.org/design-value-explorer/?dv=WP10],0.48,0.51,0.52,0.52,0.54
Yarmouth,1202004,Consolidated Census Subdivision,WP50,Wind Load (1 in 50-Year),kPa,The maximum 1 in 50-year wind pressure. Based on values from PCIC Design Value Explorer (CMIP5) and interpolated to match CMIP6 temperatures corresponding to the various SSP scenarios. Only the 50th percentile data was available. [https://services.pacificclimate.org/design-value-explorer/?dv=WP10],0.35,0.37,0.38,0.38,0.39
